Sharpe,Win Rate (%),P&L (₹),Max DD (%),Trades,ema_short,ema_long,atr_period,tp_mult,sl_mult,max_trades,start_time,end_time,sim_delta,sim_prem_pct,RSI,OB,OS,ADX,ADX_Th,1H,30M,TSL,TSL_Mult,MaxDur,CandleSz,SkipExp
-0.012765865565310923,25.0,-437.52477243632165,34.1456267852821,24,6,18,22,3.55,0.55,9,10:38,14:45,0.56,0.0111,12,68,28,13,28,False,True,False,1.8,21,False,True
-0.2315899792778289,30.0,-1839.412627151134,14.547098399180083,10,5,32,21,4.56,1.31,3,09:41,14:31,0.43,0.0083,26,67,31,16,29,False,True,True,2.7,16,True,True
-0.2752662999157647,50.0,-2044.795099380961,30.443518462000885,6,10,33,10,2.28,1.26,3,10:31,13:45,0.57,0.0128,13,79,21,16,26,True,False,True,1.1,55,True,False
0.9258395994150093,66.66666666666666,2767.7125000000015,9.996398509766722,3,8,34,28,4.57,1.29,6,10:24,13:57,0.47,0.0054,22,76,34,19,21,True,False,False,2.9,56,False,True
0,0.0,-388.85000000008586,3.16073474332869,1,15,16,11,3.78,1.86,10,10:31,14:05,0.55,0.0124,24,78,20,18,30,False,False,True,2.6,28,True,True
0.10189308195430613,45.28301886792453,7415.380180635213,23.129714669158016,53,9,32,28,2.11,1.18,1,09:38,13:46,0.42,0.0133,28,78,32,16,18,True,True,True,1.1,31,True,True
0.15212431142602145,47.57281553398058,26418.98582767693,62.45143750503269,103,15,25,14,4.58,1.06,5,10:02,13:41,0.42,0.0083,18,65,29,17,18,False,False,False,2.8,48,False,False
0.26179437331906436,50.0,8735.96734883466,33.13088801805858,14,9,31,16,2.85,1.3,10,09:52,14:19,0.62,0.0132,20,75,29,11,22,False,True,False,2.6,36,True,False
0.1634359759050452,59.45945945945946,14060.706593063529,47.258306873052256,37,13,19,30,2.83,1.82,9,10:18,14:26,0.56,0.011,18,70,23,18,20,True,False,False,2.7,53,True,False
0.0947133263679753,25.0,748.9121015050841,14.261228243071988,4,12,33,22,4.0,0.76,5,09:51,13:26,0.47,0.0094,11,66,34,17,24,True,False,True,1.9,54,False,True
-2.84532378519811,0.0,-2489.9341258431778,12.44967062921589,5,14,17,30,3.38,0.53,3,11:00,14:04,0.51,0.0136,23,68,22,20,27,False,False,True,2.7,78,True,False
0,0.0,-495.0402530276406,2.4752012651382027,1,13,25,15,3.32,0.55,5,10:50,13:38,0.49,0.0077,25,74,25,17,25,True,True,True,2.7,102,True,True
0.05741410649258428,44.52554744525548,11273.70206371893,64.83151563658282,137,15,17,19,2.8,1.97,6,09:46,15:03,0.4,0.0147,15,79,35,11,22,True,False,True,1.5,49,False,False
-0.47162806410153774,37.5,-2799.0792882427013,23.785261784009975,8,5,33,15,4.89,1.91,4,10:11,13:18,0.44,0.0112,11,80,23,18,29,False,False,True,1.5,58,True,False
-0.11551114439462722,30.0,-2374.890116852901,38.20590409941469,10,8,23,10,4.79,0.97,6,10:40,13:24,0.68,0.0061,10,65,26,10,26,False,False,False,2.5,69,False,True
0.12168434979982767,48.9010989010989,70629.04154445157,128.46310622416323,182,8,18,27,3.23,1.56,3,09:36,15:06,0.69,0.0075,23,78,25,11,19,False,True,False,1.9,112,False,True
1.5451380966765265,100.0,7906.903055683979,8.873607328231147,4,10,36,10,1.51,0.7,8,10:55,13:18,0.54,0.0134,25,73,22,18,21,False,True,False,1.5,86,True,False
1.0612858680088464,100.0,3124.0299999998933,3.715864744420335,2,5,34,15,3.74,1.81,4,10:40,13:22,0.52,0.0078,26,76,25,18,20,True,False,True,1.6,18,True,True
0.2661827998148027,50.0,1570.4719247833455,9.410690376083167,4,12,36,14,4.81,0.55,8,10:43,14:31,0.41,0.0117,17,73,21,11,29,True,False,True,1.4,62,True,True
0.021373430926256685,56.666666666666664,2051.1545103856697,57.45190460735357,60,8,19,17,4.87,1.41,8,10:24,14:14,0.6,0.0066,23,71,23,17,23,True,True,False,1.7,46,False,False
0.005329417796875956,46.42857142857143,2494.2167192774177,55.59434354601264,56,12,26,20,2.58,1.66,4,10:51,15:07,0.42,0.0137,29,68,23,11,25,True,True,False,2.1,79,False,False
0.2164988118536608,45.76271186440678,29634.479136456568,19.850978144143912,59,9,31,23,3.83,1.03,1,09:33,15:03,0.6,0.0064,27,79,26,14,20,True,False,True,1.4,41,True,False
0.01401325097636706,31.48148148148148,4438.68941536903,92.50656716388868,54,13,26,18,3.5,0.87,4,09:23,13:14,0.62,0.0086,25,74,23,19,18,False,True,False,3.0,109,False,True
0.2096325819091036,50.0,11289.855426573497,29.583201885963945,16,14,28,19,4.54,1.65,1,09:32,13:49,0.62,0.0077,13,72,21,11,18,False,True,True,1.9,38,True,True
-0.2825867896377084,28.57142857142857,-2571.4077914981244,26.109462633077552,7,10,20,19,2.87,0.83,3,10:03,13:21,0.58,0.0112,23,73,22,19,28,False,True,True,1.4,105,True,True
-0.17017736673929834,20.0,-2703.71598112179,42.63039263300532,10,11,32,22,2.8,1.02,8,10:06,14:43,0.48,0.0129,26,72,29,17,27,True,True,True,2.5,45,True,False
0.09802471364080993,45.714285714285715,14461.147379974595,50.83927280631203,70,5,16,24,3.52,1.21,9,10:12,14:58,0.53,0.0056,15,79,21,10,26,False,True,True,2.3,76,False,False
0.04191746908084144,41.66666666666667,7854.7299942882055,53.94983590868277,72,8,28,13,4.16,1.99,7,09:44,13:11,0.49,0.0095,21,76,24,11,22,False,True,True,1.9,36,True,False
0.35486940735113714,50.0,3447.450833879142,8.528502035817818,6,13,39,13,1.64,1.57,1,10:50,13:50,0.42,0.0087,15,75,31,10,29,False,True,False,2.7,81,False,True
-0.13625100364403883,47.82608695652174,-7134.53477426153,55.196546789416935,23,9,22,22,4.75,1.81,5,10:29,14:41,0.63,0.0125,28,74,32,16,24,True,False,False,2.8,104,True,False
0.13110566810233754,39.361702127659576,15085.245833765322,27.02075262125444,94,15,22,10,1.67,0.6,6,10:18,13:12,0.41,0.0095,18,74,20,10,19,True,False,False,1.9,65,False,False
-0.3069527159829658,28.57142857142857,-10313.7359970331,67.30075036798179,28,10,21,24,2.3,0.95,2,10:10,14:07,0.47,0.0125,23,71,34,13,27,False,True,False,1.6,91,False,False
-0.12688899942828244,26.08695652173913,-3063.7484620305513,48.91648886042127,23,5,36,26,3.94,0.93,4,09:56,13:43,0.47,0.0102,13,70,27,20,27,False,False,True,2.0,100,True,False
0.2914782057411042,53.84615384615385,47900.88230257279,19.225630037264654,78,13,18,18,2.97,1.06,9,09:20,15:12,0.63,0.0058,18,80,33,17,18,False,False,True,1.8,29,True,False
0.1433096860122004,50.0,5066.370115993217,32.76231302691109,16,13,38,25,2.85,0.95,4,10:40,14:08,0.59,0.011,16,72,28,10,28,False,False,True,1.0,44,False,True
-2.785447646362841,0.0,-3713.3452199514413,21.53821134427974,2,9,31,30,4.97,1.26,8,10:31,13:24,0.67,0.0075,19,80,25,16,30,False,False,True,1.8,63,True,False
-0.23725578627803434,50.0,-750.4499252248461,10.241141876982667,2,15,22,18,2.15,1.74,9,09:19,14:25,0.45,0.0137,11,66,31,19,27,False,False,False,2.7,46,True,False
0.1097056826536717,44.303797468354425,23534.931089211932,46.285938538217316,79,13,19,17,4.52,1.34,7,10:29,15:07,0.61,0.0101,23,70,30,15,22,False,True,True,2.9,112,False,False
-0.1943805427876346,23.076923076923077,-2760.9097419199243,26.63253312556288,13,7,29,20,2.68,0.54,3,10:13,14:26,0.64,0.015,13,73,28,17,26,True,True,True,1.9,15,True,True
0.3086665965454186,59.375,36173.19108599908,42.85993655210759,32,14,29,16,4.94,1.6,6,10:15,14:15,0.67,0.0064,24,74,23,10,22,True,False,False,1.5,72,False,True
-0.04263751306006551,44.44444444444444,-16676.91637137488,109.55069293057689,144,15,31,14,1.76,1.79,7,09:43,13:40,0.61,0.008,26,80,20,10,19,True,True,False,2.4,102,False,False
2.825924693980986,100.0,7414.889999999894,10.692150000000256,3,12,37,15,4.0,1.47,1,10:42,13:09,0.51,0.0065,15,77,31,14,19,False,True,False,2.8,58,True,True
0.008789039978670338,37.16814159292036,4793.038270658966,77.65401986448919,113,8,39,28,3.88,1.24,6,09:53,15:08,0.47,0.0067,16,76,28,11,24,True,True,False,1.6,118,True,False
0,100.0,3931.620000000097,6.5835000000000035,1,7,16,10,4.18,1.03,4,10:16,14:17,0.66,0.0144,18,66,22,16,29,True,True,True,2.8,57,True,True
-0.0028087089045479405,40.42553191489361,1169.8699158545714,58.38878296724703,47,11,16,13,3.76,1.6,6,09:29,14:16,0.51,0.0138,21,80,20,16,19,True,True,False,2.7,120,True,True
0,0.0,-688.0612778877912,3.440306389438956,1,5,34,20,2.36,0.82,4,09:21,13:12,0.46,0.0096,20,78,31,17,29,True,True,True,1.1,48,True,True
-0.07737207113849863,27.77777777777778,-2014.2817713916775,41.50112287761083,18,8,33,26,3.84,0.85,6,09:19,14:13,0.59,0.0137,12,68,31,12,29,True,False,True,1.6,72,False,True
-0.104158935847317,60.0,-866.3443392897316,28.78865578125845,5,13,34,22,2.12,1.53,5,10:30,15:01,0.48,0.0063,30,70,21,15,27,True,True,False,2.2,120,False,False
0.029537858712778132,46.15384615384615,1618.6994434524968,26.904673208112722,26,9,19,27,3.14,0.91,2,10:57,14:33,0.54,0.0124,24,78,32,10,26,False,True,False,2.1,28,False,True
-0.03538449153166049,44.03669724770643,-5472.906706668953,83.8799142108347,109,15,39,15,2.22,1.59,9,09:32,15:01,0.52,0.0142,16,74,26,11,24,False,False,False,1.3,24,False,False
0,0,0,0.0,0,14,33,14,4.74,1.67,4,09:37,13:17,0.42,0.0113,18,77,22,20,28,False,False,False,2.6,23,True,True
0.05208918302824575,41.37931034482759,2347.813784008329,32.554596883004436,29,7,40,22,3.48,1.01,8,09:37,14:30,0.47,0.0119,14,72,23,19,21,False,False,False,2.6,82,True,True
0.04050713846211694,54.48275862068965,10377.465393531664,73.56367451600448,145,8,20,10,4.4,1.72,7,09:38,14:45,0.41,0.0083,30,75,29,19,18,True,False,False,2.8,48,True,False
-0.16959411577026093,44.44444444444444,-8654.356652397357,80.8781600166558,45,5,31,15,3.43,1.29,8,10:49,14:12,0.56,0.0113,18,68,20,13,26,False,True,True,2.3,29,False,False
-0.04244463174361074,40.845070422535215,-3515.3144893592253,151.1578070700565,71,8,38,11,2.9,1.26,3,09:17,14:26,0.53,0.0141,13,77,26,16,23,False,True,True,2.6,102,False,False
0.5537705710880273,66.66666666666666,3906.70761600685,11.728075027874597,6,11,39,26,3.17,1.53,5,10:16,14:10,0.41,0.0097,26,70,31,12,30,True,True,True,1.1,46,True,True
0.14896908691038646,46.666666666666664,4065.5774694604916,18.614254265077747,15,10,40,14,4.52,0.97,5,10:50,14:02,0.54,0.0077,20,72,20,19,21,False,False,False,1.3,47,True,False
-0.6271903609320836,40.0,-3614.6669347960924,29.771384673980066,5,13,22,11,2.89,1.43,8,10:47,15:09,0.52,0.0106,12,71,25,18,26,False,False,False,2.3,76,False,True
0.3185962444278082,52.63157894736842,12151.049111840111,12.464552329971417,19,15,17,28,4.07,1.25,10,09:52,14:25,0.51,0.0051,27,68,33,11,18,True,False,False,2.3,41,False,False
0.2905507219330376,40.0,1921.0147029896325,13.308433765962313,5,15,19,11,3.23,0.96,7,10:17,14:58,0.44,0.0087,15,74,29,19,30,True,False,True,1.2,56,True,False
0.7708292988249363,80.0,14820.779314470099,10.669494830168702,10,11,27,28,1.79,1.65,9,09:59,13:04,0.53,0.0089,22,69,32,10,25,True,False,False,2.2,59,True,False
0.2880085574378078,45.45454545454545,6584.188514997106,19.33464761618397,11,9,31,28,3.82,1.86,9,10:33,15:05,0.51,0.0083,21,75,26,17,28,False,True,True,1.2,104,False,False
-0.017390796179101047,27.77777777777778,377.02015350542206,40.735950040238286,18,13,40,14,4.55,0.67,9,09:34,13:33,0.68,0.0126,15,68,33,17,24,True,False,False,1.6,71,False,False
0,0,0,0,0,10,20,29,3.29,1.86,5,09:17,14:09,0.47,0.0136,26,78,22,11,19,False,True,False,2.3,47,False,False
0,0,0,0,0,8,14,17,4.81,1.6,2,09:19,14:31,0.55,0.0083,22,78,28,10,18,True,True,True,1.2,76,False,False
0,0,0,0,0,9,14,23,3.12,1.49,3,09:22,13:54,0.66,0.0126,26,76,28,20,29,True,True,True,2.7,74,True,False
-0.09436520809105077,42.168674698795186,-16744.991257140602,151.42978837667863,83,7,30,17,2.71,1.97,5,10:11,13:59,0.61,0.0123,23,73,21,16,21,False,False,False,1.4,61,False,False
0.20964138584824846,53.03030303030303,26544.933676704983,34.35599437547059,66,8,18,14,3.0,0.72,5,10:36,13:07,0.65,0.0089,27,70,31,12,19,False,True,True,1.5,26,False,True
0.030982513163155638,51.041666666666664,9594.099671649765,56.98055683304653,96,10,18,24,3.33,1.95,9,10:33,15:11,0.59,0.007,19,70,32,12,22,True,False,False,2.8,54,False,False
-0.18379973663377328,30.434782608695656,-7245.641719326864,64.15446185833706,23,10,16,11,1.54,1.8,9,10:15,14:33,0.65,0.011,19,80,29,10,28,False,True,True,1.4,45,False,True
-0.08541141171405386,32.57142857142858,-16813.794228835588,136.55316764098237,175,6,30,27,2.95,1.24,4,10:53,14:34,0.46,0.0106,27,68,35,10,18,False,True,True,2.8,79,True,False
0.0053071947178321465,47.5,825.4459842943834,39.984879855550766,40,15,30,17,1.67,1.62,2,10:26,15:09,0.46,0.01,26,68,27,11,22,False,True,False,1.7,113,True,True
-0.23283020546525093,27.500000000000004,-16427.457060745182,97.8192854191809,40,7,23,10,4.03,0.94,7,10:25,14:05,0.7,0.0071,21,74,34,17,22,True,True,False,2.2,95,False,True
0.05275688115757405,30.666666666666664,29545.685272637624,98.84868386625102,225,6,23,14,4.94,0.71,5,10:50,14:57,0.65,0.0074,12,75,31,17,18,False,True,False,2.3,97,False,False
0.10525593645387737,40.38461538461539,5910.568134255111,26.873761906187777,52,14,22,30,1.8,0.64,3,10:55,15:07,0.4,0.0076,24,79,33,19,21,False,False,True,2.4,75,False,False
0.08471887007597641,51.85185185185185,2447.660562246383,15.396353956841114,27,11,19,12,1.68,1.03,7,09:24,13:10,0.4,0.0054,25,71,28,14,19,True,True,False,2.1,32,True,False
0.06719601760804295,63.63636363636363,1546.8144632597578,26.375169707374685,11,13,23,21,4.17,1.75,7,10:05,14:35,0.63,0.0149,28,74,20,17,30,False,True,True,2.2,61,True,False
0.2923762293097473,41.05263157894737,80082.145066401,48.05407285594045,95,9,36,22,3.65,0.82,8,09:20,13:45,0.6,0.0116,26,67,20,11,22,False,True,False,2.2,108,True,False
-0.08674283285644598,42.30769230769231,-2327.425770783997,35.4847392313889,26,12,32,19,1.51,1.29,9,09:55,13:25,0.42,0.0095,18,67,23,10,26,True,True,False,2.5,87,True,True
-0.03513269965059046,44.44444444444444,-427.8240608096785,23.390595752675747,9,13,35,19,3.64,1.18,2,10:22,14:49,0.44,0.0122,13,74,22,17,25,False,False,True,2.4,42,False,False
0.13119064452615703,41.98473282442748,30221.888344770996,40.95749096917024,131,5,17,27,3.32,0.8,8,09:39,13:24,0.64,0.0106,14,75,29,18,26,True,True,False,1.5,76,False,False
-0.07157526913986492,41.02564102564102,-4310.86080817921,35.21064231534624,39,6,35,19,3.36,1.78,5,10:13,13:48,0.45,0.0101,30,66,33,18,24,True,True,True,1.5,40,False,False
0.2951705987178888,40.0,5696.6650116867095,23.045222422056586,10,5,31,15,2.78,0.58,8,09:26,13:53,0.64,0.0109,25,67,30,13,21,True,False,True,1.6,49,True,False
0.43489173400565634,66.66666666666666,7339.037606348098,13.54643853689503,9,15,18,28,1.83,1.79,5,09:47,14:23,0.41,0.0082,11,80,23,14,24,True,False,False,2.2,107,True,False
0.20839358895904683,50.0,7781.965138835712,18.716016141229233,14,7,26,12,4.33,1.47,4,09:53,14:11,0.49,0.0061,26,72,29,13,21,False,False,True,1.1,17,True,True
-0.3796632202746766,53.333333333333336,-9504.748425730979,65.6493909727039,15,8,31,12,4.95,1.68,1,09:36,13:25,0.6,0.0101,22,74,26,19,25,True,True,True,2.6,31,True,False
-0.5566514764051712,33.33333333333333,-2342.590851983299,29.812647444056743,6,9,27,23,4.4,1.37,10,09:42,13:34,0.5,0.0128,13,76,29,20,29,False,True,False,1.5,103,True,True
0.1330397939281657,41.17647058823529,6026.719389793252,23.582862172442546,17,5,34,28,3.39,1.27,10,10:42,13:13,0.47,0.0064,26,71,24,10,29,True,False,False,2.3,69,False,False
-0.006537141755461981,46.666666666666664,648.3555238063273,108.20134702277767,75,15,38,21,3.6,1.7,5,10:05,14:35,0.67,0.0118,15,74,28,11,24,False,False,False,1.4,90,False,False
0,0,0,0.0,0,12,30,29,2.82,0.67,6,10:19,14:39,0.49,0.0071,15,65,26,15,28,False,True,False,2.0,76,True,True
0.3020594603425594,51.162790697674424,23241.784301497406,17.97384612224027,43,7,16,25,2.9,1.07,1,09:33,14:09,0.61,0.0101,26,74,20,13,23,True,True,True,1.3,72,True,True
0.17082050173938154,50.0,1931.6035029749073,11.263685590036882,8,10,27,10,3.16,1.27,2,09:26,14:38,0.49,0.0051,15,78,24,15,21,True,False,False,2.8,92,False,False
-2.1135092535893505,0.0,-4423.51450651993,23.815831915455885,2,7,36,11,3.16,1.72,10,10:14,14:51,0.66,0.0071,11,80,24,20,29,True,False,False,1.0,107,True,False
-0.04808756023657495,50.0,-844.7496898131321,35.17708600523054,24,15,21,20,4.38,1.06,2,10:02,13:25,0.53,0.0105,10,74,27,17,24,True,True,False,1.3,19,False,False
0.07820754135708491,41.07142857142857,12403.526767691259,71.94809051238823,56,5,26,23,4.67,1.06,7,09:47,13:54,0.61,0.0148,19,66,29,10,25,True,False,False,1.2,97,False,True
-14.274969695715827,0.0,-1792.758270996328,8.96379135498164,2,6,24,28,4.15,1.08,7,09:21,13:19,0.45,0.0054,27,71,22,18,27,False,False,False,2.4,44,True,True
0.077752882349617,38.18181818181819,9226.122146167327,32.37205002317504,55,13,38,15,4.15,0.69,6,10:55,13:39,0.7,0.0095,17,72,31,12,18,False,True,True,1.5,47,True,False
0.23124237743065984,60.0,18602.034807165524,51.73753972617483,25,15,23,16,1.78,1.94,4,09:18,13:17,0.67,0.012,16,68,32,12,23,True,False,False,2.2,85,True,False
-0.2610655073321201,31.57894736842105,-5947.345172191213,48.224640722820425,19,8,14,21,1.72,1.52,2,10:43,13:46,0.67,0.0105,30,65,20,17,30,False,True,True,1.1,23,False,True
0.1803834988204695,43.604651162790695,34236.825893212255,16.273624736726557,172,8,14,11,2.86,0.69,7,10:42,15:03,0.45,0.0087,28,77,34,18,19,False,False,False,1.8,26,True,False
0.4598506222215982,72.72727272727273,18853.006948756127,16.531599734293323,22,9,15,12,2.71,1.95,9,10:02,14:25,0.48,0.0129,10,74,27,11,25,True,True,False,1.1,60,True,False
0.07245666821658131,60.0,3060.2923495832692,39.1321363355351,15,9,15,27,4.18,1.89,1,10:37,13:03,0.59,0.0109,29,75,20,18,28,True,True,True,2.3,68,True,False
-0.06108452691122982,25.0,-1922.6601313134597,35.05865032828783,40,9,21,24,1.85,0.59,9,10:08,13:26,0.45,0.0084,24,75,31,11,24,False,True,False,1.5,68,False,True
-0.08458941914208157,38.88888888888889,-3730.1341626316225,36.23211967933874,18,8,20,19,2.08,0.99,2,09:41,13:02,0.68,0.0063,25,80,27,17,24,True,True,True,1.8,84,True,False
0.14695834890953177,43.47826086956522,4079.1317184569634,23.21830162923442,23,9,15,28,4.49,1.64,10,09:49,13:22,0.4,0.0071,17,72,27,16,27,True,True,True,1.8,16,True,True
0.5553910604285411,66.66666666666666,14833.208718810762,15.750354677804964,12,8,14,17,2.99,1.67,8,09:49,15:00,0.66,0.0141,29,76,26,10,27,False,False,True,2.5,41,True,True
-0.3007960572220742,22.22222222222222,-4746.676511254114,36.10138499124788,9,10,20,23,2.55,1.96,3,10:08,13:16,0.56,0.0142,28,75,28,15,26,True,True,False,1.1,27,True,True
-0.03533686782383613,44.5945945945946,-3084.6065738112193,100.62791996887277,74,9,21,30,3.28,1.34,8,10:04,13:59,0.68,0.0121,12,76,20,14,20,True,True,False,2.5,53,False,True
0.05076875708446948,42.857142857142854,32.653437231962016,18.33126411009505,7,9,15,24,1.7,0.84,4,09:18,13:09,0.5,0.0078,22,68,21,19,29,True,True,True,1.6,94,True,False
0.25551410392447493,56.074766355140184,49925.81411738267,24.815098351291507,107,5,8,25,4.74,1.51,9,09:46,14:44,0.48,0.009,19,80,31,11,26,False,True,True,1.7,75,True,True
-0.1191368614760483,30.303030303030305,-6670.641894732969,49.68468814167053,33,9,15,26,3.07,0.89,10,10:50,13:19,0.67,0.0093,16,71,35,15,22,False,True,True,2.3,117,False,True
0.06987144429414517,35.8974358974359,7654.006054616555,27.892902042096168,78,8,14,18,1.92,0.55,2,10:15,13:08,0.59,0.0087,27,76,30,10,21,False,False,False,1.9,38,True,False
0.341837925020711,56.25,9043.178110831432,24.51485895635825,16,8,14,15,4.04,1.92,5,10:39,13:46,0.5,0.0135,10,66,24,19,26,False,False,True,1.6,53,True,True
0.25324796425699,43.75,9628.142464389202,11.081896270519763,32,8,14,28,2.72,0.64,2,10:42,13:05,0.48,0.0094,18,80,22,18,18,False,False,False,1.2,28,True,True
0.07008474013568974,48.888888888888886,4788.659386179475,37.599321265632504,45,8,14,25,4.24,1.77,5,10:34,14:53,0.6,0.0113,19,72,28,15,25,True,True,False,2.2,35,False,True
0.12622600612494078,51.06382978723404,16210.939328146967,33.49354648604432,141,5,8,30,3.93,0.6,8,10:12,13:13,0.46,0.0112,13,68,20,17,25,True,False,False,2.4,15,False,True
-0.1622506079099549,22.22222222222222,-1350.2707748028915,26.67740383837396,9,9,15,28,4.81,0.51,5,10:12,13:40,0.46,0.0119,28,69,24,16,26,False,True,False,3.0,111,True,True
0.13669634460183938,41.269841269841265,14434.24740653787,23.914396049777952,63,9,14,30,3.34,1.4,8,10:26,13:42,0.51,0.0065,29,73,22,19,18,True,True,True,1.3,72,True,True
-0.38662124928382297,33.33333333333333,-9834.520689456866,56.273955978774204,21,10,20,26,2.31,1.53,2,10:19,13:29,0.52,0.007,22,80,27,18,23,True,True,True,2.0,89,False,True
-0.14505446220872018,28.57142857142857,-9089.609464518533,86.24646122291246,70,10,20,10,1.63,0.56,7,10:00,14:16,0.52,0.0082,19,66,23,11,25,True,False,False,1.7,24,False,False
0.029386520566022593,46.666666666666664,3072.5169080710184,55.79103660761081,75,8,14,18,3.37,1.47,1,09:28,14:16,0.49,0.0117,18,78,22,12,29,False,False,True,1.5,64,False,False
0.16294391122141594,50.0,11671.623159093448,26.50711726362001,40,9,14,29,1.8,0.83,2,10:34,14:17,0.67,0.0143,29,72,25,20,29,True,False,False,1.5,78,True,False
0.08715701700699548,30.0,3818.13060357637,32.37772791987214,20,10,20,30,4.91,0.99,6,09:27,13:14,0.61,0.0067,15,80,31,15,27,True,False,False,2.8,32,False,False
-0.095960715007798,29.78723404255319,-5946.779623809425,85.43936815862583,47,9,14,25,3.33,1.01,7,09:51,13:24,0.48,0.0104,14,73,20,20,24,True,True,False,2.2,110,True,True
0.11180201724018148,35.3448275862069,16802.97584265688,33.096311997060056,116,10,20,13,1.98,0.64,10,09:52,15:00,0.48,0.0067,12,77,29,11,20,True,True,False,2.1,32,False,True
-1.1039119921312304,12.5,-5596.128017113837,29.182518964955534,8,5,8,26,3.45,0.81,4,10:55,14:23,0.52,0.0054,28,75,29,20,22,True,False,True,1.4,90,True,False
0.16854555215359152,41.81818181818181,13641.821918868765,25.024954248498833,55,8,14,24,2.54,0.61,5,10:46,14:20,0.66,0.0114,24,71,22,20,23,True,False,False,1.4,89,False,True
0.188665817087338,51.42857142857142,14271.53233061111,39.5962388957715,35,5,8,23,4.43,1.69,1,09:59,13:03,0.51,0.0053,30,74,30,19,18,True,True,True,2.3,95,False,True
-0.0006264010326227808,40.909090909090914,-1222.2154528335886,37.64573417870381,22,9,21,22,4.82,1.27,1,09:50,13:02,0.5,0.0064,17,73,35,19,22,True,False,False,1.3,96,False,True
0.07206146406746294,40.0,5656.366454129806,30.500725174216548,50,9,15,25,3.37,0.84,3,10:49,13:51,0.62,0.0091,25,70,28,14,27,True,False,False,1.3,48,False,False
-0.3613700217179669,28.57142857142857,-5456.326304644648,38.156412426751594,14,9,21,10,4.8,1.62,9,09:55,13:06,0.44,0.0097,10,66,27,15,29,False,True,True,1.3,37,False,False
-0.5929122832763619,13.333333333333334,-9163.83406550085,45.81917032750425,15,10,20,24,3.39,0.61,9,10:19,14:35,0.68,0.0071,23,69,34,19,27,True,True,True,2.8,47,False,True
-0.20523376179749753,33.33333333333333,-1324.1499735421203,25.416817868393448,3,9,15,14,2.21,1.93,10,09:32,13:13,0.67,0.0055,22,78,31,19,26,True,True,False,1.3,55,True,True
0.036595605112689174,38.095238095238095,1849.5356276269085,43.35508589009865,21,5,8,16,3.65,1.31,6,09:46,13:29,0.56,0.0054,27,77,29,10,22,False,False,True,2.7,47,True,False
-0.02148145503589012,22.22222222222222,-1652.0930614527606,56.62452968878227,63,9,21,12,2.13,0.51,10,09:34,14:02,0.67,0.0072,18,68,21,19,19,False,True,False,1.4,119,True,True
0.2621118665077328,42.857142857142854,3217.678894235243,21.003200726706133,7,8,14,24,2.78,0.66,1,10:52,13:52,0.52,0.0128,23,78,22,15,30,False,True,False,1.7,102,True,False
-0.08057543128863377,16.666666666666664,-2066.6053817067004,35.15943760419372,12,10,20,17,4.01,0.67,2,09:18,13:50,0.57,0.0103,14,74,21,16,30,True,False,True,2.6,38,False,True
0.1061036842179473,35.0,8772.299303069067,48.257580820918875,40,9,14,16,4.99,0.72,7,10:45,13:49,0.63,0.0081,20,71,30,12,22,False,False,True,2.1,118,True,False
0.13970388328352318,38.46153846153847,3832.333441383089,21.26203162368718,13,9,14,23,4.21,1.22,10,10:34,13:13,0.52,0.0077,19,73,31,14,28,False,False,True,1.3,67,False,True
0.5112200706635648,50.0,5639.036769370439,6.884562494636332,10,8,14,21,1.65,0.72,10,09:54,13:47,0.53,0.0051,21,73,24,15,20,False,False,False,1.4,35,False,True
0.3975584802984631,63.888888888888886,24678.93317781856,17.26523455074451,36,9,15,11,1.92,1.57,6,10:43,13:17,0.52,0.0066,17,67,20,10,22,True,True,True,2.3,101,True,True
0.062070719905554704,44.44444444444444,640.2150836804612,32.28854256575584,9,9,15,19,3.6,1.18,1,10:39,13:52,0.42,0.0086,17,66,30,20,21,True,True,False,1.5,114,True,True
0.21323079244300258,50.0,844.386165019594,18.3749612469568,2,8,20,14,4.42,0.71,9,10:47,13:12,0.62,0.0129,13,71,22,14,23,True,False,False,2.2,97,True,False
0.08901010359173615,57.14285714285714,1190.7633495736882,17.853913339681416,7,9,14,30,4.14,1.0,1,09:17,13:40,0.5,0.0075,16,66,22,20,27,True,True,False,1.3,47,True,False
0.010408298218476907,52.94117647058824,749.3130892788286,21.42841091217365,17,8,20,28,4.19,1.35,4,10:49,14:09,0.42,0.0068,25,67,27,17,27,True,False,True,1.7,67,True,False
0.5281177891720692,58.333333333333336,8884.962461766732,8.428462065387093,12,9,15,16,4.87,1.14,4,10:52,14:33,0.4,0.0136,13,77,24,14,28,True,True,True,2.5,60,True,True
0.12682931988527563,49.107142857142854,22662.03397026273,36.00933155459382,112,9,15,30,2.83,1.36,3,10:00,14:29,0.43,0.0102,29,78,29,10,21,True,False,True,2.8,59,False,True
0.2152657452030148,59.32203389830508,20514.174655692063,33.864365891047136,59,8,14,28,2.62,1.37,1,10:11,13:15,0.55,0.0072,14,65,20,14,27,True,False,False,2.9,91,False,False
0.35471935087694034,60.0,7927.443099638218,20.673474807463222,10,10,20,18,2.62,1.45,9,09:17,14:12,0.53,0.0071,17,71,35,19,28,False,True,True,2.3,115,True,True
0.3367557449051955,64.28571428571429,8556.845948740916,22.009574999999597,14,9,21,30,2.21,1.68,10,10:34,14:14,0.53,0.0099,26,65,34,20,28,True,False,True,1.7,77,False,True
0.044045982101339885,52.0,2910.3634363159945,30.822930568961294,50,9,15,24,2.75,1.83,10,10:27,14:27,0.51,0.0069,18,74,25,12,23,True,True,True,2.5,56,False,True
0.22706913362444703,57.49999999999999,21856.325333823435,38.0434735764645,40,8,14,10,2.71,1.78,8,10:08,14:30,0.65,0.0112,10,66,22,15,24,True,True,False,2.0,97,True,True
-0.34730293593511585,35.294117647058826,-6185.272044342113,47.47814591632995,17,8,20,16,1.64,1.64,7,10:48,13:57,0.46,0.0137,13,74,25,12,29,True,False,True,1.8,120,False,False
-0.09988464407047215,37.0,-12367.640975331255,99.50061534931041,100,9,15,29,3.84,1.01,5,09:38,13:19,0.43,0.0113,11,75,34,17,24,False,False,True,2.6,51,False,False
0.2513547041534963,40.0,2946.0258071135104,7.908175562753319,5,9,21,15,2.08,0.91,1,09:43,13:04,0.58,0.0096,12,78,27,18,28,True,True,True,1.0,78,True,False
0.6926282222799328,75.0,9287.626301597054,13.329500301205027,8,8,14,28,2.74,1.71,10,10:08,13:51,0.44,0.0101,12,76,22,11,28,True,False,True,2.5,89,True,False
0.097774592691626,50.0,1804.2514028338082,25.763230652400402,8,9,14,29,2.28,1.62,8,09:28,14:30,0.59,0.0094,24,74,28,14,27,True,True,False,2.4,104,True,True
0.3046789633949499,55.55555555555556,4677.57505346859,10.06085460483179,9,10,20,18,2.19,0.71,6,10:58,15:15,0.69,0.0077,14,73,26,13,23,False,False,True,1.7,98,True,True
0.09785752736155268,29.107981220657276,30179.196152589342,49.95787389414396,213,10,20,19,2.61,0.61,10,09:23,14:40,0.5,0.0089,13,74,23,10,23,False,True,True,1.3,62,False,False
0.07437150371263944,50.70422535211267,75311.7300731162,64.25884895391142,426,5,8,27,3.68,1.71,4,09:53,13:56,0.64,0.0077,27,65,20,15,23,False,False,False,2.3,58,False,False
0.2318192009385393,60.0,19533.99799175709,22.60155838689493,50,8,14,11,4.42,1.57,10,10:24,13:26,0.57,0.0066,19,76,20,20,22,False,False,False,2.9,44,False,True
0.09960863624391744,37.9182156133829,58441.44585495886,42.27914735741636,269,9,15,20,3.86,0.87,9,10:39,15:13,0.63,0.0105,19,70,34,15,19,False,False,False,2.3,116,False,False
0.14488444930851824,43.037974683544306,20457.27144655917,42.54924940208542,79,9,15,25,2.39,0.96,7,09:46,14:30,0.57,0.0134,13,75,25,10,27,False,True,False,2.9,108,True,False
-0.07140778502357126,50.0,-273.37788898252256,26.30052902535655,6,10,20,22,1.82,1.7,2,10:58,13:39,0.64,0.0104,16,79,21,15,28,False,False,True,2.5,50,False,True
-0.12705494921840846,44.303797468354425,-33232.762892819504,199.56464010758793,158,9,21,12,1.69,1.68,7,09:30,13:02,0.63,0.0142,30,71,22,17,19,False,False,False,1.1,39,False,False
0.4871612561673626,50.0,1306.8338090715624,3.9737269688532244,2,10,20,10,2.41,0.8,6,10:53,13:55,0.65,0.009,22,80,24,13,25,False,True,False,2.1,109,True,True
-0.028300019520473334,42.30769230769231,-1579.9426953199873,37.36301398089705,52,9,15,22,2.06,1.99,2,10:53,13:22,0.41,0.0068,27,73,33,17,19,True,True,True,1.3,73,False,True
0.3620515907023768,53.125,20677.74930128058,14.656398635113147,32,9,15,27,2.33,0.95,3,10:28,14:18,0.65,0.0061,27,69,35,11,19,False,False,True,2.4,59,True,True
-0.0399032237344698,35.13513513513514,-1789.4715462622153,32.72238155402687,37,9,14,15,2.05,0.68,1,10:28,14:22,0.54,0.0094,27,71,30,11,24,False,True,True,1.4,74,True,True
0,0.0,-748.9467744980575,3.7447338724902877,1,9,21,15,2.9,0.58,9,10:34,14:54,0.54,0.0051,16,80,31,19,27,False,False,True,2.9,62,False,True
0.227592578188092,46.81528662420382,92170.07521586794,18.389647850902936,314,5,8,23,4.46,0.62,7,09:49,13:02,0.44,0.0107,18,80,30,15,18,False,False,False,1.9,30,False,True
0.21087980312724425,56.060606060606055,22104.799216001615,21.12206700976976,66,8,14,30,4.13,1.32,4,10:33,15:01,0.45,0.0083,22,71,22,19,30,False,True,True,2.1,88,False,False
0.038093471913552675,48.0,1749.3679932653213,41.689597578624884,25,9,14,23,1.69,0.93,6,10:46,14:18,0.66,0.0065,18,75,34,18,26,False,True,True,2.9,51,False,True
0.5626277947296029,66.66666666666666,12776.902439561592,13.926662187290109,15,8,14,28,2.5,1.18,6,10:09,14:40,0.5,0.0142,10,65,31,20,27,True,True,False,1.7,77,True,False
0.17639362863122196,59.03083700440529,55383.379741043886,37.51508657852177,227,5,8,26,2.02,1.52,4,10:08,13:31,0.46,0.0137,23,74,21,20,20,True,False,False,1.6,66,True,False
-0.016485378946167212,41.17647058823529,-1656.7485756717579,70.163487691412,119,10,20,26,4.6,1.33,5,09:34,14:43,0.55,0.0124,19,77,26,20,21,True,True,False,2.6,98,False,False
0.07348004960218561,46.15384615384615,41506.864677649944,51.79116410312731,364,9,14,20,3.82,1.74,6,09:44,14:20,0.67,0.0075,25,80,25,11,18,True,True,True,1.5,15,True,False
0.07711818596804686,42.42424242424242,5593.046533217184,36.75692117840601,33,8,20,27,2.24,1.6,8,09:43,13:12,0.66,0.0098,28,72,30,18,23,False,False,True,2.8,106,False,True
0.1883479559565158,59.70149253731343,28768.517746095415,36.679240611677386,67,9,14,25,4.99,1.85,8,10:12,14:30,0.64,0.0125,29,66,20,17,28,False,False,False,1.8,63,False,False
0.020749051667343595,44.642857142857146,4745.761615449814,50.036400869628416,112,9,21,11,2.88,1.88,5,09:56,14:54,0.45,0.0126,23,80,32,17,18,False,False,True,2.0,32,False,True
0,0.0,-1423.3922031510374,7.116961015755187,1,9,21,18,4.21,1.11,4,10:07,13:38,0.54,0.013,19,72,22,12,28,False,False,True,2.7,15,True,True
0.13566943949553095,50.58139534883721,107149.53839993241,44.74292625261822,344,5,8,21,3.27,1.63,6,09:52,14:44,0.62,0.0114,23,72,26,10,21,False,False,False,1.3,56,False,True
-0.044903134889304835,31.818181818181817,-2217.809587315016,49.05760438088704,22,5,8,23,4.85,1.33,6,10:43,13:38,0.57,0.0121,21,65,25,17,22,False,True,False,2.5,22,True,False
0.02642749277431415,45.52238805970149,5361.707447526034,68.99760349949248,134,9,14,23,3.81,0.97,7,09:47,13:23,0.51,0.0114,20,72,28,18,21,True,False,True,2.9,28,True,False
0.03210051649371398,46.27659574468085,11852.495905962405,86.20217606840797,188,9,15,16,4.96,1.46,3,10:12,15:09,0.69,0.0105,16,76,21,20,21,False,True,True,2.0,18,True,False
0.22779420474695958,54.166666666666664,67253.34552881932,32.51238579099373,192,5,8,15,2.54,1.49,10,10:16,14:45,0.43,0.0113,10,67,35,10,19,False,True,True,2.7,119,True,True
-0.006993214302283187,44.37869822485207,3637.7097000420363,150.49976097826584,169,9,21,15,4.2,1.64,9,10:16,15:01,0.54,0.0101,30,77,29,17,19,True,False,False,1.4,103,False,False
0.2338294103278489,53.84615384615385,4567.274712172995,13.415663342037702,13,8,20,18,1.61,1.39,6,10:45,14:52,0.47,0.0087,19,79,25,18,28,False,False,False,2.4,93,True,True
0.14882471699730315,50.0,1471.3117814149045,21.440568744805365,6,9,14,27,3.18,1.63,4,10:24,13:09,0.62,0.0084,18,73,33,11,23,False,False,False,2.7,83,True,True
-0.3669440926367389,28.57142857142857,-6647.643822141725,36.421391375445516,14,10,20,24,4.34,1.39,5,09:30,14:33,0.45,0.0126,19,76,35,18,28,True,True,False,2.7,51,False,True
-0.42771615013637776,33.33333333333333,-2982.8432185259408,19.481932323310332,9,10,20,26,2.17,0.7,10,09:51,14:53,0.56,0.0142,24,69,29,14,22,False,True,True,2.9,15,True,True
0.29800899433193107,61.111111111111114,18681.511091161912,18.570605745341766,36,9,14,13,2.54,1.21,10,10:25,13:43,0.59,0.0095,10,77,35,20,30,False,False,True,2.7,98,True,False
0.09850337295487029,38.31775700934579,26572.385290731305,56.56661984186907,107,9,14,24,3.47,0.87,2,09:37,13:09,0.67,0.0146,11,77,35,16,18,False,True,False,1.9,71,False,True
0.47112498729225777,66.66666666666666,13810.611580075638,12.536316049005613,15,9,15,28,2.1,1.15,9,10:05,13:50,0.62,0.0131,24,65,23,19,23,False,False,True,2.4,61,True,True
-0.5445148455219236,50.0,-1107.1200000000244,12.271075878363021,2,10,20,23,4.94,1.58,4,09:29,13:09,0.48,0.01,21,65,20,13,24,False,False,False,1.6,20,True,True
0.20460882886800255,57.14285714285714,3829.528644188289,16.348407174451285,7,10,20,26,2.23,1.73,7,10:21,14:57,0.66,0.0144,10,72,23,19,29,True,False,True,2.2,84,False,True
0.23530849621629527,37.77777777777778,30029.78384027331,33.61506974660431,45,5,8,28,4.47,0.73,1,09:31,13:34,0.67,0.0055,26,70,31,11,21,True,False,True,2.6,86,True,False
0.5448411534418309,50.0,5065.469756701987,7.464768194344558,4,9,14,26,3.87,0.84,3,10:17,13:31,0.65,0.0051,17,70,34,19,22,False,True,True,2.3,87,False,True
0.20854814086645201,57.28155339805825,126994.32019091959,81.71865228216606,206,5,8,30,4.57,1.89,6,10:08,13:12,0.67,0.0077,28,75,27,20,27,False,True,True,2.7,91,True,False
-0.019535454653845874,44.303797468354425,-1089.0529928646756,98.15671356145621,79,9,14,29,3.72,1.78,3,09:43,13:52,0.55,0.0147,17,69,27,19,20,True,False,False,1.9,119,False,True
-0.08648123290106124,49.275362318840585,-7887.094260844167,76.53798017680532,69,8,14,18,2.84,1.87,10,10:59,13:10,0.58,0.0108,14,69,28,16,24,True,False,False,2.5,38,True,False
0.09325759438277617,34.78260869565217,2425.551983915193,20.505283618571365,23,8,14,14,3.31,0.57,7,10:39,14:54,0.51,0.0149,14,66,26,18,30,False,False,False,2.0,34,False,True
0.3714002052237247,48.78048780487805,64662.90923475758,17.219484081065435,82,5,8,20,4.8,0.66,9,09:29,14:17,0.52,0.0099,27,75,32,10,24,False,False,True,2.3,95,True,True
0.12665494490883009,50.68119891008175,55066.55647962951,30.416933137352842,367,9,14,10,1.71,1.72,10,09:24,15:13,0.47,0.014,29,68,26,14,18,False,False,True,1.2,28,True,False
-0.015519909930845456,40.909090909090914,-2620.9939364831152,44.44290230755818,44,8,14,23,1.8,1.01,4,09:32,13:11,0.53,0.0096,22,75,26,17,25,True,False,True,1.8,110,False,True
0.07358016633752731,42.857142857142854,4485.78949680732,29.09280684898198,35,8,20,23,4.62,0.79,3,10:23,13:10,0.49,0.0116,14,66,31,20,21,True,False,True,2.4,47,False,True
-0.05471717676802187,44.827586206896555,-1278.3408118573607,28.67562311141103,29,8,20,12,2.87,0.97,2,10:28,14:33,0.41,0.0086,16,71,26,11,27,True,True,True,2.6,19,True,False
-0.032978034400179004,39.66942148760331,-4364.5850732439285,91.0699227327622,121,9,15,11,3.38,1.22,10,10:56,13:35,0.51,0.0079,27,78,35,18,19,True,False,False,1.9,89,False,False
0.09647191704853204,26.693227091633464,46741.729200206406,86.70168767439372,251,9,21,13,3.49,0.6,5,09:16,14:02,0.52,0.0081,26,67,33,14,19,True,True,False,2.4,113,False,False
0.13242277214777337,41.98473282442748,21085.455051909164,27.19312032683049,131,8,20,27,3.41,0.87,3,10:40,14:58,0.42,0.0147,12,66,20,10,19,True,False,True,1.1,41,False,True
0.05014548363163322,32.432432432432435,4468.16825570638,42.766332878273445,74,5,8,19,2.59,0.74,6,09:53,15:09,0.47,0.0054,24,80,31,17,30,True,True,False,1.5,64,False,False
-0.3413438515795722,25.0,-2307.583296329518,15.43137248202977,4,9,21,11,2.86,1.5,8,10:10,13:57,0.64,0.0081,15,79,24,13,24,False,False,True,2.9,25,True,True
0.07903398193271499,31.351351351351354,20228.72044127666,41.82459506168278,185,9,15,22,2.59,0.51,5,10:38,14:51,0.57,0.0087,14,70,33,14,20,True,False,True,1.7,99,False,False
0.3777428750031786,51.85185185185185,22811.659382183716,17.1459684976421,27,8,14,15,3.62,0.75,8,09:26,14:36,0.59,0.0146,18,65,26,16,19,False,True,False,1.5,100,True,False
-0.04472282426085637,43.75,-1160.2624320158247,29.880457297448892,32,9,21,10,1.67,1.91,5,10:29,15:15,0.65,0.0124,22,70,31,20,24,False,False,True,1.2,42,False,True
0.13616534603193475,48.38709677419355,33052.29881730321,46.3180216575668,93,9,14,23,3.72,1.7,6,09:44,15:08,0.66,0.0076,23,72,34,15,19,True,False,True,1.9,96,True,True
0.09028585352729473,28.57142857142857,1677.5689591308255,23.064904554782746,7,9,21,25,3.18,1.33,9,09:16,15:07,0.67,0.0054,24,74,24,10,23,False,True,False,2.3,107,True,False
0.2720128942930765,53.93258426966292,55016.72937510292,25.502589389277446,89,8,14,26,3.66,1.34,9,09:15,13:33,0.57,0.0055,17,69,35,20,18,True,False,False,1.4,55,False,False
0.07562534513738225,48.837209302325576,20086.99518645551,61.450798319732684,172,9,14,15,2.09,1.66,3,10:21,13:36,0.45,0.0116,15,73,28,16,18,False,True,False,2.8,71,True,False
0.2027217662635407,56.00000000000001,10353.049270890777,22.17614881710636,25,9,14,12,2.79,1.51,7,09:39,14:15,0.53,0.0132,27,72,32,13,20,True,True,False,2.2,59,True,False
0.0810610119591392,48.23008849557522,22827.931039855743,54.787280257334146,226,5,8,24,3.82,1.17,8,10:15,14:18,0.44,0.0086,14,72,31,18,30,True,False,False,2.7,32,True,False
-0.020956539286080354,38.46153846153847,-329.9970729220404,23.74956001772583,13,9,15,26,2.98,1.71,10,10:36,14:55,0.48,0.0107,14,73,23,12,28,True,False,False,1.2,26,True,True
0.3058880148508739,65.51724137931035,12470.638035002288,20.61574274189497,29,9,15,23,1.73,1.34,5,10:26,14:19,0.53,0.0149,17,78,35,15,24,False,False,False,2.1,56,True,False
0.020923803824333762,40.42553191489361,1714.2778876962402,34.94702502429236,47,9,21,21,3.55,0.76,6,10:33,13:19,0.61,0.0122,10,80,26,19,24,False,False,True,1.2,94,False,False
0.03451576385538344,35.714285714285715,92.33722340411259,25.026556482572754,14,10,20,14,1.72,0.89,5,09:22,13:43,0.62,0.0061,19,65,30,19,27,False,False,False,2.7,38,False,True
0,0.0,-1069.3778123525517,5.367755471681459,1,9,21,10,3.76,0.54,6,10:09,13:55,0.42,0.0066,11,79,20,13,30,True,False,True,1.9,51,True,False
-0.13637933716545844,53.333333333333336,-2806.485363499054,58.437797379835445,15,9,14,29,2.47,1.57,6,09:45,13:12,0.57,0.0126,24,66,25,15,29,False,True,False,1.0,92,False,True
0.1399386286685062,35.08771929824561,23939.711662830712,36.1343913907679,57,9,14,16,3.93,0.72,1,10:02,13:06,0.63,0.013,29,65,25,10,28,True,True,False,1.7,57,False,False
0.0619193296101233,39.455782312925166,12181.435854354182,44.24364377191263,147,8,20,12,4.4,0.79,9,10:14,14:23,0.42,0.0114,15,74,31,13,21,False,False,False,2.0,29,False,False
0.2992800334663554,48.19277108433735,25843.148775008114,12.901688288868247,83,5,8,29,1.7,0.77,2,10:32,13:48,0.42,0.0128,27,70,29,15,26,True,True,False,2.8,96,True,True
0.13916439550394125,52.96610169491526,84230.46993163545,47.05280811028514,236,5,8,14,2.55,1.68,6,09:40,13:47,0.59,0.0073,11,69,25,14,19,True,False,False,1.7,119,False,True
0.24427340428674973,33.33333333333333,10972.076215984194,14.962625754135574,24,9,15,24,3.89,0.59,6,10:01,14:31,0.52,0.0111,22,79,32,11,26,False,False,True,2.1,117,True,False
-2.455688977191349,0.0,-2574.9633587281496,13.38411817874971,5,9,21,21,2.63,0.66,8,10:56,14:40,0.42,0.0083,11,76,23,19,27,True,True,False,1.3,26,True,True
0.32732620350398844,50.0,11889.509265421246,17.246452224677256,20,10,20,20,2.17,0.96,5,10:27,14:19,0.55,0.0085,18,68,32,11,22,False,False,False,1.7,82,True,False
0.24531187864421722,52.83018867924528,16053.671887948069,18.611324527530947,53,5,8,23,1.97,0.86,7,10:23,13:15,0.43,0.0122,25,72,23,18,26,True,True,False,3.0,103,True,True
0.2787564688066256,54.09836065573771,81382.264162726,18.77135074442185,122,8,14,25,4.04,1.61,8,09:18,13:49,0.64,0.0104,26,72,20,14,26,True,True,True,1.3,113,False,False
-0.41535980130867456,33.33333333333333,-11929.670722994568,64.19722188429634,18,8,20,25,3.97,1.28,3,09:42,13:50,0.62,0.0128,29,72,22,18,30,False,True,False,1.3,70,False,False
-0.016378269798794434,41.66666666666667,-576.5096340397649,22.320135378142606,24,8,20,27,4.25,1.36,5,09:19,14:47,0.52,0.0149,27,80,20,17,28,False,False,True,1.0,107,False,True
0.1620431340069142,38.53211009174312,30368.122053675288,30.42532295188002,109,8,14,14,3.14,0.66,5,10:59,14:18,0.65,0.0092,13,80,26,11,20,True,True,True,2.5,49,False,True
0.02787069537146307,35.294117647058826,2323.0394997230323,32.470786199635064,34,9,21,19,4.34,0.67,5,10:10,15:11,0.57,0.0141,28,70,21,18,23,True,False,False,2.4,45,False,True
0.0170470580511724,23.076923076923077,1521.1373914714422,32.39230752639357,39,10,20,30,4.73,0.55,6,09:19,14:31,0.43,0.0074,12,72,30,12,29,True,True,True,3.0,100,False,False
0.05366681662097178,44.44444444444444,2374.9714918039463,28.910528767156805,18,9,14,15,4.72,1.71,2,10:04,13:53,0.41,0.0123,11,75,28,16,28,True,True,False,2.5,112,True,True
0,0.0,-1153.219530783932,13.73018215783671,1,8,20,29,4.5,0.81,1,09:22,14:44,0.42,0.007,10,67,34,12,29,False,False,False,1.6,84,True,False
-0.02454042859425972,47.5,-1350.901602187998,29.64588920147811,40,5,8,13,3.47,1.63,8,09:59,13:22,0.43,0.012,19,71,23,12,29,False,True,False,2.1,16,True,True
-0.043498882419059706,46.15384615384615,-1104.2999592925007,43.21577121583176,26,8,20,24,2.28,1.29,5,10:24,13:16,0.6,0.0084,24,74,32,17,27,False,False,False,2.5,31,False,False
0.038679492291379874,48.36065573770492,10122.113662858741,42.528380700073235,244,9,14,11,1.87,1.06,4,09:59,14:31,0.45,0.0114,22,66,32,18,20,False,False,False,2.9,39,False,False
0.21016982726130445,60.3448275862069,20468.064151397404,26.199975562672588,58,9,14,15,2.56,1.5,5,10:26,13:06,0.58,0.0085,18,80,27,18,26,True,False,True,2.2,91,False,False
0.005416357180995986,46.236559139784944,-775.5359440152242,50.337572066949065,93,9,15,24,1.53,1.63,8,09:17,13:39,0.7,0.0082,21,73,35,16,20,False,True,True,2.0,72,False,True
0.19195716522347134,43.47826086956522,7120.363868223885,25.590027256134384,23,9,14,17,1.83,0.66,1,10:41,14:40,0.68,0.0062,19,80,34,17,26,True,True,False,2.7,81,False,True
-0.020068494290184584,42.5531914893617,-4608.831918553329,56.47616216860409,94,9,15,11,1.91,1.67,4,09:25,13:38,0.6,0.0075,20,66,22,16,24,False,True,True,1.5,89,True,False
0.19803674607495952,37.5,1597.088091857051,12.38573870341902,8,8,14,15,3.32,0.77,1,10:27,13:10,0.5,0.0147,28,69,24,19,25,False,False,True,1.1,69,True,True
0.07278719211235156,49.411764705882355,19296.438331298712,75.89846561559753,85,5,8,10,2.67,1.51,10,09:48,13:28,0.58,0.0073,10,76,31,18,30,False,False,False,1.2,114,False,True
0.20668838127039804,46.34146341463415,12481.140403252946,21.868556180462164,41,5,8,30,3.16,0.69,2,09:39,13:45,0.52,0.0082,17,76,35,11,26,False,True,True,2.4,118,True,False
0.020009389732753836,51.724137931034484,2107.3737488312217,37.58588716123137,29,9,21,28,2.5,1.3,2,10:40,13:10,0.56,0.0084,30,75,23,18,25,True,False,True,2.4,99,False,False
0.23314447615019546,50.0,15937.553953895243,24.23943556267254,38,9,14,18,3.72,1.69,9,10:34,14:05,0.64,0.0145,21,71,31,17,25,False,False,True,1.9,33,False,True
0.24410466868959774,43.47826086956522,18614.739335231847,12.83226990669407,69,9,14,14,4.07,0.67,5,10:27,14:15,0.46,0.0142,13,71,27,17,20,False,False,False,2.9,34,True,True
0.24140066366589905,40.0,3097.3642908537877,23.649064923420323,10,9,14,12,2.02,0.54,4,10:49,13:08,0.62,0.0138,28,78,26,19,27,False,True,True,2.6,59,True,False
0.13913821574462282,46.72131147540984,28765.07830378921,35.61160056629144,122,9,21,19,4.2,1.44,1,09:57,15:04,0.5,0.0103,23,71,27,13,19,True,True,True,1.1,29,False,True
0.2735257128494798,40.27777777777778,25532.753370978753,17.48741580429436,72,9,14,14,3.34,0.63,2,10:57,15:10,0.44,0.0112,15,70,25,11,21,False,False,True,1.8,78,True,True
0.136856167552758,46.111111111111114,42673.02810527578,27.30057017058755,180,9,15,16,4.28,1.69,2,09:37,14:37,0.46,0.0121,27,76,31,13,18,False,False,True,1.8,49,False,True
-3.4050088924248922,0.0,-3407.0878925265533,19.12307508695085,3,9,21,20,3.11,0.76,5,09:53,15:08,0.59,0.0144,17,70,24,11,30,True,True,True,2.9,48,True,False
0.14736289281996376,53.01204819277109,28038.019354689925,42.64472770381864,83,8,14,19,4.47,1.24,4,09:15,13:42,0.68,0.0094,29,76,29,17,27,True,True,True,1.7,82,True,False
0.14417773188275443,52.21674876847291,57335.12607174509,41.51178613405609,203,5,8,11,1.6,1.06,10,09:34,13:34,0.7,0.0147,22,74,30,13,19,True,True,False,2.9,78,True,False
0.49600355401220386,72.22222222222221,11835.853758378915,13.90165216486196,18,8,14,22,2.18,1.22,5,10:02,14:39,0.44,0.0106,20,76,33,18,22,True,False,False,1.8,75,True,False
-0.22463889250651614,26.666666666666668,-4190.943642524075,35.63594905093632,15,8,20,23,3.9,0.63,3,10:11,14:47,0.69,0.0142,10,78,21,15,30,False,False,True,1.6,27,False,False
0.1696570801584694,46.54255319148936,120452.68195775166,48.535407754786135,376,5,8,24,4.05,0.91,7,09:55,13:21,0.65,0.0071,11,65,33,11,23,True,False,True,1.5,37,False,False
-0.1532664767106835,66.66666666666666,-1478.1595724645667,37.17595711005281,6,8,20,21,3.73,1.71,10,09:32,13:55,0.63,0.0142,24,78,29,14,23,True,False,False,2.9,56,True,False
0.052001308798023234,50.588235294117645,8929.484549880228,42.69744381243821,85,9,14,22,2.37,1.47,4,10:21,13:40,0.54,0.0065,13,70,25,20,23,False,False,False,2.1,103,False,False
1.218036240733141,100.0,7104.841980528785,7.335636701777254,5,9,14,27,3.08,1.43,6,10:13,14:28,0.45,0.0078,17,66,31,17,23,True,False,False,2.7,77,True,True
-0.43611787722482626,24.0,-10617.58182172789,59.24419827255309,25,10,20,29,1.86,0.85,2,10:17,14:46,0.51,0.0139,23,74,35,12,28,False,False,True,2.7,70,False,False
0,0,0,0.0,0,9,21,18,4.99,1.53,1,10:20,13:43,0.52,0.0082,15,80,20,17,28,False,False,True,2.0,101,True,True
-0.01427183059976823,22.22222222222222,184.78305910416384,14.750654128485186,9,10,20,12,3.07,0.66,1,10:15,13:19,0.44,0.0083,24,74,31,15,27,True,False,True,1.2,33,False,True
0.11055373326299495,46.48648648648649,27368.70772193319,28.611085968874296,185,9,15,20,3.78,1.0,5,10:38,14:20,0.57,0.0139,29,73,22,20,19,True,False,False,1.3,24,False,False
0.14296916613743427,58.139534883720934,12154.797892344413,45.8236556416475,43,8,14,12,2.67,1.52,6,09:45,14:45,0.58,0.0149,29,76,27,16,27,False,False,True,2.3,106,False,True
-0.07329763900683574,50.0,-411.86600766318224,14.742566826881424,2,9,21,21,4.3,1.34,7,10:29,13:18,0.69,0.0071,28,74,35,14,27,False,True,True,2.9,111,True,True
-0.08667164162144339,43.103448275862064,-6445.999173755765,81.38096279381337,58,8,20,12,1.54,1.46,3,10:04,13:07,0.56,0.0076,10,73,28,20,23,True,False,True,1.4,70,False,False
0,100.0,3262.2800000000643,6.084750000000003,1,8,14,15,4.25,1.7,7,09:35,14:42,0.61,0.0068,10,67,35,12,30,False,True,True,2.1,64,True,True
0.4499049044006595,62.5,38199.23546957816,22.343544345223375,32,9,15,21,4.59,1.55,7,09:21,14:10,0.61,0.0096,21,79,22,18,23,True,False,False,2.5,61,True,True
0.11599107050935772,20.0,1111.0177025269804,8.145802879102169,5,9,21,25,1.77,0.59,9,10:03,13:28,0.57,0.0134,22,68,30,19,28,False,True,False,1.8,76,True,True
0.19852401185302168,41.10787172011662,159541.57544932977,32.10832355982255,343,5,8,21,4.48,0.82,9,09:21,14:02,0.61,0.0094,21,72,33,10,27,True,False,False,1.6,91,False,False
0.014058808267269494,44.0,2859.5119298523678,42.678166831953604,50,9,21,18,2.79,1.11,9,10:39,14:41,0.58,0.01,26,66,32,14,21,True,False,True,2.2,76,False,True
0.07633300973630203,33.33333333333333,506.4874073675892,17.014994415154028,9,9,14,23,2.42,0.55,10,10:26,14:20,0.44,0.014,27,69,26,12,27,True,True,True,1.7,89,True,True
-0.12447845667421091,35.77235772357724,-24089.45557004666,128.44511067297054,123,9,21,21,2.75,1.35,8,10:14,13:59,0.51,0.0077,27,74,23,20,18,False,True,False,2.1,111,True,False
-0.11283541466071931,20.0,-3246.6380430245445,40.0600550598214,15,9,21,13,3.2,0.81,3,09:22,13:17,0.5,0.0057,11,76,23,16,24,True,False,False,2.8,102,False,True
0.4316399886988274,66.66666666666666,10555.669297041204,9.378963843146911,21,8,20,21,2.25,1.47,4,10:44,15:04,0.47,0.0123,22,68,33,20,27,False,True,True,1.2,39,True,False
0.16869237487749192,47.31182795698925,23368.67067020324,23.563018015260454,93,8,14,24,3.6,1.14,3,10:50,14:38,0.52,0.0119,11,77,33,20,20,False,False,True,2.5,59,False,True
-11.533414156011036,0.0,-1268.1117697612244,6.340558848806122,2,10,20,13,3.11,0.6,9,10:42,13:44,0.57,0.0058,24,80,31,16,29,True,False,False,2.9,19,False,True
0,0.0,-1087.431122638016,5.43715561319008,1,9,21,11,3.24,1.18,10,10:28,14:28,0.54,0.0056,27,73,25,20,27,True,True,False,1.3,74,True,False
0.5031137077019595,63.63636363636363,6968.540369199363,14.19471297524328,11,9,15,24,3.45,1.07,2,09:39,14:22,0.48,0.0145,29,72,31,11,21,True,False,True,1.5,70,True,True
0.6248165591817154,80.0,5159.203472609166,8.821545648647458,5,9,15,11,2.72,1.79,5,10:47,13:24,0.44,0.012,16,65,34,15,21,True,True,True,1.8,79,True,True
0.1474992286573134,52.94117647058824,3873.264731653693,14.876512193030281,17,8,20,27,2.36,1.96,5,10:39,14:22,0.54,0.0058,28,77,34,17,20,True,False,True,2.1,52,False,True
0.009876092387027455,50.0,40.84432331962307,44.67846850545029,40,8,20,17,2.2,1.16,7,09:36,13:08,0.49,0.008,21,65,28,16,22,False,False,False,2.8,46,True,False
0.11086395421106081,53.84615384615385,9151.329384881024,67.15287853957679,39,8,20,16,4.31,1.28,4,10:07,14:36,0.62,0.0066,26,67,27,19,27,True,True,True,2.4,75,False,False
0.04721614181741841,45.97701149425287,6321.134363513644,25.366027324606815,87,8,20,12,4.4,1.14,3,10:25,15:00,0.52,0.0113,25,74,23,19,19,False,False,True,2.6,43,False,True
0.02859467267249952,49.63680387409201,20118.030744361415,76.73947644174169,413,8,14,28,1.79,1.53,5,10:03,14:34,0.59,0.0147,29,78,30,10,19,False,False,True,3.0,97,False,False
0.2054950137923241,37.5,15053.18329765679,22.51767027742791,48,8,20,19,2.47,0.78,1,10:22,14:57,0.48,0.006,19,76,25,12,20,True,True,False,1.2,109,True,True
0.15644940234182486,49.633699633699635,185576.35328733045,77.89410160919563,546,5,8,24,3.71,1.84,10,10:00,14:00,0.48,0.0115,14,78,26,15,19,True,True,True,2.5,118,False,False
0.09988813980895081,40.0,34170.26387146713,99.0316006974304,155,9,21,17,3.9,1.07,9,10:13,13:42,0.52,0.0103,12,80,31,12,20,False,True,True,3.0,76,False,False
0.11824229024825747,37.704918032786885,12995.072903470602,35.33447724512448,61,9,14,23,3.96,0.63,10,10:49,13:06,0.49,0.0112,13,80,34,10,24,True,False,False,1.9,70,False,False
0.34528873088953593,47.91666666666667,22498.200456050035,22.89570165426318,48,5,8,12,1.7,0.57,2,10:21,13:11,0.5,0.0144,28,75,28,10,26,False,False,False,2.4,116,True,True
0.084039077133725,50.0,1094.6573309617816,17.138829599905485,10,8,20,21,3.42,0.7,1,10:17,13:45,0.58,0.0078,23,75,31,18,22,True,True,False,1.6,41,True,True
0.08564534310066507,35.91160220994475,29140.99153682604,36.36953591220716,181,9,21,28,4.46,0.72,5,09:57,14:30,0.61,0.008,14,74,30,20,19,False,False,True,1.2,71,False,False
-0.012981039297482346,45.45454545454545,-915.5615213971323,43.244897994095304,22,8,20,28,4.02,1.16,5,10:20,14:31,0.69,0.0099,10,75,33,15,24,False,False,False,1.6,93,True,True
0.11064177625570806,48.214285714285715,8046.547693294884,27.54743192658669,56,8,14,20,3.25,1.19,10,09:38,15:09,0.49,0.0127,13,80,32,14,21,True,True,True,1.1,28,True,True
0.08304112868734292,42.857142857142854,475.18173761727667,12.9023500843717,7,10,20,26,1.81,1.25,2,10:37,13:32,0.46,0.0052,26,74,26,14,21,False,True,True,3.0,58,True,False
0.11523161283645127,51.06382978723404,9879.809983461415,30.425586163148115,47,9,14,14,3.38,1.56,8,09:16,13:04,0.52,0.0124,15,75,31,20,22,True,True,True,2.1,44,True,True
-0.15593751513077947,40.0,-2002.7250706180057,29.389227730851488,10,10,20,18,3.7,1.61,1,10:30,14:49,0.48,0.0087,15,76,30,18,28,False,True,False,1.7,96,False,True
0.49949675668231996,72.72727272727273,18041.502571205325,18.937915152322347,22,9,14,24,2.0,1.73,4,10:24,14:04,0.6,0.0111,23,65,20,16,21,False,False,False,2.4,59,True,False
0,0.0,-2139.0782587099166,10.695391293549584,1,9,21,28,3.22,1.61,3,10:08,13:03,0.61,0.0137,29,75,20,11,30,True,False,True,1.8,72,True,True
0.2470401963238517,56.05095541401274,73437.69156044396,45.982973908653584,157,5,8,10,4.37,1.76,10,10:48,14:39,0.62,0.0083,23,71,22,16,28,True,False,True,1.7,61,True,False
-0.3258247972677593,38.46153846153847,-5781.549730306011,50.51825203488989,13,9,15,29,1.84,1.72,9,09:48,14:06,0.54,0.0052,25,75,33,16,29,True,True,True,2.3,112,True,False
0.21696688364027564,58.333333333333336,14310.042235741385,23.699588119392857,48,9,14,13,2.9,1.81,7,10:28,14:04,0.43,0.0095,11,69,31,13,23,False,False,True,2.1,59,False,True
0.01398373375455924,46.36871508379888,7582.517156165981,85.29328069324319,179,8,20,25,2.11,1.6,2,09:47,14:51,0.57,0.0147,23,77,26,10,19,True,True,True,1.8,48,False,True
0.5536244415287012,71.42857142857143,14092.948226295448,21.806106998638768,14,9,14,18,4.27,1.53,3,10:43,13:51,0.53,0.0089,17,78,25,15,24,True,False,True,2.9,98,True,False
1.3556416613017386,80.0,2095.800000000061,7.365005793742722,5,8,20,20,3.94,1.7,2,10:35,15:02,0.4,0.0051,24,67,26,20,20,False,True,True,2.5,83,True,False
0.020783775733467204,46.15384615384615,3100.131084549106,31.462056348998924,52,10,20,25,2.58,1.29,2,09:39,14:36,0.6,0.0079,23,72,25,11,24,False,False,False,2.5,53,True,True
-1.6595806674818612,0.0,-3904.731246841453,21.188177129658673,4,8,20,30,4.71,1.07,10,10:00,13:47,0.5,0.0118,18,76,25,14,29,True,True,True,2.0,35,True,False
-0.08271033992526956,45.45454545454545,-1193.8240054886192,32.36071114698764,11,8,20,22,2.58,1.79,2,10:11,13:23,0.43,0.0056,11,71,23,17,22,False,False,False,1.1,91,False,True
0.01349480407439803,41.61490683229814,7634.3342916668735,83.70653952472455,161,9,21,30,4.47,1.54,7,09:43,14:52,0.58,0.008,15,65,33,11,23,False,False,True,3.0,60,False,False
2.01881982827212,100.0,8188.494999999813,7.098036820470539,3,9,14,29,3.58,0.71,10,10:56,14:22,0.62,0.0121,16,66,20,17,22,False,True,False,2.8,45,True,True
0.10036412302244246,48.40764331210191,16349.385067664225,29.645227713236576,157,5,8,25,2.83,1.83,8,10:17,14:50,0.45,0.0119,22,76,35,18,30,True,False,True,2.1,25,True,False
0.24681230843982,40.23668639053255,69235.5840998296,18.61549534111021,169,5,8,17,3.08,0.54,7,09:38,14:08,0.58,0.0108,19,68,28,11,26,False,False,True,2.2,109,True,False
0.491291076952211,63.1578947368421,14785.099829407205,10.789636471631097,19,9,15,12,2.11,0.75,7,09:48,14:59,0.6,0.0101,30,72,29,14,21,False,False,True,1.1,33,True,False
0,0,0,0.0,0,10,20,27,4.32,1.78,2,10:42,14:07,0.57,0.0144,18,69,21,17,23,True,True,True,1.3,108,True,True
0.11810110997758692,40.625,28261.630643973454,20.055720060007793,256,9,15,14,3.42,0.55,4,10:43,15:13,0.42,0.0148,28,75,22,16,19,False,True,False,1.2,25,False,False
0.10347097119699254,44.675324675324674,51559.51761360375,43.66986864688185,385,5,8,11,1.94,0.73,10,10:21,15:03,0.63,0.012,20,71,30,15,27,True,True,False,1.0,26,False,False
0.6425352650244969,66.66666666666666,16470.01444267833,12.978739117366569,15,9,21,17,2.56,1.67,9,10:43,13:40,0.56,0.0054,15,71,22,12,23,False,True,True,2.2,75,False,False
0,0,0,0.0,0,10,20,18,4.92,1.41,10,09:51,13:46,0.56,0.006,20,77,34,14,26,True,True,False,1.2,66,True,False
0.41551955318681616,68.75,11019.887203553924,12.816297133674286,16,9,14,19,3.39,1.4,7,10:16,13:25,0.49,0.0098,10,77,21,14,28,True,True,False,3.0,91,False,True
0.0702100453286539,27.835051546391753,7956.73197269455,25.942870439797233,97,8,20,11,2.59,0.53,10,10:31,15:00,0.55,0.0085,21,80,27,20,18,True,True,True,2.8,63,False,True
0.06864587988555487,47.767857142857146,21824.844700191097,70.58142207003156,224,9,14,27,4.18,1.11,3,09:41,14:43,0.42,0.0062,12,75,34,17,18,False,False,True,1.6,30,False,False
0.20269187985118034,55.26315789473685,19697.809240292692,19.012700003741056,76,5,8,27,2.46,1.85,8,10:58,13:10,0.47,0.012,22,74,22,17,28,False,True,True,1.4,75,False,True
0.48681925808669047,57.692307692307686,33688.706856976154,17.829818041296054,26,9,14,27,4.52,1.21,3,10:36,15:15,0.59,0.0063,27,70,20,17,24,True,False,True,2.4,90,True,False
0.07401906864443991,43.47826086956522,2243.328193795118,18.767302541804504,23,9,14,29,2.9,1.96,10,10:48,15:12,0.51,0.0055,19,74,20,16,20,True,False,False,2.0,35,False,True
-0.2992312458933154,33.33333333333333,-3284.0955646208895,28.512198635766552,12,9,21,21,1.66,1.02,7,10:07,14:53,0.49,0.0075,25,68,34,14,28,False,True,True,1.6,81,False,True
-0.3245168357153636,25.64102564102564,-15518.40668565737,98.98378273251119,39,8,20,16,4.54,0.6,2,09:32,13:54,0.69,0.0069,17,69,29,11,29,True,True,False,2.7,31,True,False
0.12820274515865643,59.103641456582636,62694.70464339781,47.76561437685554,357,5,8,28,1.53,1.83,1,09:36,13:47,0.41,0.011,19,78,29,19,18,False,False,False,2.1,88,True,False
0.31357502824693734,54.54545454545454,7473.104132864923,17.690845578681838,22,9,15,25,1.86,1.26,3,10:20,14:33,0.45,0.0113,15,71,33,14,22,True,True,True,1.5,52,True,False
0.18684197512506281,51.75879396984925,72827.89066623023,41.14592985568753,199,5,8,17,4.58,1.33,4,09:21,14:45,0.52,0.0086,20,69,34,16,22,False,True,False,2.5,61,True,True
0.11005555612676333,47.30538922155689,22523.532222860515,38.17977135545253,167,8,14,25,3.29,1.18,5,09:21,14:01,0.41,0.0116,23,68,29,19,23,True,True,True,1.9,83,False,False
0.0027853692544100588,39.69465648854962,-622.8939592249008,50.95589888367503,131,8,14,10,4.28,0.77,10,10:56,13:04,0.54,0.0092,29,69,34,16,20,False,False,False,2.3,21,False,False
0.12325683103567901,50.0,6699.6490903378,47.38479274586511,20,9,14,27,4.99,1.46,9,10:26,13:00,0.55,0.0125,11,77,31,17,27,True,False,True,2.3,70,True,False
0.14324999926668866,37.275064267352185,91905.98372134348,41.915812848158204,389,5,8,30,2.92,0.62,2,10:26,14:06,0.67,0.0126,24,70,21,14,22,True,False,True,2.9,53,True,False
0.20369468379744451,50.0,12057.386122124048,14.010994243444294,54,9,15,18,3.26,1.2,10,10:39,14:51,0.47,0.0106,16,76,34,20,24,False,False,True,2.1,18,False,True
-0.09203892072688873,37.142857142857146,-6388.996177958095,60.58757175372293,35,9,21,20,2.16,1.04,7,10:04,13:58,0.64,0.0146,23,79,28,11,29,False,False,True,2.6,39,False,False
-0.1384598939364589,30.0,-2294.1516527441563,18.212749241992434,10,9,15,16,2.85,1.31,10,10:25,15:10,0.63,0.0052,28,76,24,16,24,True,False,False,1.7,57,False,True
-0.053782488959678326,41.007194244604314,-9786.648109906931,95.28620234702146,139,9,21,21,2.86,1.16,1,10:16,13:47,0.61,0.0101,12,70,29,19,18,False,True,True,1.1,44,False,False
0.10835405494817003,52.03252032520326,32289.022593419337,61.130653326666604,123,9,15,22,4.9,1.86,1,09:18,13:15,0.57,0.0085,14,70,29,10,21,False,False,False,1.7,38,False,True
0.11321005018525353,33.33333333333333,286.6474747386346,18.178095228762444,3,8,20,16,4.86,0.6,6,09:40,13:45,0.61,0.0068,18,79,31,18,29,False,False,False,1.4,55,True,True
0.0722485910618998,40.909090909090914,3380.5605395775783,34.73365934196942,22,8,20,25,2.2,1.34,7,09:23,14:36,0.61,0.0136,19,67,26,17,27,True,True,False,2.5,115,True,True
0.004645885025877548,45.588235294117645,1874.221734468927,91.4869614014712,68,8,14,27,3.62,1.58,4,09:57,13:04,0.61,0.0083,16,70,27,16,21,False,True,True,2.0,116,False,True
-0.25385369023693477,25.0,-1240.8247896403118,11.730377010661444,4,9,21,20,4.17,0.95,10,09:46,13:25,0.52,0.0094,30,68,30,18,23,True,False,True,1.8,21,True,False
-0.0030737468260868136,47.16981132075472,1437.72408683908,50.480556099933935,53,8,20,23,4.92,1.92,7,09:53,15:06,0.43,0.0127,27,74,34,14,22,False,True,True,1.6,27,True,True
-0.02780512880126708,42.30769230769231,-115.67235816043103,40.76003894521744,52,9,21,16,2.34,0.71,2,10:49,14:53,0.43,0.0115,14,68,35,10,26,True,False,False,1.5,20,True,False
0.07178520359656922,49.557522123893804,13296.692748120367,38.24836551516411,113,9,15,26,2.05,1.09,3,09:33,13:33,0.58,0.0115,11,79,24,16,18,True,False,False,1.2,22,False,True
0.09550674019484855,42.25941422594142,38132.745707315386,43.81478308406114,239,9,14,17,4.24,0.99,3,10:51,15:05,0.45,0.0062,21,67,34,12,18,False,False,True,2.0,65,False,False
0.20297489552526932,50.717703349282296,91841.88879528122,20.41996809740682,209,5,8,23,4.21,1.57,9,09:58,14:29,0.49,0.0058,29,67,31,18,20,True,False,False,1.6,114,False,False
0.01634645354538593,43.75,2512.098949490628,44.8745284298185,128,5,8,23,3.3,0.8,7,09:30,13:20,0.53,0.0128,19,68,34,18,27,True,True,False,2.7,20,False,True
0.30495602582403214,64.40677966101694,49503.64562247168,19.396112693908208,59,8,14,21,4.66,1.94,10,09:17,13:10,0.66,0.0127,23,72,27,20,20,False,False,True,1.8,76,True,False
0.09852094123923157,52.48618784530387,21075.883105575755,29.482856950885488,181,9,15,29,1.99,1.65,10,09:40,14:31,0.41,0.0082,16,75,35,11,19,False,False,True,2.8,29,False,True
0.34666997368581515,62.16216216216216,33935.36213579998,27.846523345959607,37,5,8,16,4.72,1.49,1,09:56,13:26,0.6,0.0056,14,72,23,16,21,True,False,False,2.8,98,True,False
0.0706187016558776,48.333333333333336,6776.173429491289,31.82194516320077,60,5,8,11,2.09,1.3,8,10:13,14:52,0.57,0.0055,29,78,21,14,24,False,False,False,1.2,48,False,True
0.18097144785817734,48.026315789473685,88552.44108896036,13.138826285768104,456,5,8,26,4.3,0.55,6,09:34,13:45,0.56,0.0144,18,79,26,12,19,True,False,True,2.2,15,True,False
0.33685116606935883,50.0,3775.183935857767,13.51621529352745,6,9,15,28,4.15,1.45,9,10:08,13:25,0.41,0.0055,27,71,24,19,29,True,False,False,2.7,107,False,True
0.07287730773718366,50.943396226415096,8004.087645967906,37.94432244710728,53,9,15,26,2.92,1.74,8,10:08,14:34,0.66,0.0142,19,76,26,19,23,True,True,True,2.9,69,True,True
0,0,0,0.0,0,9,21,19,4.85,1.44,7,10:47,14:32,0.58,0.0104,20,75,30,20,25,False,False,False,2.8,64,True,True
0.2247131437841343,34.20365535248042,142852.6009994131,27.643082858496303,383,5,8,13,3.78,0.53,1,10:55,14:56,0.6,0.0071,22,74,33,10,22,True,False,True,2.7,51,False,False
-0.054837963213023075,45.07042253521127,-6209.121762705818,58.358812356598314,71,9,14,20,2.14,1.3,9,10:09,13:53,0.53,0.0114,15,65,28,16,20,True,False,False,2.9,60,False,True
0.35739047769467713,58.333333333333336,7433.908576965594,12.22479810796806,12,10,20,10,3.77,1.24,4,10:57,14:34,0.53,0.0146,20,72,28,18,18,True,True,False,2.9,51,True,True
0.141287701143919,45.562130177514796,41538.579190426186,30.286348639653287,169,9,15,21,2.27,1.28,2,09:20,14:00,0.59,0.0144,19,71,20,18,19,True,True,True,1.7,68,True,False
0.20493676129536728,56.52173913043478,19184.022908949424,22.14380848819623,46,8,14,16,1.94,1.79,6,09:53,14:18,0.66,0.0128,16,70,31,20,26,True,False,True,1.7,114,False,True
0.03410466648953517,48.03921568627451,8011.275098017919,83.67221357342692,102,9,21,18,3.82,1.57,10,09:16,14:55,0.55,0.0128,24,68,34,16,20,True,True,False,1.7,30,False,True
0.26522622080544395,60.0,1602.0670341180703,8.339379678559004,5,10,20,16,2.53,1.94,7,10:35,13:53,0.46,0.0068,13,73,29,15,30,False,False,True,1.9,98,True,True
0.19412311810251073,56.00000000000001,16412.756044215334,32.204956462781794,50,9,14,12,3.46,1.59,10,09:52,14:07,0.42,0.0143,20,76,35,14,24,False,False,False,2.2,98,True,False
0.09836224609235834,45.45454545454545,2578.3713797629425,26.8752572035868,22,8,14,20,3.09,1.34,6,10:56,13:19,0.49,0.008,21,70,20,18,28,False,False,True,1.1,102,False,True
-0.04847321832316322,53.333333333333336,-1923.919403375632,37.04955450191138,45,8,20,12,3.15,1.76,8,10:34,13:40,0.47,0.0133,27,75,20,20,21,True,True,True,2.4,18,True,False
0.12136444020433274,43.24324324324324,6362.615841402818,31.80471934657263,37,9,14,29,4.21,0.71,10,09:58,14:57,0.46,0.006,10,73,26,15,30,True,False,False,2.2,95,False,False
-0.1143826036182691,42.10526315789473,-8216.717178679373,90.99594515558206,38,10,20,30,3.0,1.7,6,10:31,13:10,0.69,0.0095,18,70,24,14,24,False,False,False,2.6,46,False,False
0.09434956381949029,50.0,26108.384050384164,38.85477597440018,136,9,14,24,4.08,1.53,3,10:51,13:36,0.59,0.0072,19,70,25,14,20,False,False,True,2.2,54,False,False
0.1384041237083952,41.75654853620955,89552.64401947698,28.26714722714703,649,5,8,28,1.56,0.7,6,09:34,14:07,0.45,0.0103,21,71,33,20,19,True,True,False,1.3,72,False,False
-0.19911806929835427,20.0,-2383.0351808898267,28.27407103699418,15,8,20,19,4.1,0.56,1,10:19,14:11,0.45,0.0083,23,66,31,19,28,False,True,False,2.4,114,False,True
0.11305975615299593,45.56962025316456,22059.000960455392,51.708308879102496,79,9,21,13,4.96,1.44,6,10:33,14:47,0.59,0.0128,15,77,22,11,21,True,True,True,1.8,75,False,True
0.21180606431971533,63.63636363636363,3358.503795145247,17.660096717591088,11,9,14,20,4.32,1.79,9,10:24,13:02,0.59,0.015,23,73,27,20,18,True,True,True,2.2,66,True,True
0.08509461601897196,50.83333333333333,12125.611174136913,34.411589848084304,120,9,15,13,1.81,1.16,2,09:51,14:36,0.48,0.0083,13,79,35,14,20,False,False,False,1.2,19,False,True
-0.07268194024479752,38.095238095238095,-7013.913418996559,52.182879046552536,84,10,20,15,2.0,1.19,2,09:49,14:36,0.43,0.0142,28,69,32,18,18,True,False,True,1.7,65,False,True
0.18966539950699454,49.668874172185426,75337.94327339952,36.52687883149833,151,5,8,27,4.65,1.21,5,09:34,13:24,0.61,0.0141,17,76,34,18,24,True,True,True,2.9,101,False,True
-0.1554420161270961,20.0,-1046.8221922974626,13.7496711237498,5,10,20,19,4.44,0.87,2,10:38,13:05,0.69,0.0131,25,77,31,14,29,False,True,True,2.9,58,False,True
0.33717061561128175,63.63636363636363,7494.704529030201,23.476436869858738,11,8,14,24,4.06,1.74,1,10:29,13:15,0.51,0.0052,30,66,28,11,27,True,False,False,2.0,80,False,False
3.064724069984787,100.0,6688.850000000002,9.155973371635714,3,8,20,22,3.52,0.57,7,09:33,14:24,0.58,0.0071,25,75,21,13,24,False,False,True,2.2,118,True,True
0.1473285302174569,47.84313725490196,39050.28215866182,30.001389690235,255,5,8,17,1.64,0.71,2,10:45,13:46,0.55,0.0147,20,66,28,12,27,False,False,False,2.5,33,False,False
-0.11324825796237128,30.18867924528302,-14473.51231607269,126.8417149241897,106,9,21,30,3.5,1.01,4,09:28,13:37,0.44,0.0083,12,66,32,15,22,False,True,False,2.1,75,False,False
0.1948596237005991,53.65853658536586,23255.5201725074,34.232688387622154,41,10,20,27,2.78,1.8,9,10:41,14:01,0.69,0.0063,19,68,28,14,22,True,True,False,2.3,106,False,False
-0.14110073483226482,35.38461538461539,-8804.672116053507,57.615107643892486,65,9,21,11,1.83,1.02,4,09:40,14:32,0.4,0.0075,19,75,20,17,20,False,True,True,2.6,47,True,True
0.3035755723599264,63.63636363636363,7690.858324692035,22.295403539469792,11,5,8,26,3.02,1.91,10,09:15,13:16,0.58,0.0138,30,65,35,20,29,False,False,True,1.5,88,True,True
0.08872131052587272,50.98039215686274,66110.13022440889,49.43907222531767,663,5,8,10,1.7,1.42,4,10:38,15:05,0.51,0.0079,23,78,21,13,18,False,False,False,1.4,22,True,False
-0.011420875503617915,32.432432432432435,-1723.3148581550086,76.32439906091558,74,9,14,29,2.48,0.93,6,09:53,15:02,0.67,0.0136,18,70,21,19,23,False,False,False,1.0,110,False,True
0.2428254037591872,43.47826086956522,16663.41388568576,16.7783178212361,69,5,8,13,1.78,0.67,3,10:32,13:03,0.45,0.0065,15,76,28,19,21,False,True,True,1.4,61,True,True
0.2887849841259715,62.83185840707964,57631.44198961789,28.396518041305896,113,5,8,15,2.59,1.94,9,10:01,15:05,0.55,0.0082,29,69,26,20,23,False,False,False,2.3,45,True,False
0.4009176171329955,52.94117647058824,12440.834399184678,17.879766720103976,17,8,14,13,4.1,0.8,4,10:52,13:20,0.63,0.0114,11,65,28,14,24,False,True,True,2.7,55,True,False
0.13635169206555425,41.86046511627907,12978.673858518137,25.525107732716005,86,8,14,25,1.82,0.51,6,10:22,14:23,0.65,0.0126,26,68,35,12,22,False,False,False,1.1,22,False,True
0,0,0,0.0,0,10,20,11,4.54,0.54,6,10:38,14:21,0.7,0.0065,14,72,35,11,27,True,True,False,2.0,115,True,True
0.19718974712641937,30.201342281879196,52694.1555757045,19.43929228189807,149,8,20,16,4.19,0.57,2,10:15,14:39,0.49,0.0066,18,76,21,10,23,False,False,True,1.3,71,False,False
-0.01798931396016085,47.93388429752066,-5569.914560784771,73.75924301631922,121,8,14,25,1.51,1.17,8,09:56,14:38,0.59,0.0101,26,69,23,19,26,True,False,False,2.0,36,False,False
0.05052625062462284,33.33333333333333,348.33384378121264,10.198005867172915,6,10,20,15,3.43,0.77,6,10:12,13:55,0.44,0.0051,12,71,20,19,18,False,True,False,2.3,105,True,True
0.25067692561475974,50.68181818181819,194566.00407416734,40.386831223447025,440,5,8,20,4.44,1.38,5,09:30,15:14,0.55,0.0112,17,70,30,14,27,True,True,True,1.0,95,False,False
0.635593965936331,69.23076923076923,17853.594494698824,16.716401298115375,13,9,14,29,3.61,1.98,4,10:30,14:20,0.65,0.0086,19,77,24,12,27,True,False,True,3.0,97,False,True
-0.2509190972810157,50.0,-1680.1749432731303,26.738782717874056,4,9,21,26,4.9,1.45,5,10:35,13:55,0.65,0.0098,19,74,32,13,27,True,False,False,3.0,66,True,True
0.09432611875277011,43.18181818181818,7559.378837090451,47.11081890429967,44,9,14,19,3.43,1.59,9,10:42,13:55,0.55,0.0074,20,72,21,16,30,False,False,True,1.2,85,False,False
0.3825230729131792,50.0,6172.315639021479,20.154181874374324,12,9,15,29,2.12,0.78,3,09:56,14:49,0.65,0.012,20,79,33,15,28,False,False,True,1.0,76,True,False
-0.07576617999840699,48.837209302325576,-8796.748467204949,124.23073834673175,86,10,20,22,3.53,1.63,4,09:48,13:13,0.53,0.0092,29,71,35,16,21,False,True,False,2.4,78,False,False
0,0,0,0.0,0,8,20,21,2.28,1.44,6,11:00,13:53,0.64,0.0059,16,74,22,15,26,False,False,False,2.9,98,True,False
-0.0020116266640588286,40.825688073394495,1152.4106660451725,87.14182336952526,218,9,21,23,3.47,1.39,1,10:22,14:18,0.44,0.0132,28,77,20,12,18,False,True,False,2.0,71,False,False
-5.893338190645159,0.0,-5061.341814690324,26.603731236898486,6,10,20,12,2.29,0.84,3,10:08,13:19,0.51,0.0067,19,72,24,12,30,False,True,True,1.2,98,False,True
0.13556259042266477,38.88888888888889,2774.3985076388344,23.537507549859484,18,8,14,24,2.82,1.63,8,10:14,14:34,0.58,0.0087,23,78,27,12,29,False,True,True,2.7,16,False,True
0.5259544295481404,70.58823529411765,11676.366003175503,13.59117600012228,17,8,20,25,1.52,1.58,3,10:59,14:31,0.57,0.0108,27,76,21,16,29,False,False,False,1.2,70,False,False
-0.16439469733053425,30.76923076923077,-2324.1645260002115,32.043152768960404,13,9,15,21,2.26,0.93,2,09:53,13:00,0.45,0.012,29,65,26,12,29,True,False,False,1.3,66,False,True
-0.5030627398239835,33.33333333333333,-12118.295934434425,68.57062717666331,24,8,14,12,1.98,1.7,6,10:33,14:55,0.44,0.0058,10,65,20,11,30,False,False,True,2.1,17,False,False
0.10631449753513772,63.1578947368421,2599.0414975985295,27.90563187860844,19,9,21,26,3.38,1.93,7,10:25,13:45,0.41,0.0077,30,65,35,17,28,False,False,False,2.4,75,False,False
0.09538075900165109,43.20987654320987,14133.576228835933,34.30775548986754,81,8,20,10,3.9,1.53,7,10:05,14:28,0.52,0.0066,23,72,24,20,18,False,False,True,1.7,95,False,True
-3.297822763512764,0.0,-2482.407852466873,14.584684579206714,2,10,20,24,2.13,1.11,1,10:24,13:12,0.45,0.0075,29,67,24,11,29,False,True,True,2.7,82,True,False
0.33036505929490445,57.14285714285714,14222.571812684728,14.920617914868902,28,5,8,23,4.16,0.9,5,10:41,15:09,0.47,0.0149,25,79,21,13,30,True,True,False,2.9,78,True,True
-0.18206387345272787,34.78260869565217,-7308.107008561785,38.02592956304204,23,8,20,13,4.59,1.4,2,09:23,14:48,0.64,0.0104,13,75,27,20,28,False,True,True,2.6,23,False,True
0.3014550682646039,50.0,10451.298584116219,21.442900103594685,20,9,15,15,2.21,1.75,2,10:29,13:25,0.56,0.0126,29,77,25,10,18,True,True,True,2.3,99,True,False
0.024659810932915905,50.0,-157.01332271253705,26.274046405612683,6,9,15,10,1.94,1.3,7,09:26,13:00,0.5,0.0143,20,78,24,12,26,True,True,False,2.6,92,True,True
-0.15611828957096296,43.06569343065693,-36675.69536126186,215.39422693722844,137,9,14,15,4.83,1.99,1,10:07,13:26,0.68,0.0124,22,71,32,13,21,False,False,False,2.3,18,True,False
0.3499797347810255,48.717948717948715,32598.422115358888,27.388700418423173,39,8,14,26,4.72,0.71,7,09:47,14:00,0.57,0.0081,21,79,22,12,20,False,False,False,1.2,105,True,True
0.7805424470624723,71.42857142857143,9604.166778506089,12.315637167210387,7,9,14,14,2.61,1.69,8,10:39,13:06,0.6,0.0086,15,65,26,14,28,True,True,True,2.5,90,True,True
0.024842040941970293,57.14285714285714,2.1609484224318294,25.079173985780194,7,9,15,26,1.91,1.22,5,10:31,13:29,0.51,0.0101,24,72,23,12,22,True,True,True,2.7,96,True,True
0.10153594590347045,44.50261780104712,19012.227669758264,28.630949123739192,191,5,8,26,1.54,0.76,3,10:58,14:03,0.51,0.0121,15,65,26,13,22,False,False,True,1.1,60,False,True
0.055684103536620434,41.87192118226601,17245.92590613859,69.15954567026573,203,9,14,15,3.21,1.7,9,09:26,13:24,0.44,0.0078,23,71,23,16,20,False,False,True,1.4,105,False,False
0.09217408284563072,62.5,2234.0381773608824,25.319701849852912,16,9,15,26,1.63,1.6,6,10:27,13:31,0.68,0.0115,11,76,23,17,29,True,False,True,2.0,69,False,True
-0.10488633080048558,50.0,-2169.8618457414086,34.60778008039751,14,9,21,15,4.21,1.87,6,10:53,14:51,0.48,0.0084,23,72,24,13,28,True,False,False,2.5,99,False,False
0.22719069082128532,42.857142857142854,14582.514008517122,26.92582853538456,28,8,20,14,4.39,1.01,9,09:30,14:30,0.62,0.0051,15,70,32,10,18,False,False,False,1.6,109,False,True
0.18397252558423502,51.31578947368421,23010.29706677825,18.89376769310663,76,5,8,29,1.88,1.26,2,09:20,13:23,0.62,0.0055,11,78,29,10,30,False,False,False,2.4,37,False,False
0.08855850232218099,50.0,1766.15555150844,14.578971820656298,18,9,15,13,1.93,1.41,3,09:15,14:21,0.47,0.0058,29,65,35,20,28,True,True,True,1.2,21,False,True
0.11927150918131171,42.62295081967213,20757.836606027427,36.68282646145114,122,8,20,23,3.78,0.76,2,10:33,14:42,0.43,0.0103,21,79,25,18,21,False,True,True,1.2,119,False,False
-0.029478441968638153,50.57471264367817,-7211.679853499039,83.09674723895111,261,5,8,10,1.92,1.81,7,09:15,13:00,0.43,0.0132,26,66,21,19,20,True,True,True,2.3,16,False,True
0.1921670420064612,51.11111111111111,29390.31149034042,22.78758137555036,90,5,8,26,2.6,1.25,8,10:55,14:51,0.61,0.0132,17,68,21,10,30,False,False,True,1.5,42,False,True
0.3945632678909503,50.0,1737.6094969566439,7.927160469392266,4,9,15,15,4.0,0.51,6,09:17,14:51,0.48,0.0096,19,65,26,17,27,False,True,True,1.2,56,True,True
0.08144454147364659,45.13888888888889,15541.750148594685,32.24387549970859,144,5,8,15,1.76,1.04,4,09:59,13:27,0.6,0.0065,15,79,35,17,22,True,True,False,1.4,53,True,True
0.1422157774328711,31.57894736842105,1946.8937866318884,13.006316043961252,19,9,15,24,2.11,0.52,1,10:03,14:28,0.42,0.0133,15,78,27,12,23,True,False,False,1.0,105,True,False
0.15093466047969126,60.0,1217.4760200165765,24.803719658127292,5,10,20,30,1.77,1.57,10,10:45,13:10,0.45,0.0121,23,69,33,14,22,False,False,False,2.9,97,True,False
-0.13002873150303998,45.0,-9583.419751883339,102.46282197577898,40,8,20,22,2.9,1.96,10,09:54,14:33,0.49,0.0056,27,80,24,16,23,False,False,False,1.7,54,True,False
0.5463813330247266,60.0,3409.2240443384835,8.376771648389395,5,9,15,25,4.19,0.57,2,09:59,13:37,0.67,0.0149,14,79,31,17,22,True,False,False,1.3,27,True,True
0.14565354423656254,48.214285714285715,12097.931743827663,24.473439997406068,56,9,14,21,4.26,1.78,7,09:41,13:10,0.46,0.0119,24,73,35,19,29,True,False,True,1.1,81,False,False
0.5620894336903635,64.28571428571429,8923.03101672899,17.170933599817687,14,9,15,21,1.66,1.09,3,09:18,15:14,0.46,0.0126,28,65,31,12,28,True,True,False,2.7,110,True,False
0.1645521557625565,50.0,100678.0437313814,35.284127662350365,360,5,8,10,3.79,1.41,7,10:25,13:25,0.44,0.0141,28,71,21,12,23,False,True,True,2.1,81,False,False
0.18841955616177328,55.319148936170215,16205.745792801783,23.6075018744506,47,8,14,26,2.53,1.15,9,10:38,14:08,0.59,0.0066,14,69,28,19,29,False,True,True,1.4,97,True,False
0.28168302964912195,52.94117647058824,9298.977650021796,14.575750984614322,17,8,14,16,2.69,1.41,3,09:30,14:20,0.5,0.0082,16,65,29,14,21,True,False,True,1.5,86,True,True
0.3311535945086864,43.39622641509434,33240.600995908295,27.858600848407995,53,5,8,28,2.84,0.7,3,09:20,14:51,0.57,0.0108,17,65,20,20,19,True,False,True,2.3,106,True,True
-0.031144499581651733,45.09803921568628,-5343.928970316445,55.658733385379634,51,8,14,16,2.04,1.83,2,09:21,15:09,0.69,0.0114,24,68,33,10,25,False,False,True,2.6,46,True,True
0.11254883763565615,44.91017964071856,18425.221292970236,18.94184338629267,167,5,8,10,3.26,0.81,3,09:23,14:54,0.42,0.0068,30,73,32,14,28,False,False,True,2.7,19,False,True
0.22525361289993606,52.5,15947.222805190293,28.511659610769968,40,9,21,22,3.47,1.23,3,10:21,14:05,0.5,0.0059,19,79,33,14,19,False,True,False,1.6,26,False,True
0.09442709398086459,46.15384615384615,21210.72793881238,69.65032459242042,91,5,8,29,3.1,1.04,1,10:15,14:21,0.66,0.008,14,65,27,15,24,True,True,False,3.0,115,True,True
0,0,0,0.0,0,10,20,11,1.8,1.47,4,09:59,13:56,0.45,0.0134,10,67,22,11,28,False,True,True,2.1,68,True,False
-0.013198283365814571,35.78947368421053,-1205.893225441945,53.40442647819312,95,10,20,10,3.4,1.09,4,09:32,14:42,0.6,0.0062,11,75,32,11,19,False,False,True,2.8,15,True,False
0.23196978473128602,60.86956521739131,6469.47630339129,22.164184985609538,23,5,8,18,3.69,1.52,6,10:14,13:59,0.41,0.0096,12,80,32,10,30,True,True,True,2.3,75,True,True
0.34214995606358817,45.45454545454545,13414.208188648998,22.050701621849353,11,8,20,20,3.69,1.07,6,09:50,13:11,0.68,0.0148,13,68,29,10,25,True,False,True,1.1,31,True,True
0.018040475705534773,45.58139534883721,5326.195023255594,93.79405119983373,215,9,14,23,4.39,1.45,2,09:36,13:31,0.44,0.0082,30,69,32,14,19,True,False,False,2.0,22,False,False
-0.19769361545733755,31.25,-6214.24353338979,38.21480642084488,16,8,20,15,2.09,1.33,2,09:52,14:13,0.56,0.0146,30,65,27,14,26,True,True,True,2.5,75,True,True
0.07190285977218211,54.166666666666664,4759.587020276711,43.170341456164444,24,8,20,27,2.72,1.78,6,10:49,13:22,0.5,0.0124,24,72,25,10,25,False,False,False,2.7,73,False,True
-0.044996299253501036,46.42857142857143,-1567.1378395535576,43.89756290055898,28,9,14,22,4.92,1.34,8,09:20,13:22,0.46,0.0108,12,73,26,20,29,False,False,False,3.0,68,False,True
0.3886797828984497,62.5,5576.511500609606,22.87958552704143,8,9,15,19,4.71,1.08,7,10:52,13:46,0.51,0.0115,17,67,23,12,30,True,True,True,2.7,46,True,False
0.21847397149937223,66.66666666666666,3041.913620202089,18.994448656896825,9,8,20,20,3.08,1.8,4,09:31,14:35,0.51,0.0078,25,65,30,12,24,True,False,False,2.2,61,True,True
0.025005760285582376,35.294117647058826,5569.644556940708,74.97779339335857,85,8,20,14,2.79,0.89,9,09:53,13:46,0.56,0.0085,17,77,29,11,24,True,True,False,1.4,74,True,False
0.5747218790295412,64.70588235294117,15102.141926155848,12.30586281976521,17,8,14,27,4.94,1.93,9,10:26,14:06,0.42,0.0076,17,68,34,18,24,True,False,False,1.6,42,True,True
-0.4331967382102022,31.25,-9268.844529821066,57.75631668514656,16,8,20,11,1.65,1.07,9,10:44,13:30,0.65,0.0072,11,77,34,11,30,True,True,False,1.1,94,False,False
-0.21656209702596135,39.62264150943396,-22633.31257965289,122.54911778765842,53,9,15,20,1.93,1.76,8,09:52,15:13,0.7,0.0073,13,73,35,10,30,True,False,True,1.5,66,False,False
0.16796550445562566,40.12096774193548,83451.83326730123,18.635392862653795,496,5,8,28,1.95,0.6,9,10:35,13:22,0.45,0.0132,21,72,29,18,18,True,True,True,1.2,75,False,False
-0.25492815067561264,22.22222222222222,-2839.559877333966,25.971544110872628,9,9,21,15,4.03,0.54,10,10:29,14:35,0.66,0.0073,14,71,34,13,30,True,True,True,1.7,43,True,False
0.13407961187811812,51.85185185185185,7231.961327430239,37.39792162481136,27,8,14,27,4.98,1.57,10,09:20,13:29,0.46,0.0131,11,79,27,11,29,False,True,False,1.1,105,False,True
0.05869495966838543,49.629629629629626,29057.314199238455,56.946631413012774,270,8,14,12,4.32,1.9,9,09:35,14:31,0.67,0.0095,18,67,31,18,20,True,False,False,2.1,29,False,False
0.08920426020217812,53.125,3454.3615954040433,26.28396689643261,32,9,14,24,1.52,1.07,6,09:24,13:56,0.41,0.0121,24,78,26,18,27,True,True,False,1.3,59,True,False
0.054789066465568775,51.42857142857142,14663.34850259815,58.445905028836144,140,8,14,12,2.21,1.94,3,09:29,14:33,0.58,0.0085,27,76,25,20,18,True,True,False,2.5,99,False,True
0.1171985659484363,42.857142857142854,4485.128534357369,17.207113759658775,35,8,20,27,2.49,0.55,3,09:37,14:57,0.64,0.0069,23,71,23,17,25,False,True,False,2.8,15,False,True
0.22194084840517192,50.0,853.5310681667797,9.108979669721313,2,8,14,23,1.81,1.89,10,10:40,14:28,0.52,0.0053,15,71,34,18,21,True,False,True,1.4,71,True,False
0.5364855783186491,66.66666666666666,11821.878147648997,17.200209913545745,12,9,15,27,4.81,1.53,9,10:46,13:13,0.46,0.0095,29,73,20,13,25,False,False,True,1.8,103,True,False
0.2932745922957339,52.94117647058824,8509.07599009549,14.28167895140128,17,9,15,16,2.64,1.81,3,10:47,14:38,0.7,0.0094,17,70,30,17,24,True,True,True,1.1,28,True,True
0.088838295770894,45.45454545454545,1159.9842571784538,33.292449912489744,11,9,21,15,2.36,1.05,6,10:43,14:30,0.61,0.0098,21,73,20,12,25,False,True,False,3.0,99,True,True
0.17365898758136056,50.07898894154819,171976.76457255764,34.32715147688216,633,5,8,22,2.69,1.93,3,09:15,14:08,0.42,0.0061,17,80,26,12,18,False,False,True,1.8,68,False,False
0.3395544747966804,43.75,7610.974075796952,9.65282059534464,16,9,14,17,3.42,0.66,9,10:49,14:40,0.47,0.0091,11,66,20,19,25,False,True,True,1.2,56,True,True
0.0347183920187352,43.75,7031.076361027288,49.53455368325791,96,9,15,12,3.23,1.53,5,10:38,15:10,0.61,0.0098,14,68,30,16,25,False,False,True,1.7,32,False,False
0,0,0,0.0,0,9,21,28,3.61,1.44,5,10:58,13:15,0.58,0.0085,14,80,21,20,22,False,True,False,1.5,25,True,False
-0.04610114127751616,25.0,111.49903240240747,27.90777529976513,4,10,20,16,1.53,1.87,7,10:09,13:58,0.68,0.0105,23,68,35,14,22,False,True,False,2.4,76,True,False
0.022659472586707217,50.0,-126.64865617678879,18.969833202339235,4,10,20,23,4.34,1.5,7,09:17,14:51,0.51,0.0137,28,68,30,19,30,True,True,True,2.4,59,True,False
-0.05679155460975301,41.17647058823529,-4838.2007168758755,73.5918961499123,51,8,20,16,2.4,1.75,1,10:30,13:45,0.68,0.012,27,79,21,11,25,True,False,True,1.5,68,False,False
-0.05367762490476521,46.478873239436616,-21547.914003999973,119.01506375274178,142,8,14,15,4.36,1.89,9,10:12,13:59,0.64,0.0119,15,75,35,12,23,True,True,False,1.7,42,False,False
0.14912011591076132,48.88059701492538,54603.24279346016,40.13955996421541,268,5,8,24,3.82,1.12,2,10:56,13:35,0.49,0.0109,13,72,27,13,25,False,True,True,1.8,48,False,False
-0.3874119393837463,25.0,-1961.0569388799922,23.123091534491945,8,10,20,23,3.31,0.55,9,10:12,14:30,0.42,0.011,12,80,31,19,22,False,True,False,1.1,86,True,True
0.08355131188654134,30.0,2636.0393684734154,31.781645449568302,30,10,20,11,3.86,0.85,8,09:26,14:11,0.54,0.0137,14,78,33,12,26,False,False,True,2.0,68,False,True
-0.11065524078950413,35.0,-2605.741575191685,25.165482066534906,20,9,21,22,3.03,1.3,9,10:30,14:10,0.42,0.0102,10,75,23,17,24,True,False,True,1.4,105,False,True
0.059874766416521494,47.368421052631575,2770.379280409634,23.73421014108161,38,9,14,25,4.02,1.52,5,09:23,13:36,0.47,0.015,21,66,31,12,30,False,False,True,2.6,15,True,False
0.3277770772400998,38.095238095238095,19007.145819027806,43.32569944342643,21,8,14,11,4.18,0.75,3,09:57,13:39,0.51,0.0055,28,73,27,10,22,True,True,True,1.9,68,True,False
0.036240387205760845,33.035714285714285,5074.950597135608,50.76797038689628,112,9,15,27,2.58,0.51,9,09:45,14:14,0.66,0.0081,20,78,24,12,25,True,True,True,1.9,33,False,False
0.15787701002971405,48.821548821548824,200676.59435508438,34.02169978321747,594,5,8,29,3.96,1.5,4,09:50,13:54,0.52,0.0079,29,79,21,14,20,False,False,True,2.0,89,False,False
0.5667174850489628,69.23076923076923,16683.6686693401,18.425589470597174,13,10,20,29,3.81,1.57,9,10:04,14:42,0.48,0.0069,21,80,35,10,27,False,False,False,2.7,90,True,True
0.2508057412737998,45.16129032258064,14137.07057179552,18.96525322512884,31,8,14,24,4.85,0.99,1,10:46,14:46,0.54,0.0139,24,65,21,10,27,True,True,True,2.1,64,False,True
-0.2119466961710932,40.0,-23834.951525024553,143.987094166367,45,8,20,18,2.72,1.99,5,09:41,14:23,0.7,0.0115,29,76,32,14,27,False,False,True,1.9,104,True,False
-0.08903756449149407,38.70967741935484,-4312.824553396533,49.72372967065184,31,8,14,30,2.11,1.09,8,09:58,13:52,0.49,0.0057,27,69,29,16,22,False,True,False,2.9,76,False,True
0.00022053772663770566,36.40167364016737,1377.604275052112,89.61411474598631,239,9,21,23,2.33,0.98,6,10:17,14:51,0.64,0.0137,11,76,21,15,18,False,False,True,1.8,115,False,False
-0.09797946822981862,50.0,-2788.4326674955337,27.235420930558206,16,9,21,14,4.04,1.8,8,09:26,14:04,0.54,0.009,19,74,34,11,24,False,False,False,2.1,21,True,False
0,0.0,-881.2740148101766,4.4063700740508835,1,8,20,10,1.64,1.48,9,09:35,13:36,0.52,0.0107,15,67,20,13,29,False,False,True,1.1,74,True,True
-0.09327420966043758,32.0,-7033.393893520144,66.59837432228228,50,8,20,11,4.02,1.14,6,09:22,13:38,0.46,0.0076,12,65,31,13,23,True,False,False,2.8,67,False,True
0.2158575986344602,60.29411764705882,24808.70064924514,23.20481409773513,68,9,14,18,2.37,1.75,7,10:16,13:59,0.58,0.0114,13,74,26,17,25,True,False,False,1.6,97,True,False
0.13069893873438496,48.739495798319325,28660.169149119407,40.91828234185865,119,9,15,14,3.27,0.92,1,09:34,13:16,0.6,0.0081,21,66,27,10,19,False,True,True,2.1,31,False,True
0.3224593285861634,53.403141361256544,121764.59686585318,15.40419054258331,191,5,8,15,4.26,1.25,10,10:51,13:27,0.54,0.0107,20,73,34,12,26,False,False,True,1.6,112,True,False
0.02214114424530101,40.0,2793.3862265105054,49.26253651777301,85,9,21,28,2.13,0.68,3,09:21,15:06,0.43,0.0086,13,72,20,18,24,True,True,False,2.9,30,False,False
0.0028239148755834415,29.629629629629626,-84.13369200540183,42.87237455935221,27,8,20,10,2.85,0.74,9,09:27,15:15,0.55,0.0141,29,68,24,15,29,True,False,False,3.0,106,False,False
0.03528565557640733,41.66666666666667,4717.425063302046,35.54233855039683,120,9,21,25,2.68,0.92,8,10:07,14:20,0.42,0.007,18,77,30,11,21,False,False,False,1.3,27,True,False
-0.039892285060016096,43.47826086956522,-1011.6082731718088,40.32966925403468,23,10,20,30,4.21,1.52,4,09:25,13:14,0.6,0.0092,20,66,30,18,26,True,True,True,2.9,18,False,True
0.31767209712456296,50.0,5309.062958195642,16.53249638486457,8,9,14,13,4.05,1.51,5,10:57,14:33,0.64,0.0145,27,78,30,11,29,True,False,True,1.8,109,True,True
-0.11200563855231922,41.81818181818181,-8935.619539238116,74.23160632277845,55,9,21,10,2.62,1.38,10,10:22,14:26,0.52,0.0099,20,79,20,19,25,True,True,True,2.8,94,False,False
-0.021954373445645693,47.05882352941176,305.27155378063253,75.4831463876545,51,10,20,30,3.67,1.77,2,10:11,13:35,0.63,0.0117,21,68,25,16,18,True,True,False,1.7,27,True,True
0.31569371829783066,25.0,3023.024728961991,11.389447106393996,4,9,21,16,3.68,0.72,7,10:54,13:44,0.67,0.0051,30,80,27,13,18,True,False,True,2.9,70,True,True
-0.10336664203046077,31.25,-2082.561181391422,34.55873571865292,16,9,21,24,2.39,0.57,10,09:35,13:07,0.63,0.013,23,68,32,15,28,True,True,False,1.4,59,True,False
-0.07227558360907747,27.27272727272727,-1481.1525042762005,35.702880729756174,11,8,14,13,4.6,1.4,7,09:48,13:51,0.5,0.0107,11,77,33,12,30,True,False,True,1.1,60,True,True
-0.04268103378770368,50.0,-2321.904836532867,78.14052906274924,58,9,14,10,1.94,1.52,8,09:36,14:01,0.44,0.006,18,70,28,14,26,False,True,True,2.1,56,False,False
0.07885316066751415,43.04635761589404,39117.74997308695,48.16903559624473,302,5,8,10,1.5,0.93,6,09:46,14:36,0.69,0.0116,30,73,21,13,20,False,False,True,2.6,102,True,True
0.23485766466224778,48.554913294797686,65472.33592903901,16.00334281887665,173,5,8,23,3.61,1.69,10,09:20,13:49,0.43,0.006,12,65,24,20,18,False,False,True,1.4,66,False,True
0,0.0,-679.7893222196617,3.398946611098309,1,9,21,30,2.67,0.63,6,10:26,14:38,0.46,0.0071,23,73,21,14,24,True,False,False,1.7,34,True,True
0.5338051312692453,66.66666666666666,4342.7999999997555,17.46798489743536,6,10,20,20,3.48,1.85,2,09:25,13:29,0.6,0.0074,15,80,23,17,28,False,True,False,3.0,36,True,True
0.2114097292022124,54.424778761061944,44766.40375702711,18.388054262578585,226,5,8,12,1.81,1.21,6,10:41,13:01,0.44,0.0117,28,69,29,16,19,True,False,True,2.8,26,True,False
0.007506678368976643,37.704918032786885,1622.2208256263148,58.20568812699304,122,9,15,29,3.33,0.87,2,10:16,14:55,0.49,0.0078,18,77,34,10,25,False,True,True,2.8,80,False,False
0.04032805596041503,43.373493975903614,3396.469125032938,58.081887592991265,83,9,14,18,1.93,0.98,8,09:45,13:21,0.47,0.0105,14,80,25,15,26,False,True,True,1.4,116,False,False
0.06033244224840227,47.91666666666667,5177.626843612867,28.85495279258381,48,8,20,26,2.61,1.52,4,10:35,14:20,0.51,0.0075,10,78,26,13,22,True,True,True,2.2,57,True,False
0.06310488712044104,45.89041095890411,20486.25994681009,47.44502292679588,146,9,14,14,4.37,1.75,3,09:43,14:58,0.56,0.0094,22,73,30,15,18,True,True,True,1.8,40,True,True
-0.11382760751519012,43.75,-9207.010870193295,97.3258289721366,48,10,20,14,2.07,1.56,8,09:40,13:00,0.64,0.0131,27,67,25,16,21,False,False,False,1.1,83,False,True
0.2041974789825923,49.079754601226995,65095.419441704114,56.031813681368625,163,10,20,28,3.76,1.93,6,09:22,13:35,0.45,0.0063,29,77,22,10,20,False,False,True,2.1,58,True,False
0.024718427935835532,42.857142857142854,1705.8188516068185,26.303770301003766,35,8,14,10,4.66,1.42,9,10:43,13:00,0.47,0.0072,26,77,30,19,25,False,True,False,2.8,34,False,True
0.008995015634336702,42.285714285714285,6926.35291267337,124.5198230508296,175,9,15,24,4.12,1.65,9,09:31,13:33,0.63,0.0131,17,76,24,19,19,True,False,True,2.6,100,False,False
0.22934774265864175,53.84615384615385,3093.013910972688,22.85454891194462,13,8,20,11,2.47,1.44,4,10:13,14:00,0.45,0.0121,29,73,32,16,28,False,False,True,2.3,118,False,True
-0.2547795931853236,35.483870967741936,-9415.446410906585,54.76232126512869,31,9,21,12,1.8,1.57,2,09:58,14:21,0.46,0.0089,22,77,32,20,24,False,True,False,2.8,28,True,True
-0.01746365039649205,51.18483412322274,-3030.7311185919934,175.19396945158405,211,8,20,11,2.79,1.94,3,09:47,14:09,0.65,0.0081,13,71,23,16,18,False,True,False,1.3,50,False,False
-0.11003471909054557,50.0,-1537.469111013972,32.013945315576755,6,9,21,19,1.63,1.86,8,09:40,13:50,0.69,0.0131,13,73,26,16,25,True,True,False,2.8,87,True,True
-0.0895294631043325,43.58974358974359,-7118.072045234345,62.93851071526434,39,8,20,22,2.93,1.35,2,10:04,14:54,0.65,0.0146,11,65,33,10,30,False,False,False,2.1,57,False,False
-0.08402341102601195,55.55555555555556,-553.1759873523224,25.974383596659834,9,10,20,18,4.17,1.92,10,10:33,14:54,0.42,0.0135,20,72,27,16,28,False,False,False,2.1,76,False,True
0.5475705179847,64.70588235294117,12800.893615802539,10.602415498834887,17,8,14,21,1.6,1.05,7,10:11,14:49,0.53,0.0084,16,69,23,17,22,True,False,True,2.9,101,True,True
0.19295024522417956,62.16216216216216,12833.53346103469,16.031300344143816,37,9,15,16,3.22,1.95,6,10:32,14:53,0.54,0.0104,28,80,24,12,28,True,True,False,1.8,95,True,False
0.03790537540689537,47.20496894409938,6420.894490240917,61.39212130403049,161,8,14,12,2.82,1.14,9,09:56,14:48,0.44,0.0105,17,68,24,14,23,True,False,False,1.5,78,False,False
0.011016532175237289,51.61290322580645,656.7590465807662,29.70862756782476,31,10,20,20,4.13,1.52,10,10:31,14:08,0.49,0.0148,21,68,35,19,21,False,False,False,2.8,27,True,True
-1.2196421439640428,14.285714285714285,-6052.473161572929,33.43701692362223,7,10,20,15,2.19,1.0,1,10:58,14:56,0.49,0.0059,23,71,34,17,27,False,False,False,1.1,109,True,False
-0.17487311804611166,42.42424242424242,-8110.8086532502875,85.95147880581308,33,9,21,14,3.56,1.5,9,10:47,13:19,0.62,0.0138,28,65,23,12,25,False,True,False,2.2,41,False,False
0.04001087690036988,46.79802955665024,8833.442296350622,50.72622071452004,203,5,8,16,3.94,1.12,8,10:19,14:56,0.55,0.0056,29,67,25,18,22,False,True,True,1.1,18,False,False
0.07809177032559633,45.45454545454545,11783.694111532877,45.61174430299818,99,9,14,10,4.05,1.34,5,10:02,13:15,0.48,0.0065,18,75,23,19,22,False,True,True,1.9,34,False,False
0.34510059291255274,62.5,11522.37194482861,18.037198845896633,24,8,14,12,3.29,1.97,1,10:39,13:45,0.43,0.0124,19,80,35,13,27,False,True,False,2.2,63,False,True
0.056984547550649696,40.074906367041194,13459.244545216585,51.98068605400756,267,8,14,30,4.99,0.67,3,10:04,14:53,0.43,0.0102,16,67,20,16,20,True,True,False,2.3,16,True,False
0.2556194710120186,41.66666666666667,7391.765790039091,14.800875934928401,12,5,8,16,4.25,1.65,1,10:45,13:44,0.52,0.0056,29,80,22,17,19,False,False,True,2.0,37,True,True
0.20748369991404747,53.84615384615385,8320.692985041267,19.02341828629904,26,9,15,12,3.03,1.41,9,10:13,14:33,0.51,0.0094,20,79,26,20,28,True,True,True,2.5,88,True,True
-0.1034754375700332,33.33333333333333,-1032.7886168355762,21.24453550245964,9,9,21,26,3.6,1.48,5,10:51,13:38,0.48,0.0136,26,80,32,15,22,True,True,True,2.3,83,True,False
0.26788297802010874,56.25,17368.71696155377,21.81870191476289,32,8,14,16,4.87,1.56,9,10:54,15:09,0.61,0.0109,26,77,29,11,19,True,False,False,2.4,38,True,True
0.4235745348179755,71.42857142857143,9884.238244580374,17.23704480266322,14,9,14,29,3.23,1.84,10,09:25,14:45,0.54,0.0128,28,66,34,17,26,False,True,False,2.5,44,True,False
0.08447691380230865,55.00000000000001,4296.268356825018,30.084834083356032,20,8,14,21,4.77,1.52,4,09:50,14:00,0.58,0.0068,13,67,34,19,30,True,False,False,1.6,116,False,True
0.10845121263231486,43.75,5434.704354395239,24.72138648556789,32,10,20,21,2.68,1.19,8,09:44,14:43,0.49,0.0062,23,77,21,18,21,True,True,True,2.0,94,True,True
0.005910218016455508,39.52095808383233,4730.778699226779,116.5604075623673,167,10,20,25,1.99,0.89,10,09:24,14:16,0.64,0.0139,14,79,30,12,21,True,False,False,2.3,22,False,False
0,0.0,-538.020000000095,3.8750250000003144,1,9,21,10,3.3,1.99,9,10:47,14:06,0.61,0.0101,15,78,24,19,23,True,False,True,2.7,37,True,False
-0.009410213147639554,30.434782608695656,597.7152968476876,58.39892446713337,23,9,14,16,4.74,0.72,6,09:17,13:30,0.66,0.0126,13,70,21,17,30,False,False,True,2.6,73,True,True
0.18011605784814966,50.0,39463.08732377746,37.032438642153494,134,5,8,12,4.42,1.19,3,09:51,14:37,0.49,0.0145,20,69,23,16,29,False,True,False,1.6,37,False,True
0.05871711756632839,33.33333333333333,526.0385042584312,22.0705631898355,6,9,15,12,4.6,1.15,9,10:54,13:33,0.47,0.0107,14,77,34,16,30,True,True,True,1.9,87,True,True
0.11559048340435642,46.666666666666664,8180.041193695768,29.979346101975768,45,9,15,14,4.97,1.79,6,10:36,14:41,0.51,0.0076,29,75,20,17,18,False,False,True,1.8,31,True,True
0.07445893059444555,30.476190476190478,9250.7641863912,36.663330284006996,105,10,20,19,2.03,0.63,9,09:26,14:21,0.49,0.0084,21,70,28,19,18,False,False,True,1.3,96,False,True
0.2098840703817408,51.66666666666667,74981.24275745868,35.79114714543684,180,5,8,21,2.99,1.17,7,10:04,13:33,0.56,0.0063,21,66,28,20,26,False,False,True,1.4,110,False,False
0.1942759521730287,41.10671936758894,74652.04956104668,18.84633372491951,253,5,8,10,3.02,0.62,7,09:36,13:20,0.59,0.0116,29,72,30,19,20,False,True,True,1.6,41,False,True
0.14839609150521182,51.388888888888886,22466.25261146747,30.546756583571423,72,9,14,30,3.8,1.74,6,10:40,15:11,0.51,0.0148,28,74,28,11,28,False,False,True,2.5,69,False,False
0.11015453745304117,44.89795918367347,8549.113199962729,32.197369381656635,49,9,15,11,1.97,0.86,8,10:27,13:00,0.58,0.0124,15,80,28,14,21,False,False,False,1.2,43,False,True
-0.07753254071589842,36.36363636363637,-8764.397883510388,74.60789497240458,77,9,14,14,2.67,0.96,9,09:51,15:01,0.48,0.0094,29,80,27,13,23,False,True,True,2.3,36,False,True
0.12085504755422438,49.01960784313725,57397.57515670026,47.06575075880701,357,5,8,14,2.45,0.84,8,10:10,14:50,0.68,0.0085,24,74,27,12,28,True,True,True,2.3,19,False,False
0.1490645151165568,38.88888888888889,69495.667680273,30.24262372814668,396,5,8,29,1.94,0.61,9,09:27,14:55,0.51,0.0098,11,65,35,14,27,False,False,False,1.8,62,False,False
-0.1283023142193935,36.36363636363637,-1699.4828787770712,16.93961566572582,11,10,20,16,3.68,1.17,3,10:54,14:06,0.45,0.0138,26,77,26,17,29,False,True,False,1.0,59,False,False
0.2071856599939135,43.24324324324324,14065.768876082293,20.408079661292092,37,8,20,28,3.39,0.9,6,10:16,14:32,0.47,0.0122,29,69,35,17,19,False,False,False,2.8,109,True,False
-0.13556099695762713,40.909090909090914,-17304.67213774425,108.44478541920904,88,8,20,21,2.19,1.2,2,10:03,13:43,0.57,0.0136,14,68,28,15,22,False,True,False,2.5,60,False,False
0.12848844920930388,53.84615384615385,28544.661012102013,39.83458699504564,130,8,14,25,3.47,1.98,6,09:49,14:35,0.54,0.0088,14,73,22,16,23,True,True,True,1.6,75,True,False
0.46492731011807187,43.75,14734.296705734523,11.387750044411758,16,9,15,19,3.74,0.6,7,10:58,14:37,0.67,0.0101,29,80,20,15,23,False,False,False,1.3,47,True,True
0.0820772113367533,31.25,3550.5940336906715,16.156469374208527,32,5,8,23,2.58,0.66,4,10:50,15:03,0.57,0.0055,19,69,32,15,28,False,True,True,1.9,62,False,True
0.23480782308328088,60.86956521739131,10164.30644669236,23.296483303148865,23,8,14,26,1.53,1.31,1,09:35,15:03,0.58,0.0091,17,66,27,18,30,False,True,False,1.6,115,True,False
0.22078368145577,32.417582417582416,102575.67222786824,43.41078563002945,182,5,8,20,4.58,0.53,8,10:04,14:19,0.69,0.0103,26,68,20,14,25,False,True,True,2.5,94,False,True
0.1969831558378812,40.0,8489.93068942297,24.61067837929929,20,9,14,11,4.02,0.85,6,10:22,13:34,0.69,0.0133,11,69,28,19,24,False,False,False,2.2,21,True,True
0.27500757053021185,54.166666666666664,15519.732107636046,23.89835755332119,24,8,14,28,2.94,1.87,3,10:34,13:32,0.68,0.0053,21,79,23,13,23,False,False,False,1.4,68,False,False
-0.14156232428948312,42.22222222222222,-21169.350728119418,165.04881291904104,135,10,20,14,2.32,1.94,9,10:10,14:18,0.46,0.0089,29,67,24,13,20,True,False,True,2.1,35,False,False
0.0214199614965252,43.65079365079365,6816.9805372091105,86.78622218027957,126,8,14,18,3.06,1.19,4,10:20,13:05,0.68,0.0137,13,79,23,13,22,False,False,True,2.4,70,False,False
0.2658198446628232,37.5,13158.874794969866,23.08941874118153,16,9,15,25,4.77,0.74,8,09:34,15:05,0.69,0.0067,12,73,21,10,27,True,False,False,1.6,106,True,True
-0.3783714518044564,42.857142857142854,-5456.063262660438,27.946094401036607,7,9,21,10,1.69,1.94,8,10:49,13:59,0.66,0.0104,22,71,29,18,28,True,True,False,2.3,100,True,False
-0.07273528343975043,45.45454545454545,-3527.429878916788,37.998048310867425,22,9,21,13,2.52,1.25,4,09:28,13:32,0.45,0.0086,21,75,31,19,29,False,False,True,1.7,119,False,False
0.3725660692704098,51.02040816326531,48029.45363613678,22.728929387824255,49,5,8,11,4.56,0.71,3,09:53,14:25,0.53,0.0075,19,70,34,15,18,True,True,True,1.5,54,True,True
-0.014528156466975051,38.46153846153847,-112.19407637426048,42.840931470202285,26,9,21,24,4.43,1.0,4,10:50,14:01,0.62,0.0114,16,65,23,14,23,False,False,True,2.3,26,False,True
0.09697602107407188,48.57142857142857,16739.044527378173,41.07651696567309,105,8,14,12,2.2,1.65,8,09:44,13:23,0.45,0.0104,10,79,28,11,25,True,True,True,1.5,88,True,False
-0.17400655686679023,28.57142857142857,-6566.801386870971,57.22484643078327,35,9,15,11,2.79,0.96,9,10:57,13:47,0.49,0.0086,22,75,31,11,23,True,True,False,1.6,109,False,True
0.07173292079365741,32.25806451612903,3642.0487412357215,31.956934259901843,31,8,20,22,2.1,0.54,4,09:38,15:06,0.63,0.0099,15,71,32,17,29,False,True,True,1.8,57,False,False
-0.03770442134700505,45.94594594594595,-1495.588292765613,34.60945505381369,37,8,20,26,2.92,1.35,8,10:28,14:03,0.43,0.0125,21,73,33,12,22,True,True,False,3.0,87,True,True
0.33859133471269515,52.77777777777778,46721.61072845649,38.927365870273825,36,10,20,10,4.47,1.97,8,10:59,13:48,0.66,0.0057,10,78,21,12,20,False,False,False,2.2,115,False,False
0.19440916325241325,42.45283018867924,60044.11083230525,58.74115007087003,106,9,14,20,4.16,1.08,5,10:40,13:22,0.68,0.0109,29,71,30,10,23,True,True,True,2.1,116,False,False
-0.2872174197156887,46.15384615384615,-3800.200814072379,33.327770624653134,13,10,20,19,2.58,1.63,3,10:26,14:21,0.49,0.0099,28,80,35,10,29,True,False,True,2.9,27,False,True
0.3171634012112344,44.44444444444444,7789.681692348528,13.375278836050331,9,9,14,24,3.65,1.21,3,09:25,14:24,0.61,0.0059,11,66,35,19,28,False,True,True,1.1,96,True,True
0.022695400258303855,39.79057591623037,8132.608458144168,76.07063805780773,191,9,15,25,3.2,1.01,6,09:49,14:51,0.63,0.0136,14,65,22,12,22,False,True,True,1.5,70,False,False
0.09944805120514154,43.07692307692308,9194.4915494481,26.87185506185389,65,9,15,14,3.45,0.97,8,10:40,13:43,0.48,0.0072,18,77,24,19,26,False,False,True,2.2,100,True,False
-2.6480401971959413,0.0,-2692.724999999995,22.87352194565174,5,10,20,14,2.28,1.81,8,09:46,13:59,0.69,0.0116,21,68,30,18,30,True,False,False,2.4,31,False,True
0.04788460775913711,46.15384615384615,3391.1392066446933,29.713219619466607,91,9,15,27,2.67,1.17,9,09:26,14:45,0.45,0.0117,28,76,29,20,21,True,False,False,2.5,17,False,True
-0.004759572496046332,50.37593984962406,-2255.1024631174987,66.59124162960377,133,8,14,11,4.91,1.93,4,09:44,14:40,0.43,0.0112,16,77,27,15,20,True,True,False,2.5,24,False,True
0.045245676902532665,39.42307692307692,9845.449384546937,95.89074747800214,104,10,20,21,2.59,1.02,6,09:20,13:01,0.48,0.008,24,75,25,11,19,True,False,False,1.5,69,False,True
-3.5164508437048245,0.0,-1952.450236650533,9.762251183252665,2,10,20,17,4.83,1.07,6,10:41,13:37,0.6,0.0128,20,66,25,20,30,False,True,True,2.6,41,False,True
0.09944591112887836,27.380952380952383,20505.24922095662,24.252240798236773,84,9,14,17,4.77,0.56,3,09:38,14:51,0.62,0.0083,24,77,35,10,29,False,False,False,2.0,97,False,False
-0.09373268426952043,40.909090909090914,-6892.519630640518,65.2432048962648,44,10,20,25,1.79,1.21,7,10:02,14:41,0.52,0.0059,17,73,20,14,22,True,False,False,2.8,95,False,False
-0.1464807531366833,37.096774193548384,-13949.157133557648,103.9954723050729,62,9,21,27,3.24,1.83,4,11:00,14:08,0.63,0.0113,25,79,20,14,19,False,True,False,2.3,31,False,True
0.6834786673425945,66.66666666666666,11068.723336331102,17.05874119100622,9,8,20,16,1.75,1.55,5,10:26,13:30,0.63,0.0091,29,71,32,15,28,True,True,False,1.7,73,False,True
0.16576061065022066,57.14285714285714,6642.164668256388,18.179783913980472,21,9,15,18,4.15,1.52,3,10:40,14:02,0.53,0.0144,20,72,28,16,26,True,False,True,2.1,48,True,True
0.2114627164882315,58.333333333333336,6238.788299963049,24.572968109860913,24,8,14,23,2.0,1.87,10,10:46,14:48,0.47,0.0133,28,80,21,12,27,False,False,False,2.2,68,False,True
0.06307965213402632,45.45454545454545,2888.845852015609,20.93944390472903,33,10,20,15,3.01,0.8,10,10:49,13:18,0.47,0.01,21,76,22,17,20,False,True,False,1.4,19,False,True
0.3179100420523581,46.15384615384615,17577.921829318388,15.528538911128988,26,10,20,27,4.37,0.62,3,09:26,13:02,0.48,0.0148,25,73,23,10,22,False,True,False,2.4,42,True,False
0.29561455932746333,53.57142857142857,11449.29946127045,21.096881855510624,28,5,8,12,3.88,0.83,8,10:50,13:01,0.43,0.0087,12,74,32,16,22,True,False,False,1.4,79,True,False
0.13381796885306976,52.41935483870967,25720.82449717266,42.76534762568364,124,8,14,23,2.69,1.36,5,10:30,14:44,0.52,0.0077,18,70,33,16,19,False,True,True,2.6,49,True,False
-0.057412397376994426,35.41666666666667,-7843.743039388821,99.75475747078136,96,9,21,21,2.79,0.79,4,09:25,13:13,0.61,0.014,25,69,31,16,22,False,True,True,2.9,36,False,False
0.6200568385515375,72.72727272727273,17039.85478422593,19.455760891534304,11,9,14,20,4.59,1.8,10,10:39,14:28,0.67,0.0066,23,79,21,14,26,False,False,True,1.9,71,True,True
0.010968605771610783,48.42767295597484,776.3241819534305,52.3741147052202,159,5,8,30,1.76,1.51,9,10:51,14:41,0.47,0.0099,15,69,34,10,30,True,False,False,1.9,57,False,False
-0.21491188345969087,37.2093023255814,-19616.086461608917,114.12843460237087,86,9,21,10,4.1,1.23,4,09:47,14:13,0.49,0.0123,23,76,32,20,22,True,False,False,2.6,26,False,False
0.12765653825656692,41.17647058823529,2357.994626315194,15.136898669053844,17,9,21,20,1.82,0.85,9,10:10,13:55,0.46,0.013,16,78,25,20,29,True,False,False,2.1,106,False,False
-0.05179745539010318,42.857142857142854,-574.776163139959,27.406075720173224,7,9,14,20,2.6,1.15,3,10:42,13:37,0.64,0.0056,15,77,22,12,28,False,False,False,1.6,23,False,True
0.3465388250834293,62.96296296296296,14542.455588145982,19.398366373905386,27,8,14,26,2.93,1.56,3,10:49,14:39,0.5,0.0114,27,76,33,14,28,True,True,True,2.3,83,False,True
0.09300700541327407,46.69260700389105,57078.41356671699,100.73775575571358,257,5,8,11,3.62,1.43,8,09:17,14:12,0.69,0.0134,16,69,32,20,29,True,False,True,1.8,51,False,False
0.15803571580151993,48.484848484848484,14573.61796779088,25.82108192744072,66,5,8,16,2.93,1.03,1,09:44,15:15,0.54,0.0132,13,69,25,18,24,False,False,True,1.9,36,True,False
0.3057922080020205,46.15384615384615,12930.823536214659,22.263634454563224,13,8,20,16,4.47,0.69,10,10:06,15:12,0.7,0.0057,30,80,27,12,26,False,True,False,1.8,24,True,False
0.23767696756029852,47.05882352941176,19844.97703143023,17.894503131618812,85,8,14,17,4.33,0.69,10,10:59,14:43,0.41,0.0075,12,79,26,19,27,False,True,True,2.5,27,True,False
0.32546629041760916,57.14285714285714,24417.844393498504,22.24153085317057,28,8,14,27,4.93,1.56,1,10:59,14:32,0.69,0.0128,22,69,25,15,27,False,True,False,1.9,117,False,True
0.1930040564047615,53.17460317460318,56409.76561986543,54.50574454784957,126,8,20,13,4.99,1.06,8,09:35,13:49,0.65,0.0128,11,78,29,12,19,True,True,True,1.5,28,False,True
-0.20095049057683023,44.44444444444444,-24951.43819832318,138.38067005338416,90,9,21,20,3.73,1.86,2,10:00,14:00,0.42,0.0113,15,71,25,17,22,True,True,False,2.5,81,False,False
-0.04902874728222051,45.588235294117645,-4590.577593002465,54.5542319014487,68,9,15,22,2.51,1.41,7,09:49,13:04,0.53,0.0126,29,79,32,19,20,False,False,False,1.3,27,False,True
0.09055516750491116,51.11111111111111,26387.482316253336,45.44949884339456,270,5,8,29,1.72,1.64,2,10:49,14:47,0.42,0.0079,27,79,28,14,28,False,True,True,2.0,54,False,False
0.21860382953510848,34.76190476190476,93803.05100720456,31.624191827597812,210,5,8,19,4.31,0.56,10,10:10,14:09,0.58,0.0136,25,78,28,13,24,False,False,False,1.8,75,False,True
-0.11881828014172839,44.285714285714285,-11466.13522377902,76.93000318657866,70,9,15,19,3.77,1.65,1,10:50,14:00,0.57,0.0112,17,76,22,17,25,False,False,False,2.6,28,False,False
0.6486378861552387,80.0,16352.019878233179,17.37764906526979,10,8,14,12,2.53,1.37,5,10:02,13:50,0.65,0.0084,18,77,23,17,26,True,False,False,2.7,114,True,False
-0.782423774536475,12.5,-5283.61475674047,30.723134230730558,8,8,20,30,4.34,0.71,9,09:36,15:13,0.69,0.0081,21,80,20,15,30,True,False,True,2.1,119,False,True
-0.11320393265822958,31.03448275862069,-5297.333216801026,75.60011740292786,29,9,14,29,4.83,0.84,1,09:28,14:54,0.64,0.0054,29,73,23,11,27,True,False,False,1.6,95,False,False
0.1299903455813477,46.666666666666664,2956.176165186349,12.068246822727707,15,8,20,20,1.91,0.81,6,09:57,14:06,0.54,0.0083,22,74,26,17,27,True,False,True,2.7,67,False,True
0.1263351453781774,33.33333333333333,6223.690435411572,31.890405301376084,36,9,15,15,3.9,0.5,7,10:15,14:40,0.56,0.0101,19,66,35,15,26,False,True,False,1.2,44,False,True
-1.848127654876845,0.0,-7072.149822053403,35.360749110267015,3,8,20,10,4.54,1.3,8,09:35,13:32,0.66,0.0058,24,80,30,18,30,True,False,False,1.4,59,False,True
0.25041601259352003,54.71698113207547,29649.367992632135,23.76703536513338,53,8,14,22,3.26,1.71,2,10:11,14:12,0.61,0.0091,24,74,34,12,28,True,False,True,2.2,120,False,False
0.044576505368345884,32.0,6514.213220127687,68.33212495332302,50,8,20,24,3.46,0.89,4,09:38,14:58,0.66,0.0124,20,68,33,10,29,False,False,False,2.4,108,True,False
0.24940284434595852,60.97560975609756,29872.61306569854,25.48503065686009,82,9,14,15,3.32,1.49,7,10:34,15:09,0.41,0.0087,13,74,34,13,22,True,False,False,2.7,46,True,False
0.1375485099856373,51.75438596491229,20318.658942328206,35.15050492748675,114,5,8,10,4.76,1.74,5,10:43,14:32,0.44,0.0096,17,76,27,16,28,True,False,False,1.5,36,False,True
0.15063214394092908,49.0272373540856,76955.14147690826,57.9152107970687,257,5,8,18,3.01,1.29,8,10:02,14:14,0.53,0.0106,18,70,27,14,19,True,False,True,2.3,94,False,True
0.03380828574299837,25.0,-23.0024088016944,15.898613586990107,4,10,20,13,3.87,0.54,6,10:20,13:05,0.43,0.0112,12,66,35,16,28,True,False,False,2.6,42,True,False
0.337419328628111,36.36363636363637,9815.891972142785,15.5340367685259,11,9,15,19,4.54,0.93,2,09:38,14:43,0.48,0.0055,30,78,21,15,18,False,True,True,1.4,40,True,True
-7.316221108725573,0.0,-2195.085426086578,12.701225687470599,3,8,14,17,3.15,0.7,2,09:19,14:20,0.51,0.0054,25,76,30,14,23,True,True,True,1.3,56,True,True
-0.909491074630517,20.0,-7221.477662826532,46.38175222576283,5,9,21,23,2.9,1.44,9,10:02,13:26,0.66,0.0139,30,76,25,19,29,False,False,False,2.1,120,True,False
0.08241623957586315,38.46153846153847,8564.965027664632,34.92498110082855,52,8,20,24,4.22,1.64,5,09:21,14:14,0.52,0.0115,22,78,35,20,23,False,True,True,1.0,119,False,True
0.2125563435585576,46.994535519125684,68156.04241966181,22.6940318156058,183,5,8,20,4.62,0.72,10,10:00,14:40,0.59,0.0116,24,77,34,13,19,True,True,False,2.6,26,True,True
0.5995623783935093,66.66666666666666,18281.291390272978,16.880639718824884,12,8,14,26,4.2,1.83,2,10:39,14:40,0.64,0.007,11,67,28,18,18,True,False,False,2.1,72,True,True
0.17930155506761566,50.0,17720.51932410048,30.75213107535099,50,9,15,13,3.33,1.63,5,09:23,14:54,0.5,0.007,24,78,23,12,21,False,False,False,2.2,112,True,False
0.06791919682569077,50.66666666666667,7867.071765292301,28.657764236098366,75,8,20,22,3.87,1.59,4,10:57,13:41,0.48,0.0083,16,78,27,13,18,True,True,False,1.8,42,True,False
-0.12556497946291004,44.44444444444444,-9652.387578244712,68.7384983817275,99,5,8,11,2.07,1.8,6,09:31,13:01,0.43,0.008,29,79,31,16,30,True,False,True,1.5,15,False,True
-0.04718975095419279,50.0,-396.37913114144976,23.207897589175598,8,10,20,17,2.04,1.82,3,10:18,14:24,0.59,0.012,16,76,27,15,29,False,False,False,1.5,96,False,True
0.3393980855027214,47.61904761904761,16655.667944164765,14.918640171041977,21,10,20,24,4.73,1.44,1,09:30,14:06,0.43,0.0064,12,71,21,10,18,True,True,False,1.1,66,True,True
0.41072959422187294,33.33333333333333,2284.196153968267,9.8301940188845,3,8,14,17,2.52,1.16,10,10:26,13:25,0.68,0.0148,10,66,30,12,30,False,True,False,2.3,48,True,True
0.46382164394836056,58.333333333333336,13352.689740040943,22.772627419812984,12,9,14,23,3.41,1.45,1,10:55,14:41,0.65,0.0091,18,79,33,12,28,True,False,True,2.2,66,True,False
-0.24322061441357323,36.58536585365854,-32214.84801831153,204.81931733948628,82,8,20,14,3.65,1.97,5,10:07,13:03,0.53,0.0127,28,80,21,10,24,False,False,True,2.4,24,False,False
0.07108731415788257,28.71287128712871,13663.985416673255,62.83403356089888,101,10,20,22,2.71,0.6,4,09:20,14:36,0.65,0.0079,15,80,24,18,21,True,False,True,3.0,72,True,False
0.06961276844615287,30.76923076923077,1685.5105107284217,23.63878380834462,13,9,21,29,2.16,0.56,1,10:25,14:58,0.65,0.008,15,75,31,18,22,False,False,False,1.1,23,True,True
0.13652370510363168,46.666666666666664,2317.8931300420227,27.762415638917627,15,8,14,14,3.66,0.76,5,10:10,13:24,0.42,0.0091,26,80,34,14,24,True,False,False,2.6,117,True,True
-0.08950694155926844,27.77777777777778,-670.9308088712532,30.052321346286337,18,9,15,24,2.33,0.51,5,09:55,13:25,0.5,0.0084,26,74,29,18,30,True,True,True,2.3,115,False,True
0.06884482188915973,54.54545454545454,945.7765098194504,13.588780379705204,11,9,14,24,2.05,1.68,8,09:47,13:25,0.49,0.0104,22,66,29,10,22,True,False,False,2.9,17,True,True
-0.5116733683903842,25.0,-1586.8606798714973,11.299772448075913,4,9,21,30,3.32,1.06,6,10:58,14:34,0.42,0.0118,13,78,21,19,24,True,False,True,2.0,100,True,True
0.03022325208116448,54.54545454545454,61.740000000172586,19.80382760050168,11,8,20,28,3.46,1.64,7,10:53,13:53,0.56,0.0088,17,75,34,16,29,True,True,False,2.4,35,True,False
-0.11904642637916382,43.75,-3778.0822673431485,41.89969115907714,16,8,20,25,3.78,1.35,7,09:42,15:04,0.6,0.0065,25,71,30,16,27,True,True,False,1.7,75,False,True
0.06863880304278328,50.24077046548957,53828.9450206598,31.696296880897556,623,5,8,12,1.9,1.5,4,09:32,14:44,0.41,0.0119,23,74,35,18,20,True,True,False,1.5,67,False,False
0.341912169825762,48.64864864864865,94945.1237952606,22.58373603329383,148,5,8,21,2.86,0.79,3,09:27,14:50,0.55,0.0099,15,71,21,19,22,False,False,False,1.4,107,True,False
-2.648859840669424,0.0,-3227.91950073099,16.159844901111523,2,9,21,28,4.66,1.45,6,10:21,13:24,0.46,0.0114,21,72,22,12,30,True,False,False,2.7,33,True,False
0.178258163759635,54.83870967741935,13954.379014841543,28.072572899816723,31,8,14,20,4.44,1.51,9,10:49,14:16,0.47,0.0119,21,80,22,12,22,True,True,False,2.8,79,True,False
0.0560578565825789,42.857142857142854,1280.478622425544,25.937190557273997,7,9,21,27,3.49,1.68,2,10:00,14:20,0.58,0.0099,14,70,35,17,20,False,True,False,1.1,67,True,True
0.06129565302728106,27.21518987341772,17312.705213645255,78.04550205744667,158,9,21,28,3.75,0.61,2,09:46,14:13,0.49,0.0121,21,74,20,12,20,True,True,False,1.1,58,True,False
0.12817213477362438,29.80132450331126,37040.42891286004,37.68363164646983,151,9,14,16,2.37,0.5,8,09:59,13:29,0.66,0.0132,29,65,33,10,22,True,False,True,2.1,76,False,False
0.2471507965770866,50.0,38981.820351721275,23.80515356900777,88,8,14,16,4.93,1.12,10,10:13,15:15,0.47,0.0135,10,69,31,17,28,False,True,False,2.6,115,True,False
0.12005730032871315,50.0,1622.2525433969095,14.924438640653701,10,8,20,23,1.6,1.97,10,09:18,14:04,0.44,0.0051,27,67,30,10,25,False,False,False,1.4,92,False,True
0.2472010472222231,55.35714285714286,37377.742543337816,44.2136261549217,56,9,14,15,4.12,1.69,1,09:15,13:02,0.57,0.0142,30,71,28,10,27,True,False,False,1.7,28,True,False
0.1907581199995013,46.65271966527197,134545.88350591913,16.743318414623754,478,5,8,17,2.85,0.83,5,10:40,14:39,0.63,0.0095,20,79,35,16,20,False,True,True,1.1,40,True,False
0.17431022693161344,57.692307692307686,9113.32465226853,32.2664192986534,26,9,21,15,3.1,1.79,7,11:00,13:06,0.59,0.0105,20,68,28,19,25,True,False,False,1.6,69,False,False
-0.12481008292365914,34.146341463414636,-10130.626925416029,75.63580768274667,41,9,21,19,2.69,1.35,9,09:42,13:31,0.6,0.0083,16,71,30,11,24,False,True,True,2.7,71,True,True
-0.06848893118669853,42.62295081967213,-9256.066535942024,71.99299203610816,61,9,14,22,3.14,1.4,6,09:59,14:52,0.62,0.0092,17,67,26,14,23,True,False,True,2.8,76,False,True
0.1257053726577262,46.043165467625904,43194.27730355067,50.3374972500046,139,5,8,29,4.18,1.2,2,09:15,13:11,0.58,0.0137,23,77,21,16,27,False,True,True,2.8,95,False,True
0.3866724551708399,42.857142857142854,7062.696186065463,17.454065716889364,14,9,14,18,2.67,0.55,4,10:50,13:29,0.5,0.0115,19,80,26,20,24,True,False,False,1.8,98,True,False
0.025585397093699835,41.66666666666667,5523.904833900942,116.87747928717917,60,9,14,15,3.73,1.59,7,09:24,13:38,0.6,0.0087,29,67,23,10,25,True,False,False,1.6,108,False,True
0.019555979187865787,38.54166666666667,7312.109941947878,104.25533811384307,96,8,14,28,4.29,1.04,2,10:00,15:02,0.64,0.0059,15,78,32,13,23,True,True,True,2.0,63,False,False
-0.9432087229655396,25.0,-2937.0070326094137,16.75541132791079,4,10,20,23,4.24,1.27,2,09:55,14:24,0.44,0.0074,23,72,24,16,25,True,True,False,2.4,15,True,False
-0.35079150282254457,37.5,-3188.996603030806,23.68512840770206,8,8,20,10,4.67,1.08,5,10:53,14:24,0.46,0.0136,25,72,20,14,25,False,True,False,2.4,53,True,False
0.1292812414556497,40.31311154598826,53625.446000236334,15.584551756838172,511,5,8,18,1.68,0.61,3,10:38,14:20,0.42,0.0146,20,72,32,16,20,True,False,True,1.1,64,False,False
-0.03244897447012756,50.264550264550266,-6150.818992692295,136.03081693014977,189,8,20,17,1.63,1.46,2,09:23,14:08,0.52,0.0137,18,75,35,19,19,True,True,False,1.5,89,False,False
-0.37945846844153563,38.095238095238095,-32463.440292789695,165.58418351185333,63,9,21,14,1.54,1.09,3,09:45,13:04,0.56,0.0139,30,71,23,16,23,False,True,False,2.0,48,False,False
0.0126064364334134,50.0,100.24161814550826,24.577194240098184,2,8,20,22,3.99,1.24,8,10:45,13:39,0.68,0.0057,13,76,31,10,30,False,True,False,2.5,103,True,False
0.10621827826060513,33.33333333333333,2586.4793046727827,14.798862367848795,15,9,15,12,3.33,0.9,6,10:55,13:32,0.48,0.0068,28,75,26,14,27,False,False,True,2.0,109,True,True
0.30897858358438507,64.28571428571429,14238.432591666453,27.331639448631734,14,8,14,21,3.99,1.99,7,10:22,13:19,0.66,0.0072,10,67,23,20,29,True,True,True,1.7,104,True,False
-0.014864583928107813,26.31578947368421,-144.72695093652146,20.306368876591044,19,9,21,19,2.18,0.51,5,09:20,15:05,0.58,0.0052,28,79,21,16,20,False,False,False,2.8,21,False,True
-0.005690924200119574,34.306569343065696,-1356.6752239131638,85.50996366674724,137,9,15,26,2.03,0.81,3,09:27,14:21,0.48,0.0095,12,73,20,19,24,False,False,True,2.1,103,False,False
0.008702599480849928,38.983050847457626,1148.647626944039,27.824460465873486,59,8,20,30,4.76,1.01,7,09:52,14:21,0.45,0.0077,25,76,32,15,22,False,False,False,2.6,37,False,True
-2.309999458023352,0.0,-1868.8531864407341,9.34426593220367,2,9,14,26,2.35,0.58,4,09:47,13:14,0.62,0.0137,13,66,34,13,29,False,False,False,1.3,71,True,True
0.223619298781932,47.74774774774775,29519.279951744713,15.480899236570245,111,5,8,29,3.31,0.67,2,09:32,15:06,0.48,0.0067,12,73,30,20,27,False,False,True,1.2,23,True,False
0.11181218112407143,38.25503355704698,25557.65196857522,49.19079860431268,149,9,21,11,4.86,1.19,9,10:49,13:51,0.41,0.0112,24,65,33,12,18,True,False,True,1.7,112,False,False
-0.14163338370809592,34.42622950819672,-13143.994156276733,88.72077942005649,61,9,14,21,1.75,0.77,10,10:07,14:25,0.63,0.0103,15,73,20,10,24,True,False,True,1.4,37,True,True
0.3272499631744256,60.0,110437.11418964794,35.268227693127606,140,5,8,10,4.08,1.98,9,10:10,15:02,0.5,0.0107,14,79,30,11,23,False,False,False,1.8,117,True,True
0.17488026126200426,58.82352941176471,8377.426072394177,28.967887388916314,34,9,14,11,1.53,1.26,10,10:18,13:50,0.53,0.0143,22,69,30,14,23,False,False,False,2.0,52,True,False
-0.15362229746217868,32.35294117647059,-7205.686581427704,68.33047689147294,34,9,14,24,2.78,0.89,6,09:45,13:02,0.55,0.0116,22,74,22,15,25,True,True,True,1.8,113,False,True
0.1249584056479253,48.91304347826087,40875.521739191856,152.44435796147982,92,10,20,23,4.67,1.68,7,09:18,13:03,0.67,0.0069,30,75,24,13,18,True,False,False,2.4,87,False,True
0.18740020335474594,52.94117647058824,5504.5411735984635,31.025770845078338,17,9,15,14,3.26,1.93,3,10:55,14:22,0.43,0.0149,23,80,34,16,29,True,True,False,1.9,109,True,True
0.20939616282123166,53.333333333333336,10347.165628419873,36.96574361355492,15,10,20,16,4.86,1.17,8,10:57,13:10,0.65,0.0073,23,79,30,17,26,True,False,False,1.5,83,False,False
0.28434107996225455,50.76923076923077,60941.518221605205,17.69571425489109,130,5,8,21,4.61,0.82,7,10:18,15:10,0.56,0.0068,20,77,27,15,27,False,True,False,2.8,46,True,False
-0.126437296803104,28.57142857142857,-1239.5369084899576,13.46230748486375,7,10,20,29,3.15,1.12,8,10:00,13:58,0.41,0.0142,14,73,27,15,30,False,False,False,2.7,110,False,True
-0.10404364571094735,33.33333333333333,-241.14268650567828,15.107661553450614,3,10,20,22,2.36,1.15,10,10:22,13:58,0.47,0.0067,18,78,35,12,20,False,True,False,1.7,77,True,True
0.1200429458799075,52.44299674267101,63796.95804728748,60.02462354197843,307,5,8,15,1.94,1.58,10,10:46,14:11,0.57,0.0084,21,65,28,10,25,True,True,True,2.6,63,False,False
-0.004312091764109357,62.5,-86.42366791010136,19.40848675547083,8,9,15,22,2.87,1.7,4,10:30,13:31,0.5,0.0144,26,77,25,15,23,True,True,False,2.6,40,True,True
0.11746280504623496,46.043165467625904,25197.930958430166,57.99607904295156,139,9,14,16,4.42,1.76,10,09:51,14:10,0.4,0.0122,29,69,30,18,23,True,True,True,1.5,95,False,False
0.0036638658618793965,43.627450980392155,3721.861277695607,96.30900715622364,204,8,14,14,4.89,1.27,8,10:02,13:46,0.67,0.0092,19,75,22,15,20,True,False,False,1.5,31,False,False
0.1634649959829716,42.30769230769231,8487.436443824005,30.204216923072714,26,9,14,12,2.84,1.19,6,10:05,14:51,0.64,0.0137,21,72,28,18,29,False,True,True,1.1,66,False,True
0.15026170767127914,42.0,18533.968418537,42.75626161285431,50,8,14,11,4.33,1.08,2,09:50,13:13,0.56,0.0086,13,69,28,10,30,True,True,True,2.6,59,False,False
0.17202313799052849,49.382716049382715,48015.30420498118,57.94595178690815,81,5,8,14,4.84,1.31,6,10:07,13:27,0.69,0.0123,12,72,28,16,30,True,False,True,2.6,111,False,True
0.00657967963352865,47.05882352941176,-28.009490254862612,46.480679993105475,17,8,14,28,3.15,1.86,10,09:38,14:05,0.63,0.0141,26,79,22,10,26,False,False,False,2.5,106,True,True
0.1501271080321407,34.73053892215569,50198.934348064155,35.95480962372586,167,9,15,18,3.0,0.64,4,09:21,14:08,0.68,0.0105,14,71,25,14,23,False,False,False,1.6,56,False,False
-0.03262022279644499,48.10126582278481,-5088.372172400086,156.64739201167325,158,9,14,10,1.69,1.61,1,10:54,13:28,0.64,0.0087,23,72,23,14,18,False,True,False,2.9,116,False,False
1.05441816921953,71.42857142857143,24352.33952170406,9.271769024088274,7,9,14,27,3.79,1.81,10,09:36,13:24,0.67,0.0051,29,78,25,12,18,True,False,False,1.4,68,True,True
0.3588088741839501,66.66666666666666,12748.939315023541,20.169359694576666,24,8,14,22,4.12,1.81,4,09:52,14:28,0.44,0.0063,17,67,26,15,25,True,False,True,1.6,101,True,True
0.1478755912359484,44.98327759197324,163899.16547640075,61.266188346180975,598,5,8,27,4.86,0.81,2,10:25,13:36,0.66,0.0072,28,67,30,13,18,True,True,False,1.7,37,False,False
0.14080559088467076,46.42857142857143,6003.646276171174,23.414587674011766,28,9,15,13,3.42,0.65,10,09:52,14:05,0.57,0.0057,23,66,25,18,23,False,True,False,1.4,24,False,True
0.17390986782019785,52.42718446601942,85838.88749895689,46.519807062776565,206,5,8,30,3.81,1.62,10,10:09,13:20,0.69,0.0071,21,69,26,18,19,False,False,True,2.1,75,False,True
0.15250580910924594,42.857142857142854,5064.812786829869,22.13629834637864,21,8,20,12,2.83,1.29,1,09:26,13:49,0.57,0.007,14,68,28,14,27,False,True,False,1.1,16,False,True
-0.018270100544496185,40.6015037593985,-1871.1662194527453,46.196803216701866,133,8,20,11,1.71,1.08,8,10:54,13:31,0.46,0.0072,22,65,34,11,19,False,True,True,2.3,68,False,False
0.1723462167201816,52.10084033613446,61141.67371141992,38.45764823884915,119,5,8,27,4.65,1.95,9,10:07,15:09,0.68,0.0126,14,77,20,12,18,False,True,False,1.6,105,True,False
-0.12746805763159916,50.0,-677.2421262343851,26.348774719980423,4,10,20,24,2.12,1.58,3,09:55,13:13,0.66,0.0107,27,67,29,14,28,True,False,False,2.7,120,True,False
0.3086741388368312,62.28070175438597,84956.75705499332,22.69790650550386,114,5,8,25,3.7,1.73,7,10:29,13:06,0.62,0.0064,18,77,31,19,18,False,True,False,2.9,105,True,False
-0.02657782209864265,40.625,-1262.596975546985,36.868070490872235,32,9,21,12,2.28,1.17,3,10:43,14:21,0.52,0.0063,18,80,27,13,22,False,False,False,2.9,70,True,False
0.007009626875660252,54.23728813559322,-608.748225136289,62.64653389759736,59,9,14,26,2.88,1.92,7,09:30,14:14,0.62,0.013,17,75,26,16,29,True,False,False,2.4,81,False,False
0.20767321461373478,52.94117647058824,3379.809182822304,15.716071729844705,17,8,14,16,1.79,1.21,5,10:10,15:14,0.43,0.0102,13,68,28,16,30,False,False,True,2.0,50,True,True
0.16781458808549662,46.666666666666664,44376.330805584075,38.062296542465916,165,8,20,13,4.86,1.94,2,09:45,14:18,0.51,0.015,11,72,30,11,18,False,True,True,1.0,29,False,True
0.05700626986870461,44.047619047619044,13559.491732295253,80.60300568503239,84,8,14,27,3.15,1.73,4,10:16,13:20,0.58,0.0135,12,77,32,12,20,True,True,True,2.3,86,True,False
-0.10556961615421832,48.57142857142857,-2358.0047743253017,29.72988545291087,35,8,20,10,3.24,1.72,6,10:54,13:58,0.42,0.0116,28,66,29,20,18,True,True,False,2.1,15,True,False
-1.9947084118123157,0.0,-5461.226475772997,27.732959586308354,3,9,14,11,4.53,1.79,7,09:32,14:36,0.45,0.0129,12,68,22,20,30,False,False,False,1.2,114,True,True
-0.03163434538541561,42.35294117647059,-998.3178689488414,109.52989714489611,85,10,20,11,3.62,1.73,2,09:57,14:15,0.46,0.0108,18,74,24,17,18,False,True,False,1.5,76,False,True
-0.14432207385903661,40.476190476190474,-20738.0978538966,121.24762031358271,84,10,20,14,2.15,1.25,9,10:03,14:26,0.62,0.0098,10,65,21,16,18,True,True,False,1.0,45,False,True
-0.12018057244457479,45.1219512195122,-20158.5829891226,161.7053211893569,82,10,20,23,1.92,1.93,6,09:39,14:35,0.64,0.0095,21,70,25,17,23,False,False,False,1.4,98,False,False
0,100.0,521.5,3.212341882598932,1,9,21,25,3.54,0.5,8,10:45,14:35,0.4,0.0051,13,77,20,14,28,False,False,False,2.9,46,True,True
0.1738173198273418,49.30875576036866,42884.98748018904,42.11249734662256,217,5,8,27,2.47,0.65,2,10:42,15:04,0.56,0.0056,24,66,21,10,21,True,False,True,1.4,16,False,False
0.22543157894372634,40.0,2355.394477438371,9.182714924659106,5,9,21,18,2.2,0.65,5,10:03,13:49,0.69,0.0097,11,71,31,14,23,False,True,False,2.0,110,True,False
0.19953851980613418,51.85185185185185,9428.257482519268,23.18564621237721,27,9,14,29,3.18,1.72,3,10:32,13:16,0.54,0.0118,16,65,31,19,25,True,True,True,1.9,69,False,True
-0.03807703124602923,25.925925925925924,-2256.0603452505566,33.6783828676937,27,10,20,14,1.92,0.75,3,09:32,14:18,0.56,0.008,13,72,21,15,23,False,True,False,1.1,60,True,True
0.16223798030900852,49.18032786885246,68669.46006697629,75.00456357084111,183,8,14,12,4.53,1.87,9,09:18,13:29,0.45,0.0145,14,75,23,12,21,True,False,True,2.5,106,True,False
0.07359597048461201,55.55555555555556,754.6497574546556,20.302548759442917,9,5,8,28,1.78,1.54,8,10:45,13:34,0.51,0.005,23,70,25,14,25,True,True,False,2.7,59,True,False
0.004905622131197823,46.15384615384615,663.7605659814399,55.853920503379975,52,10,20,27,4.12,1.54,6,09:15,14:43,0.69,0.0117,17,67,27,17,22,False,False,False,1.1,69,True,True
-0.08856361863366935,37.03703703703704,-7968.29113938766,83.1638401186445,54,9,14,26,2.36,1.17,5,10:41,14:29,0.63,0.007,21,77,35,14,22,False,True,False,2.8,108,False,True
0.2142422248455042,41.37931034482759,31949.4709159974,22.245102301166124,87,5,8,25,2.82,0.74,1,09:27,14:47,0.57,0.009,13,65,25,15,18,False,True,False,1.9,101,True,False
-0.29679834831800506,42.857142857142854,-4621.767328283735,33.70665629884463,7,8,20,12,4.76,1.05,1,09:53,13:51,0.7,0.0138,21,66,31,19,30,True,False,False,1.7,66,True,False
0.2273122096871668,50.29940119760479,64506.55375758074,34.88104601471091,167,5,8,22,4.7,1.22,10,10:52,13:59,0.47,0.007,24,72,29,10,20,False,False,False,2.2,63,True,True
0.2709562551061051,50.48543689320388,57693.98922280673,56.226426366811936,103,5,8,20,2.86,0.98,1,10:19,13:53,0.55,0.0109,12,74,21,15,27,False,False,False,1.1,93,False,True
-1.9301635264128427,0.0,-2085.150438144028,10.894957070525884,2,10,20,12,3.33,0.61,10,10:17,13:11,0.59,0.0096,20,80,26,18,30,False,True,True,2.2,107,True,False
0.08995785180668738,42.30769230769231,3205.827603904807,23.591159292810406,26,9,14,27,4.59,1.92,3,09:40,13:50,0.45,0.0105,16,67,31,13,24,True,False,False,1.5,16,True,True
-0.059482559961175845,36.206896551724135,-5422.135286635905,76.31915092595797,58,9,14,21,2.99,1.27,4,09:56,15:03,0.54,0.0088,27,70,30,19,24,True,False,True,3.0,115,False,True
0.1403811628008475,35.8974358974359,26067.445117364572,29.604283822036304,156,5,8,14,2.74,0.56,6,10:17,14:08,0.51,0.0086,17,79,25,19,25,True,False,False,2.5,45,False,True
-4.713102271901166,0.0,-1911.6851863191114,9.904191122116561,4,10,20,19,3.78,0.6,6,10:29,14:20,0.43,0.0091,13,80,30,14,29,False,True,False,2.9,61,True,True
0.12934623596210804,33.33333333333333,5259.0184847197925,30.535715155977826,33,9,21,22,3.57,0.58,9,10:45,14:47,0.61,0.0083,12,73,35,18,24,True,False,False,2.1,106,True,False
0.00538649920639352,48.0,1515.0816500525689,40.57791676558011,50,9,15,22,2.77,1.98,7,10:33,13:54,0.41,0.0143,16,65,21,18,20,False,False,True,2.7,118,True,False
-0.1511373875881435,37.5,-4740.516857617073,36.33475741876743,24,9,21,27,4.0,1.41,6,10:47,14:42,0.43,0.0133,30,66,26,18,24,True,True,False,2.3,95,False,True
0.3754879510113407,57.89473684210527,13368.41034988084,12.119693159138626,19,5,8,27,4.03,0.56,2,10:26,13:31,0.5,0.0079,17,79,32,10,24,True,False,True,1.6,26,True,True
-0.040171469317928074,18.181818181818183,-1938.5724922341396,37.41322000284116,22,9,21,13,4.78,0.62,10,09:16,13:15,0.63,0.0137,10,66,21,17,23,True,False,True,1.3,48,True,True
0.7069227990653156,71.42857142857143,5831.892896807323,18.315319483330498,7,9,15,10,1.76,1.55,5,10:45,14:46,0.6,0.0094,21,73,21,10,29,True,True,False,1.7,109,True,False
0.1255986632502419,55.55555555555556,977.8909059476136,23.016731423367634,9,9,21,20,1.71,1.51,1,10:07,13:10,0.64,0.0079,22,76,35,13,30,False,False,True,3.0,28,False,False
0,0,0,0.0,0,8,20,16,4.83,0.66,5,10:42,14:12,0.61,0.005,14,65,27,20,29,True,True,True,1.3,110,True,True
-0.0005078415405570917,42.10526315789473,-757.8040933779012,45.320911938706736,38,9,15,27,2.99,1.81,2,09:19,13:44,0.47,0.0086,27,73,34,18,24,True,True,True,2.6,71,True,True
0.07010429324387522,41.269841269841265,34135.482457162434,63.13828555270711,189,9,14,30,3.17,1.17,7,09:44,15:14,0.63,0.0092,24,79,30,13,19,False,False,False,1.2,117,False,True
-0.4638080969600892,23.52941176470588,-4976.86574851807,41.31993487613501,17,8,20,29,3.58,0.56,1,09:50,13:10,0.51,0.0124,29,70,22,11,28,True,True,True,1.8,62,True,False
0.328067170848787,43.75,63491.14172148534,18.686618306067736,112,5,8,12,2.36,0.58,2,09:39,15:03,0.61,0.0116,16,71,26,19,22,True,True,False,2.6,92,True,False
0.28720305474265523,52.63157894736842,12258.89717830787,15.905672497254173,19,8,14,23,3.07,1.47,5,10:40,15:13,0.55,0.0054,27,67,30,19,27,True,False,False,2.6,86,True,False
0.6161320883360734,75.0,20430.174617848825,15.746498726383154,16,9,15,30,3.77,1.57,6,10:17,14:42,0.64,0.0146,28,71,31,18,23,True,True,False,2.3,49,True,False
0.42499517217384697,41.66666666666667,8448.625931979957,17.228582961668554,12,9,14,21,4.05,0.6,7,10:10,14:20,0.58,0.0104,17,72,31,11,27,True,False,True,1.4,57,True,False
0.6249335825980389,66.66666666666666,2406.7226706717665,15.266454616500704,3,9,21,14,4.36,0.9,1,09:44,13:25,0.66,0.0081,26,74,22,14,25,False,False,True,2.2,109,True,True
0.2901239926707548,33.33333333333333,1320.4214730526328,6.4192443925884985,3,10,20,27,2.16,0.54,7,10:38,14:32,0.64,0.0055,26,71,20,16,26,False,True,False,1.9,21,False,True
0.02669932862629983,47.05882352941176,2755.1975922192905,61.77394401482103,34,8,20,22,2.08,1.42,8,09:35,13:08,0.61,0.0058,19,77,31,10,22,True,True,True,2.9,74,True,False
0.014925420630109994,46.96969696969697,317.74593349670613,38.61781484704922,66,8,14,29,2.09,1.5,10,10:03,14:10,0.41,0.0087,15,76,29,15,23,False,False,False,1.6,73,False,True
-0.8647247572672038,14.285714285714285,-8674.589294057021,48.335128363236976,7,10,20,14,4.97,1.33,3,10:06,13:05,0.65,0.0069,26,79,28,14,27,False,False,False,2.7,96,True,False
0.14142603725841527,50.81967213114754,17469.474209823988,23.28451835171158,122,5,8,15,2.81,1.42,3,09:50,14:34,0.41,0.0086,12,70,35,17,26,False,True,False,1.7,21,True,True
-5.960011966648027,0.0,-2822.201525169934,14.11100762584967,3,10,20,27,4.66,1.26,5,09:40,14:49,0.44,0.0053,18,75,20,15,25,True,True,True,3.0,61,True,False
-0.005637279217918674,39.81481481481482,-630.8096571230963,74.10076634921352,108,9,15,10,3.82,0.91,6,09:33,13:12,0.6,0.0072,28,65,20,18,23,False,False,True,2.7,49,False,False
0.07512380975691876,45.689655172413794,14289.70259210375,35.55386930202167,116,8,14,10,2.12,1.12,8,10:48,14:22,0.66,0.0134,29,76,30,20,24,True,True,True,2.4,106,False,False
-0.027260437730339666,43.373493975903614,-3158.3386514688063,49.57232834528986,83,9,21,18,4.81,1.46,8,10:19,14:41,0.41,0.0111,17,77,28,15,21,True,False,False,2.1,43,True,False
0.26662873400585757,42.152466367713004,95581.3109301268,16.32425139913797,223,5,8,23,2.54,0.68,9,09:49,13:41,0.53,0.0099,23,76,24,11,22,False,False,False,2.2,100,True,False
0.09974214819069627,40.54054054054054,11120.211825125065,33.41452149442977,74,8,14,26,3.26,0.71,9,11:00,14:44,0.49,0.0067,15,73,26,18,28,False,False,True,1.3,77,False,False
0.002521202342732892,48.214285714285715,3657.3707750831127,82.28843098071957,112,9,21,27,4.35,1.76,7,09:52,13:10,0.45,0.0096,25,72,21,13,21,False,True,True,1.9,53,False,False
-0.015525526239672509,58.730158730158735,159.32652222979596,65.14454769390873,63,8,20,20,3.07,1.88,10,10:52,13:52,0.41,0.0134,27,79,22,18,22,True,True,False,2.2,94,False,False
-0.9813579931407365,25.0,-4257.972828379403,36.57306083560204,4,10,20,25,3.76,1.38,7,10:12,13:01,0.49,0.0121,20,73,33,18,29,False,False,False,2.3,85,True,True
0.3746199365855272,61.111111111111114,49685.60617289334,14.69300353627005,54,5,8,21,4.94,1.9,1,09:39,14:25,0.55,0.0073,11,76,32,14,19,True,False,True,1.8,60,True,False
0.3539612822369806,47.368421052631575,18221.0138894907,14.846341751829339,38,9,15,10,4.18,1.2,5,10:30,14:49,0.41,0.0091,19,66,34,20,24,False,True,True,1.4,102,True,True
0.38960560525244753,58.18181818181818,23779.28118798633,11.509623920264003,55,5,8,13,1.54,0.83,6,09:43,13:01,0.5,0.014,19,78,24,16,29,False,False,True,1.2,94,True,False
0.07139550961283772,54.43037974683544,9998.039438789481,31.45359267406293,79,8,20,20,2.29,1.47,4,09:38,14:43,0.7,0.008,21,73,32,20,20,True,True,False,1.1,45,False,True
0.02773419898537912,32.075471698113205,1465.6608644439548,49.20011215449985,53,8,14,27,1.64,0.56,9,10:58,14:58,0.65,0.0076,15,73,29,12,29,True,True,True,1.4,119,False,False
0.10248398545059466,49.31506849315068,9328.855609975944,23.89142938680382,73,9,15,25,2.47,1.74,10,10:37,14:08,0.49,0.0072,19,79,30,17,26,False,False,True,1.5,99,False,False
0.1682499743016284,51.64113785557986,213851.35578828488,42.402279317131246,457,5,8,28,4.79,1.72,6,09:24,14:47,0.62,0.014,10,75,27,15,24,True,True,False,1.8,93,False,False
-25.06418708771423,0.0,-2096.569999999938,12.587101413686167,2,9,14,12,3.42,1.54,4,10:27,13:26,0.61,0.0122,27,77,32,14,30,True,True,False,1.7,17,True,True
-0.9700831069312515,20.0,-14343.839691926198,78.32807726254497,15,10,20,23,4.05,0.98,4,09:49,13:29,0.7,0.0098,26,80,25,18,25,True,False,True,2.2,85,True,False
-0.13094269064827735,41.66666666666667,-7912.904342258464,66.01085421579253,36,9,21,25,2.56,1.41,7,10:29,13:20,0.51,0.0087,19,69,22,15,24,True,False,False,2.3,70,False,False
0.06133691839351162,57.14285714285714,588.9243926902564,23.564992621576174,7,9,15,21,1.58,1.61,2,10:42,13:52,0.64,0.0149,15,75,24,14,29,False,False,True,2.5,75,True,True
-0.3178117244874883,38.095238095238095,-11663.273618565194,60.994596138189664,21,9,21,10,3.37,1.71,5,09:37,14:41,0.68,0.0062,20,78,29,15,28,False,False,True,1.5,47,False,False
0.08191247004815619,43.80165289256198,26468.03043929147,91.3334689599773,121,9,15,24,3.89,1.38,1,10:54,13:40,0.62,0.0135,27,75,31,10,22,False,True,True,2.7,98,False,False
-0.01665470747720193,20.0,134.50206970558793,15.63258362362531,10,9,15,22,3.32,0.65,9,10:58,13:51,0.58,0.0121,25,70,26,11,29,False,True,False,1.3,107,False,True
0.1122328610497648,44.06779661016949,10786.665472813344,35.396389266804064,59,8,14,30,2.77,1.46,1,10:06,15:06,0.66,0.0141,16,73,24,15,30,True,False,True,1.1,80,False,False
0.0038448302074452797,25.0,120.373246721334,13.452415768771866,4,9,21,24,3.37,1.61,2,10:19,14:16,0.57,0.0099,10,71,29,13,26,True,False,False,2.5,30,True,True
0.15427311110455735,53.333333333333336,2861.452235708937,26.281878700807297,15,9,21,10,4.23,1.71,6,10:35,14:25,0.54,0.0107,14,69,33,18,27,True,True,False,1.7,111,True,False
0.21194607896013185,57.14285714285714,1771.361704728195,27.385854839114813,7,9,15,23,1.9,1.93,8,10:59,15:15,0.64,0.0135,16,72,30,11,26,True,False,False,1.8,105,True,True
0.22501755671795914,38.88888888888889,8028.5865493773745,31.036408062192272,18,10,20,13,2.21,0.61,4,10:06,14:27,0.51,0.0122,26,75,24,12,24,False,True,True,1.4,46,True,False
-0.05447914990169896,60.0,-134.54495288395265,25.655374764419236,5,8,20,16,3.61,1.84,2,09:15,13:20,0.66,0.0119,15,77,24,19,19,True,True,False,2.7,56,True,True
0.20194287947351486,40.136054421768705,51721.6293995389,33.68817131713209,147,10,20,22,1.98,0.75,9,09:20,13:18,0.58,0.0061,16,75,31,10,21,False,True,True,1.6,71,False,False
0.07705278477581702,48.484848484848484,4074.0740041229183,26.74399119385442,33,8,14,14,1.6,1.12,7,10:18,13:26,0.47,0.0134,16,75,30,12,21,True,False,True,2.3,62,True,True
0.018691893524952864,25.0,466.2980694660473,27.75472569756698,8,9,15,25,3.25,0.69,3,09:26,14:10,0.5,0.006,11,65,27,20,28,False,False,False,1.9,89,True,True
-0.351091521364411,33.33333333333333,-9224.727570044357,53.21938564826794,15,10,20,26,4.64,1.4,9,10:06,13:10,0.53,0.0132,26,77,26,16,29,False,True,True,2.6,118,False,False
-10.125225206887913,0.0,-1673.961389638218,8.36980694819109,2,10,20,24,3.27,1.01,10,10:52,15:02,0.54,0.006,29,73,26,13,29,True,False,True,1.2,49,False,True
0.02786557410939464,41.66666666666667,-33.743652307020966,21.710118871850554,12,9,21,30,2.81,1.18,9,09:29,13:16,0.46,0.0078,18,80,23,14,28,True,False,False,1.4,32,True,False
-0.07758334676541125,34.61538461538461,-4748.975541206317,49.311946622680026,78,10,20,21,3.19,0.68,9,10:09,14:45,0.43,0.0085,17,71,27,13,24,False,False,False,1.6,17,False,False
0.11537170234666513,50.0,880.1993102221422,18.166474750238162,8,9,21,15,4.15,1.36,4,10:22,13:33,0.44,0.0127,26,77,24,12,25,False,False,True,1.4,115,True,True
0.18206229423620335,39.08045977011494,112956.87565216626,47.96961190918944,261,8,20,25,4.1,0.73,4,09:44,15:14,0.67,0.007,29,77,30,14,19,True,True,True,1.3,106,False,False
0.20290849211672418,33.33333333333333,1061.0492248091068,13.496754164633046,3,9,15,26,4.6,1.82,6,09:28,14:20,0.43,0.0054,11,69,31,20,23,False,False,True,2.8,98,True,False
0.18163204628157786,48.91304347826087,66477.43171434934,34.555483365111044,276,5,8,30,2.44,0.97,4,09:43,13:09,0.5,0.0098,14,70,25,15,28,False,True,True,1.4,45,False,False
-0.027285026815665105,42.857142857142854,-2259.4107585947786,91.10455083598532,35,9,21,23,4.93,1.71,1,10:25,14:09,0.58,0.0059,15,77,31,19,22,False,False,False,1.4,111,False,False
0.17790731231629262,49.6,74981.20761467535,32.59205731586971,250,5,8,17,4.04,1.56,3,10:26,14:19,0.59,0.0066,10,65,30,14,27,False,False,True,1.5,39,False,False
-0.20968163036302379,40.0,-3185.9064631735346,26.130553841112103,10,10,20,20,4.94,1.34,7,09:31,14:56,0.63,0.0117,25,66,25,16,27,False,False,True,1.3,79,True,True
-0.19554780716767228,36.84210526315789,-4402.430313286421,34.01306619880435,19,10,20,30,2.41,1.39,9,10:10,14:07,0.44,0.0078,30,80,28,20,24,True,False,True,1.5,67,True,False
0.10389913823731851,44.44444444444444,1592.0600246963331,10.47735585555715,18,10,20,24,2.78,0.94,5,09:54,14:47,0.47,0.0052,15,72,25,15,22,False,False,False,1.3,31,False,False
-0.0681916736619045,51.388888888888886,-8575.527605350358,80.05452883504898,72,8,20,14,2.39,1.57,3,09:27,14:38,0.51,0.0079,25,72,26,20,26,False,False,True,2.7,33,False,False
0.30777819676795104,38.88888888888889,37569.60818874133,22.135583931826318,36,10,20,15,4.71,0.66,4,09:19,13:33,0.67,0.0094,28,80,21,12,19,False,True,False,2.7,80,True,True
-0.26273732836320063,22.22222222222222,-2590.335672352696,34.49419291295113,9,9,21,21,3.6,1.1,10,10:59,15:03,0.65,0.0066,10,70,22,14,28,True,True,False,2.6,32,False,True
0.13224890126075017,44.44444444444444,1277.9334234896305,19.361828911922167,9,10,20,22,1.58,1.33,6,10:46,15:02,0.61,0.0068,19,69,21,10,20,True,False,False,1.3,33,True,False
-1.6048502680386396,0.0,-2378.144999999935,12.681899999999496,4,8,20,16,4.03,1.6,4,09:49,13:06,0.66,0.0056,14,66,26,20,28,False,False,True,2.9,19,True,True
0.1487931989280545,41.05263157894737,39166.01669728897,26.86478823472643,190,8,14,15,2.31,0.85,8,10:09,14:41,0.5,0.0138,30,80,23,12,18,False,True,True,1.1,104,False,True
-0.48051825614611,42.857142857142854,-3495.7216638859645,21.86006414730648,7,9,21,24,4.71,1.76,1,10:07,14:34,0.41,0.0093,15,69,22,19,25,False,True,True,2.4,80,True,True
1.181648588131335,75.0,4332.901240641477,5.157610866151817,4,9,15,10,4.39,0.51,1,09:36,13:05,0.7,0.0051,15,70,26,16,27,True,False,True,1.2,43,False,False
0.22881268748259245,51.85185185185185,21649.308825650434,15.802457956492116,54,9,14,26,2.46,0.96,1,09:20,15:01,0.54,0.013,13,80,34,13,19,True,True,False,1.4,46,True,True
0.005454862950214753,42.5531914893617,1102.047378388408,35.58106644331018,47,8,20,16,3.95,0.91,7,10:46,13:44,0.48,0.0096,29,66,22,15,23,False,False,True,2.8,20,True,False
0.1674883063256751,37.17948717948718,143957.48652876908,16.45706761194904,546,9,14,15,2.37,0.53,6,09:23,15:07,0.68,0.0112,18,69,23,11,18,True,True,True,1.2,36,False,False
0.32297961459449864,43.75,4799.52547015571,9.752613442638442,16,8,20,11,2.29,0.75,1,10:53,14:46,0.4,0.0063,23,76,20,15,25,False,False,False,1.7,87,False,True
0.4392949656400145,66.66666666666666,7950.662380118807,14.857484586089361,12,9,14,10,2.47,1.51,2,09:19,14:15,0.43,0.0061,17,73,32,13,18,True,False,False,2.6,78,True,True
0.17617476801578216,51.76470588235295,49450.91954291813,48.23863801234174,170,5,8,15,3.7,1.41,4,10:15,14:18,0.46,0.0099,11,75,31,18,30,False,False,True,2.3,64,True,False
-0.03156511217671972,46.3768115942029,-4084.2425184857966,50.90566332354681,69,9,14,18,2.91,1.27,1,10:37,14:39,0.41,0.0073,24,79,32,10,28,False,False,True,2.3,37,False,False
0,0.0,-1539.2979377198026,7.722165995910897,1,9,21,24,4.36,0.87,10,09:31,13:46,0.53,0.008,24,74,25,16,30,True,True,False,2.4,107,True,False
0.2481408019031657,41.66666666666667,4252.590445166072,13.057067619274326,12,8,14,21,2.21,0.62,8,10:18,13:14,0.57,0.0081,17,73,23,17,21,False,False,False,2.9,111,True,True
0.004027645290695892,42.73504273504273,648.5399569862457,112.22224726337598,117,9,15,13,3.13,1.21,2,09:28,14:04,0.55,0.0058,10,65,24,12,20,False,True,False,2.7,43,False,False
-0.023405687570118384,22.727272727272727,-12.626215274136484,27.019352077027758,22,9,21,11,2.9,0.57,3,10:31,14:28,0.63,0.0081,27,79,27,11,21,False,True,False,2.3,69,True,True
0.20061355220945876,40.0,2033.9185261661914,16.47770274399407,5,5,8,15,2.55,1.57,1,10:06,14:26,0.6,0.0055,18,67,21,20,30,False,False,False,2.6,100,True,True
0.05883672759225507,44.285714285714285,6667.449301278724,40.06416649270271,70,9,14,24,4.81,1.38,4,10:25,14:25,0.44,0.0065,18,67,28,20,18,True,False,False,2.0,94,False,True
0.04392931373193701,46.55172413793103,6134.5336016124165,44.09766470664776,116,9,14,20,4.0,1.53,6,10:48,15:06,0.46,0.0112,12,76,23,19,18,False,True,False,2.9,62,False,True
0.2559661682495707,42.0,24431.861070458894,23.727557777788583,50,5,8,26,2.44,0.66,3,09:57,13:51,0.57,0.0063,26,80,28,14,19,True,False,True,2.3,111,True,False
-0.3609535233434749,27.27272727272727,-4902.288355740344,31.96204076175621,11,9,21,15,1.58,1.14,8,09:58,13:55,0.52,0.0054,11,75,27,15,22,True,False,False,1.3,107,False,True
-0.012101918870943295,39.50617283950617,-1571.702189359854,48.02164536574508,81,9,21,11,2.53,1.7,7,10:04,13:33,0.52,0.0135,20,73,22,18,20,False,False,True,1.1,106,True,False
0.14555584338548916,48.888888888888886,10792.371777382505,28.999115450328265,45,5,8,21,3.66,1.5,10,10:20,13:17,0.56,0.0069,24,76,30,13,24,True,True,False,1.0,29,True,False
-1.736454958565235,0.0,-3173.479717343802,15.887270219129931,2,8,20,19,4.94,1.83,1,10:34,14:07,0.45,0.0092,30,79,26,17,30,True,False,True,1.5,26,True,False
0.21793024255377455,57.99999999999999,21032.851436322257,31.212394905489198,50,9,14,13,3.28,1.8,7,10:37,14:06,0.57,0.0149,17,70,20,16,29,True,True,True,2.0,65,False,False
0.11395462722838519,50.847457627118644,18981.052416083163,51.40669272019207,59,5,8,24,2.05,1.98,6,10:00,13:12,0.61,0.0058,22,66,20,10,26,False,False,False,1.5,117,False,True
0.18048666025097462,40.397350993377486,41599.75466304263,22.586055387388594,151,5,8,12,3.98,0.55,2,10:33,13:50,0.64,0.0082,21,70,26,14,25,False,True,True,2.6,34,False,True
0.2897477564464068,50.0,3268.966861562938,18.59900208003605,4,9,15,28,3.28,1.87,7,10:03,13:40,0.66,0.0101,11,68,23,12,30,False,True,True,2.8,64,True,True
0.08605165926105804,60.0,5783.9266724138215,33.00764678861694,35,9,21,22,1.64,1.72,2,10:21,15:12,0.57,0.0125,25,65,32,18,25,True,False,False,1.3,68,True,False
0.06540529390555655,44.44444444444444,2386.7215121536574,29.837505248967215,27,10,20,26,2.51,0.98,2,09:25,14:44,0.55,0.0107,26,76,29,12,27,False,False,True,2.5,43,False,True
0.388989630762116,56.666666666666664,21250.90807348385,14.323929919459427,30,9,14,19,2.06,1.14,1,10:30,14:33,0.62,0.0103,24,69,28,19,25,True,True,True,2.4,105,True,False
0.1886259283247688,50.0,3783.2576841327937,25.578309469787442,8,9,14,14,4.25,1.91,4,09:35,14:49,0.6,0.0125,19,69,25,13,30,True,True,True,2.4,80,True,True
0.18830175793987255,58.333333333333336,4505.10284979712,22.871799883457086,12,8,20,19,2.21,1.58,3,10:47,15:00,0.48,0.0091,14,80,29,15,29,True,False,False,1.4,118,False,False
0.16667947290283847,53.91705069124424,80253.41875112381,39.160025660888046,217,5,8,14,4.27,1.21,6,09:59,15:08,0.68,0.0113,27,72,35,20,25,True,False,True,2.6,68,True,False
-0.05713650177732377,46.666666666666664,-2016.1299977301642,56.46848627232676,30,9,14,11,2.47,1.76,8,10:05,13:03,0.44,0.0064,17,65,26,17,30,False,False,True,1.5,62,True,False
-0.26814035339997433,35.0,-10206.095155320194,53.10306248175113,20,10,20,23,3.17,1.64,4,10:32,14:17,0.69,0.0141,16,65,29,18,25,False,True,False,2.5,62,True,True
-0.25335617674970784,29.411764705882355,-3205.615790590906,21.286844465449555,17,9,15,22,4.9,0.68,1,10:38,14:44,0.42,0.0122,18,75,20,17,30,True,True,False,2.6,63,False,True
-0.15145827714807455,41.30434782608695,-9758.91366556003,86.976372996344,46,9,15,21,2.38,1.68,6,10:36,14:38,0.65,0.0088,22,71,29,12,24,True,True,True,1.4,30,False,True
0.30941431628135224,53.125,12713.381619544358,14.640838008127108,32,5,8,29,1.9,0.82,6,09:43,13:59,0.46,0.0059,24,69,28,10,24,True,True,True,1.4,40,True,True
-0.07126086041834519,43.75,-2916.560314064325,64.63302265127567,32,9,15,26,3.84,1.61,4,10:58,13:20,0.65,0.0136,14,66,28,12,22,True,True,False,2.4,113,False,True
0.18184767794042164,51.87500000000001,53582.02883413031,20.069012939974854,160,5,8,19,4.39,1.34,2,10:51,15:03,0.66,0.0143,13,75,30,14,22,True,True,True,2.9,23,True,False
0.09742588565012773,46.53846153846154,40135.02057538939,36.322085627564185,260,9,15,27,3.5,1.04,7,10:43,15:09,0.47,0.0061,24,76,34,11,18,False,False,False,2.5,60,False,False
0.05132304401438916,41.17647058823529,36111.968776084985,133.99882702956788,255,10,20,28,4.13,0.91,9,09:23,14:46,0.68,0.0149,13,77,26,17,18,False,True,False,2.8,47,False,False
0.0010052483229809643,36.84210526315789,846.9316662617784,29.577208576997965,38,8,20,27,2.48,0.83,2,09:36,14:02,0.42,0.009,22,73,23,17,24,False,False,True,2.2,56,True,True
0.01891053732883472,40.98360655737705,1718.4428628832502,40.76618958845621,61,8,14,12,3.1,1.08,6,10:59,13:13,0.51,0.0089,11,71,26,18,19,True,False,True,2.6,89,False,True
-0.24321884396370727,27.77777777777778,-8595.897636415219,61.354125849562855,18,10,20,22,4.84,1.97,4,09:19,13:35,0.53,0.0083,28,80,30,16,30,False,False,False,2.5,28,False,False
0.1238387752656096,46.15384615384615,2303.9222265523313,16.615622677701797,13,9,14,26,3.27,0.79,10,09:17,14:56,0.55,0.0074,20,74,35,12,21,True,False,False,1.7,80,True,True
0.1985746225130876,57.6271186440678,21118.84874791973,19.373816809909226,59,8,20,21,4.98,1.31,7,09:36,13:24,0.64,0.0107,11,78,32,19,19,False,False,True,1.4,43,True,True
0.703607797476222,66.66666666666666,2515.5899999999783,11.843540222710974,3,10,20,27,3.53,1.71,9,09:36,13:15,0.44,0.0057,27,71,20,16,26,True,True,False,1.3,37,True,True
0.09051202396443016,49.51456310679612,40621.85928645914,68.77344134687846,206,9,14,22,3.63,1.75,3,09:25,14:34,0.63,0.0119,24,77,21,11,18,False,True,False,1.9,26,False,True
0.32914295655165526,60.0,19133.513330099973,23.622397252951107,25,5,8,24,3.07,1.94,1,10:30,14:41,0.64,0.0097,28,79,35,13,24,True,False,True,1.9,94,True,True
0.11947130942898544,42.10526315789473,3537.2750582961053,27.124272501925162,19,9,14,29,4.83,1.51,6,10:30,13:11,0.58,0.013,25,76,33,14,23,True,False,False,2.7,26,True,False
-0.21278145798231626,50.0,-20395.755673191838,117.80521680708011,52,9,15,29,1.71,1.88,5,09:54,15:04,0.59,0.0137,23,75,28,14,30,False,True,False,1.5,89,False,False
0.008724267910926153,43.859649122807014,250.99211626137185,33.597933102842674,57,9,21,19,2.96,1.26,3,10:29,13:12,0.44,0.0067,19,65,23,15,22,False,False,False,1.7,65,False,False
0.7120710429846531,66.66666666666666,7194.374566356302,9.928268905567721,6,9,15,11,3.48,0.86,4,10:12,15:04,0.63,0.0077,23,69,28,13,26,False,False,False,1.9,100,True,True
0.1224679473533091,54.23728813559322,11447.595145527244,36.96171686320716,59,8,20,23,3.46,1.6,3,10:04,14:48,0.45,0.0139,22,70,25,16,22,False,True,False,2.7,107,True,False
0.09658870429890633,48.10126582278481,105433.72268021776,80.89884562573083,711,5,8,16,2.94,1.66,8,10:10,14:02,0.44,0.0147,26,65,20,12,18,False,False,False,2.8,70,False,False
0.20853287744924426,36.94267515923567,161899.59400573693,17.28133179253062,314,8,14,15,4.99,0.64,2,09:43,14:11,0.7,0.0149,26,75,20,20,18,False,True,False,1.1,68,False,False
0.10157725277274932,45.23809523809524,17428.3398279388,55.4119722518126,84,9,14,20,4.64,0.97,7,09:52,13:19,0.68,0.0097,13,66,24,18,25,True,False,True,2.3,57,False,False
0.28665861724942654,65.71428571428571,44593.43969428052,40.821586218896755,70,5,8,10,4.15,1.65,7,10:13,13:54,0.58,0.0144,23,77,35,16,23,True,True,True,2.4,57,True,True
0.10488656887493017,38.095238095238095,7013.3166245770735,25.84186663635457,63,9,15,29,4.95,0.69,2,09:15,14:49,0.43,0.0136,25,68,28,20,26,False,False,True,1.4,29,True,False
0.21615626671632845,51.515151515151516,13203.475049094239,25.972123150197223,33,9,15,15,1.87,1.04,9,10:30,15:07,0.66,0.0067,12,67,29,17,25,True,True,False,2.7,85,True,True
-0.05047820203549087,34.78260869565217,-1181.8412176084166,28.356296053424906,23,9,15,18,3.52,0.65,9,10:44,13:29,0.59,0.0138,21,74,26,10,25,True,False,False,1.4,64,False,True
-0.03821879881654611,18.181818181818183,-675.5116136782126,25.910202437868747,11,10,20,15,3.03,0.63,8,09:46,15:08,0.6,0.0063,18,69,32,12,28,False,False,False,1.8,98,False,True
0.3222348316450553,57.14285714285714,11574.42835976218,21.834029651655673,21,9,14,11,3.26,1.15,4,10:35,13:06,0.54,0.0093,17,70,32,14,26,False,False,True,2.1,116,False,True
0.03667273543339486,43.455497382198956,16734.56593407016,98.43596958912333,191,9,15,28,2.9,1.94,1,10:03,14:20,0.53,0.0144,27,72,35,15,20,True,True,True,1.9,119,False,False
0.06357062401848497,50.877192982456144,9211.619031074486,60.16241080522223,57,10,20,21,2.66,1.62,8,10:11,13:15,0.5,0.012,29,66,35,10,22,False,True,False,1.6,47,False,True
0.03610703839280075,46.666666666666664,7874.160142432971,80.00100950753773,60,9,14,19,3.64,1.35,5,09:32,13:00,0.65,0.0115,19,67,21,17,22,False,False,False,2.3,93,False,True
-0.13735389268856488,45.0,-15719.712342156796,88.9014493060776,60,9,14,26,3.12,1.48,1,09:27,13:36,0.65,0.0096,19,74,25,18,22,True,True,False,2.4,37,False,True
0.21602178736753272,52.12765957446809,20767.11435237137,14.196301149525468,94,9,15,30,2.95,1.33,8,09:40,15:09,0.47,0.0126,12,69,27,20,19,False,True,True,2.7,20,True,True
-0.20976335479347136,13.636363636363635,-5444.619170606711,35.57310420101254,22,9,15,10,3.48,0.6,1,09:26,14:07,0.44,0.0126,23,70,31,13,28,False,True,True,2.5,115,False,True
0.141518205377507,34.285714285714285,9570.99177297653,27.882882630909382,35,9,15,10,4.66,0.76,3,10:54,14:55,0.56,0.0113,17,74,25,17,26,False,True,False,1.0,103,False,True
0.2687217558575464,46.75925925925926,144686.58034500224,51.88993635348468,216,5,8,13,4.75,1.03,4,10:58,13:41,0.6,0.0117,13,74,30,11,26,True,False,False,2.9,114,False,False
-0.06077395695286355,43.333333333333336,-24308.819868981154,150.97917674895913,180,9,21,16,3.26,1.86,2,10:01,15:14,0.63,0.0099,19,76,20,20,19,False,True,True,2.8,115,False,False
0.07643341907020114,41.904761904761905,12765.585709044473,43.38471096089627,105,9,15,22,4.41,0.94,10,09:32,14:05,0.58,0.0149,26,73,32,17,25,False,False,True,2.1,72,False,False
-0.13514089360248818,28.000000000000004,-5711.557552333434,77.48582510257954,25,9,14,21,3.01,0.67,10,09:15,14:50,0.66,0.0059,22,66,21,18,23,True,False,False,2.9,97,True,False
0.1481143916980758,44.73684210526316,66185.9320598224,26.210173571474677,266,8,14,11,2.96,1.4,7,09:40,14:11,0.51,0.0067,25,71,30,14,20,False,False,True,1.2,89,False,False
-4.110030348235342,0.0,-3151.8107530533707,23.680753096231456,3,10,20,27,2.31,0.77,8,09:22,13:08,0.65,0.0071,10,70,29,12,30,False,False,True,2.1,106,True,False
0.22475152212898694,51.515151515151516,132633.117384908,23.828100351507146,429,5,8,13,2.53,1.38,10,10:35,14:54,0.43,0.0132,13,72,24,15,18,False,False,False,1.6,112,True,False
0.11705471183195808,50.45045045045045,27973.720567065466,52.29065472722903,111,5,8,30,2.99,1.31,4,09:52,13:08,0.58,0.0123,14,72,21,17,27,True,True,False,2.1,73,False,True
-0.04665864617945902,21.951219512195124,-5055.6745291843,61.94885227608571,41,8,14,20,4.09,0.6,4,09:23,15:00,0.66,0.012,25,80,31,10,28,True,False,True,2.3,37,False,True
-0.028013710927439785,45.45454545454545,-3437.807033621557,43.630335320201226,55,9,21,25,3.68,1.96,9,10:12,14:33,0.46,0.0077,14,78,21,14,22,False,False,True,2.5,57,False,True
-0.15059581764122396,33.33333333333333,-2651.550321020135,25.55017660683176,15,9,21,26,2.48,1.49,1,10:33,13:44,0.41,0.0106,20,78,26,12,25,False,True,False,2.8,37,True,True
0.250140747404399,51.64835164835166,34168.64492513647,25.670790415762152,91,8,14,28,2.56,1.16,1,10:17,14:40,0.56,0.0111,23,78,28,20,22,False,False,True,1.1,96,True,False
0.12611625489414802,50.0,52672.1551720249,54.00164214806959,260,5,8,21,2.23,1.27,4,09:50,13:09,0.44,0.0144,14,80,25,13,28,False,False,True,2.7,110,False,False
-0.06696843027251105,55.55555555555556,-842.8248053045536,29.561390073308036,9,9,21,16,4.81,1.13,1,09:50,14:11,0.62,0.0124,17,68,35,12,23,False,True,False,2.4,86,True,True
0.13708007715620188,50.96153846153846,31288.227526035087,36.61280741410068,208,5,8,17,2.54,1.29,4,10:40,14:35,0.41,0.0096,12,66,31,11,30,False,True,False,2.3,30,False,False
0.2861100571274417,58.333333333333336,4175.65461053135,14.32236919709963,12,8,14,12,1.54,1.87,10,09:51,13:15,0.52,0.0081,14,67,30,19,29,True,False,True,1.2,112,True,False
-0.012427963219405851,41.66666666666667,-240.1114861995993,14.419461055065128,12,10,20,10,1.52,0.92,5,09:52,13:55,0.5,0.0053,18,66,24,19,21,False,True,True,1.7,82,False,True
0.059197893925183834,47.88135593220339,22716.996533263606,44.20816363387898,236,5,8,21,4.52,1.03,9,10:15,13:50,0.65,0.0125,16,65,25,15,20,False,True,True,1.2,34,True,True
-0.06399186724549984,36.36363636363637,-2709.9891772024057,37.28886865209815,22,8,20,22,4.01,1.33,1,09:41,14:13,0.66,0.0127,12,69,33,18,19,False,True,False,1.2,119,True,True
-0.1584994416587753,27.77777777777778,-3007.7061535547437,21.595881888100376,18,10,20,25,4.44,0.59,8,10:29,14:31,0.41,0.0089,12,75,28,19,29,True,True,True,1.5,36,False,False
0.08282524221679356,47.31182795698925,8766.793236880745,45.14701676722084,93,9,14,19,3.39,0.79,2,09:56,14:32,0.59,0.0067,14,66,21,12,26,False,True,True,1.5,15,False,False
0.3321084647688728,60.46511627906976,25571.357760697145,17.05993488742124,43,5,8,20,4.95,1.34,8,09:52,14:35,0.41,0.0147,24,73,28,13,18,True,False,False,2.1,31,True,True
0.15948385503938656,48.07692307692308,15593.640318060367,21.875689860727153,52,5,8,19,4.03,0.95,5,09:35,15:13,0.55,0.0143,28,65,28,11,29,True,False,True,2.6,93,True,True
0.15394360467178309,56.81818181818182,20617.59047211238,29.85849048631727,88,9,14,16,1.65,1.89,8,09:42,13:09,0.47,0.0101,13,78,35,11,19,True,False,True,2.4,51,True,False
0,0.0,-659.1170599579928,6.612837396219787,1,9,21,11,2.8,0.93,3,09:22,13:44,0.51,0.0054,27,73,29,17,20,True,True,True,1.1,118,True,False
-0.09967682370970983,32.55813953488372,-7111.704965366238,78.23073192421364,43,9,15,17,3.31,0.96,1,09:53,13:20,0.57,0.0074,29,69,26,19,23,False,False,False,2.0,95,False,True
0.09212283417486246,48.95833333333333,24896.449183129298,38.67912649069126,192,8,14,10,2.78,1.56,2,09:46,15:13,0.46,0.0127,29,79,24,20,23,True,True,True,1.6,56,True,False
-0.004175341270312509,40.95238095238095,-621.1337571705917,58.39412757599204,105,9,14,27,4.61,1.02,3,10:03,14:57,0.63,0.0067,21,75,34,16,20,False,True,True,1.2,18,False,True
-0.28797861000009106,40.0,-6183.201784508836,42.1828146477152,15,9,21,17,2.54,1.42,3,10:03,13:39,0.45,0.01,15,79,32,14,29,True,True,True,2.2,93,False,False
0.4243052803345054,41.66666666666667,9180.93194693551,13.146259971566785,12,8,14,28,3.23,0.58,5,10:29,13:22,0.58,0.0053,12,70,22,12,28,False,False,False,1.9,56,True,False
0.12116878644538269,39.473684210526315,9013.22714829853,21.922326607411833,76,9,15,18,3.21,0.75,4,10:27,14:58,0.42,0.007,20,67,34,18,21,False,False,False,3.0,65,False,True
0.026297619305048515,46.3768115942029,1702.6409819881665,34.12273826810553,69,9,14,22,2.81,1.2,10,10:05,14:25,0.41,0.0103,21,67,30,13,23,False,False,True,1.7,24,False,True
-0.8263084550412533,25.0,-1999.800094128037,12.72147547064007,4,9,21,18,4.78,1.13,10,10:58,15:02,0.47,0.0052,17,73,27,14,29,False,False,False,1.1,32,False,False
0.07332664743925904,34.61538461538461,13405.320748703853,51.03747311398068,130,9,14,24,2.74,0.66,10,09:57,14:22,0.49,0.0143,20,78,27,10,25,False,True,True,1.6,100,False,False
0.20936532236846966,62.16216216216216,10659.349984192355,30.288407299564714,37,9,14,26,2.72,1.35,8,09:47,13:19,0.47,0.0091,18,72,24,15,22,False,True,False,2.0,60,True,False
-3.1677227586597274,0.0,-3268.7323425412287,16.343661712706144,2,9,21,14,2.01,0.68,3,09:33,14:58,0.65,0.0104,11,74,33,13,22,True,True,True,2.5,28,True,True
-0.13345662412381032,35.294117647058826,-3866.6245496524316,58.69730978939427,17,9,14,23,1.51,0.96,5,09:46,13:01,0.61,0.0058,25,76,33,18,29,False,False,False,1.4,116,True,False
0.11377758895052818,33.33333333333333,462.9637631417172,9.72062286483599,6,9,15,12,3.25,0.7,5,10:47,13:27,0.61,0.0118,23,66,35,18,26,False,False,False,1.0,92,True,True
-0.007044407818297509,46.34146341463415,-783.4706966101476,49.858429891266084,41,9,15,21,1.71,1.41,4,09:47,13:20,0.64,0.0084,14,67,23,20,24,False,False,False,1.4,107,False,True
0.033020814204569454,45.45454545454545,5187.948293104098,50.52662976880396,55,10,20,23,4.32,1.51,2,09:39,13:30,0.64,0.0101,29,78,28,18,19,True,False,True,2.7,71,True,False
-0.033199587398496176,50.0,-99.2746000815605,12.854533399886131,2,8,20,25,2.2,0.99,5,10:19,14:49,0.62,0.0084,20,68,21,14,20,True,True,True,2.1,112,True,True
0.17639596002386015,47.870182555780936,157465.32944782937,21.72811784770075,493,5,8,28,2.78,1.27,9,09:22,13:19,0.66,0.0129,24,75,32,14,22,False,True,True,1.0,57,False,False
0.08684936355493779,49.11660777385159,53953.914648328326,53.082225572107355,283,5,8,16,2.69,1.47,5,09:19,15:02,0.55,0.0148,12,67,27,11,24,False,False,False,2.7,86,False,True
0.17406736045100127,44.21965317919075,104781.51671843666,58.82182740553985,346,5,8,26,2.83,0.85,7,09:31,14:25,0.56,0.0099,13,80,22,17,27,True,True,True,1.9,80,False,False
0.10829809122119956,40.0,13230.812588077904,54.00903918637571,35,9,21,12,4.05,1.59,4,09:19,15:03,0.69,0.0064,30,65,24,10,23,False,False,True,1.7,31,True,True
0.1148132467121563,34.523809523809526,15375.90038279396,32.973747517393456,84,8,14,25,4.64,0.54,5,10:04,13:11,0.55,0.0111,12,80,23,20,26,True,False,True,1.1,120,False,False
0.13957754519372395,36.29032258064516,23889.709999127357,22.2539853428933,124,8,14,21,3.41,0.85,5,10:46,13:38,0.43,0.0147,13,75,34,20,22,True,False,False,2.9,117,False,False
0.2205474027317435,50.0,39578.077716899556,25.225510971622896,130,5,8,23,2.11,1.12,1,10:33,14:01,0.46,0.0109,20,69,25,12,25,False,False,True,1.5,79,False,True
-0.05399071220598496,35.41666666666667,-3029.5412486392306,61.40007234677613,48,9,14,16,2.32,1.13,3,10:53,14:09,0.64,0.014,11,71,21,15,28,True,True,True,2.9,32,False,False
2.9447485389005212e-05,46.05263157894737,784.4496930251298,81.90868489894743,76,10,20,27,2.0,1.11,2,10:42,14:48,0.65,0.0059,10,65,22,15,19,False,False,True,1.9,42,False,False
0.28045884071575405,57.23684210526315,95905.85287920559,39.880668792806446,152,5,8,16,3.88,1.78,10,10:52,13:10,0.57,0.0126,23,67,32,13,19,True,False,True,2.3,81,False,True
-0.026754397235848736,41.66666666666667,62.89254904588597,20.757842730448772,12,10,20,14,4.94,1.81,8,10:36,13:55,0.5,0.0115,22,79,20,12,25,True,False,False,2.8,16,False,True
-0.09974063424827968,20.0,-1475.74363215849,21.217612630518595,5,5,8,15,3.65,1.36,9,10:56,13:35,0.57,0.0135,23,76,22,16,29,False,False,False,1.8,79,True,True
-0.1091585070099907,44.927536231884055,-10292.032967106377,75.39512071171386,69,10,20,29,3.56,1.83,5,10:32,14:03,0.65,0.0146,21,70,34,10,25,False,True,False,1.3,32,False,False
-0.12032564534066592,28.57142857142857,-2333.945363866216,29.805449220164554,28,8,20,27,2.41,0.51,3,10:33,15:10,0.44,0.0069,14,71,31,11,30,True,True,True,2.1,76,False,False
-0.28534955009092194,42.857142857142854,-8710.63298631571,61.11900287322326,21,9,21,19,2.67,1.43,4,10:04,13:01,0.47,0.0149,28,72,26,13,24,True,False,True,2.2,80,False,True
0.02897592578630506,37.5,-126.23276549550064,21.42416529705975,8,9,14,26,4.57,1.09,2,10:36,13:58,0.56,0.0118,24,78,34,19,29,True,False,False,2.6,29,True,True
-0.0654142099652091,50.0,-2006.5763230899902,37.39477550762653,20,9,21,11,1.71,1.97,7,09:24,14:34,0.56,0.0054,15,65,26,16,25,False,True,True,2.1,64,False,False
-0.11967355499597895,36.95652173913043,-5527.134245916472,43.82251288963943,46,9,14,14,2.17,0.96,5,09:59,13:37,0.43,0.014,19,76,23,16,24,False,True,False,1.1,39,True,True
0.22443245842674092,42.5,81237.04432131522,35.93502273929856,200,5,8,11,3.6,0.93,2,10:06,13:38,0.42,0.0068,14,73,22,11,19,True,True,False,2.1,120,True,True
0.10318385849344974,60.0,1696.4532522321533,31.000621647521413,5,9,21,11,4.38,1.6,10,10:05,14:10,0.68,0.0113,16,72,23,14,27,False,True,True,2.7,60,True,True
0.019158392485168874,28.57142857142857,193.54494262710796,11.46248155417128,7,9,21,23,1.5,1.54,3,09:43,14:20,0.48,0.0062,12,70,25,17,24,True,False,True,1.5,21,True,False
0.25599200694674407,46.46017699115044,89071.05380614719,20.405515285241428,226,5,8,25,3.88,1.06,9,10:32,14:28,0.42,0.0077,28,65,29,10,22,False,False,False,2.3,114,True,False
-0.24917595978600585,34.146341463414636,-14947.974547651647,84.60401087566291,41,10,20,21,2.11,1.42,7,10:08,13:16,0.44,0.0077,16,77,34,20,25,False,False,False,1.9,104,False,False
0.0895622732688057,42.857142857142854,648.4264899740047,13.776450693833004,7,8,20,21,4.79,1.66,5,10:24,14:22,0.43,0.013,21,77,29,18,28,True,False,True,1.3,64,True,True
0.11744181824090313,57.14285714285714,5025.3598950366795,41.60055707601929,14,9,15,24,4.57,1.6,10,09:38,13:13,0.6,0.0052,26,67,33,10,28,True,True,True,2.7,86,False,False
0.17936337991484325,57.99999999999999,14304.418327704072,30.22300554345774,50,9,14,29,4.15,1.39,10,09:49,14:34,0.42,0.0076,19,78,35,20,27,False,False,False,2.4,92,True,False
0.07108912625554763,48.888888888888886,6744.000345095472,39.180531439907455,45,8,14,11,2.41,1.23,4,10:13,13:39,0.61,0.0069,12,66,21,10,24,False,False,True,2.2,32,False,True
0.10235969460645321,50.36496350364964,29037.64259099552,20.779470723621575,274,5,8,13,2.61,1.08,7,09:34,14:23,0.41,0.0142,19,70,32,15,21,True,False,False,1.6,27,False,True
0.23649349105770096,60.0,3769.333077957537,20.085370944549005,10,9,14,22,1.96,1.93,10,10:40,13:11,0.47,0.0096,19,76,23,16,18,True,False,True,2.4,87,True,True
-0.008035311787463964,41.30434782608695,17.175271667227207,34.57636406443345,46,9,14,29,3.45,1.11,4,10:03,15:06,0.42,0.0086,10,80,34,15,25,False,False,False,1.8,36,False,True
-0.06418112575354488,40.74074074074074,-3293.6565558756047,90.30012174197806,54,10,20,10,4.9,1.04,10,10:28,14:00,0.62,0.0095,17,69,20,18,23,True,False,True,1.3,69,False,False
0.1888854599283019,50.0,490.1198134423503,14.425986894838355,4,9,15,26,4.51,0.56,10,11:00,14:23,0.66,0.0101,28,69,24,16,26,False,True,False,1.1,70,True,True
0.33430498565101174,64.44444444444444,34359.537676918284,19.3959795773603,45,5,8,29,3.81,1.44,8,10:01,14:36,0.68,0.0069,12,76,22,17,23,False,True,True,3.0,63,True,False
0.264520926692578,62.5,3845.072568645839,21.167351786387798,8,9,21,23,3.83,1.87,1,10:29,13:10,0.64,0.0073,16,69,35,16,29,False,False,True,1.8,118,False,True
-0.28281092743804503,45.45454545454545,-4713.635694837456,39.51073788323859,11,8,20,27,2.54,1.6,9,10:26,13:43,0.55,0.0142,22,68,23,16,27,False,False,True,2.1,36,True,False
-0.14030619806589084,16.666666666666664,-2830.747418718307,22.43882777135425,12,10,20,24,1.9,0.63,1,09:50,13:39,0.59,0.0064,19,77,35,18,26,False,True,False,1.0,40,True,True
-0.11479718049135103,29.47368421052631,-16641.901294356267,97.06525706216937,95,8,20,22,4.08,0.95,5,09:42,14:44,0.46,0.0074,17,77,27,12,25,False,True,True,2.7,103,False,False
0.14846282946556638,37.121212121212125,40921.91917758246,35.63795241803224,132,9,14,27,4.46,0.64,9,10:05,13:50,0.6,0.0076,11,78,23,10,19,True,False,False,1.1,60,False,True
0.20676987796535795,46.05263157894737,35802.28551082844,52.52844869339168,76,8,20,17,4.15,1.23,9,10:03,13:35,0.46,0.0135,14,65,21,10,22,False,False,True,2.5,110,False,True
-0.19231867866832555,33.33333333333333,-1817.4432191013657,24.735658562506707,9,9,14,29,3.04,1.12,8,09:41,13:49,0.56,0.011,26,80,27,13,23,True,True,True,1.3,23,True,True
0.0019920602014209025,40.845070422535215,2684.056936037221,57.04999875098942,71,9,21,21,3.28,1.1,10,10:07,14:07,0.64,0.0075,15,65,27,15,18,True,True,False,2.9,31,True,True
0.5382902976028483,50.0,20353.586151126605,10.322686897522916,14,8,20,13,4.17,1.0,10,09:52,13:15,0.51,0.0053,21,66,20,14,21,False,False,True,2.4,56,False,True
0.2279299930652038,49.42965779467681,114836.17697452148,32.22391657585421,263,5,8,20,3.19,1.07,10,10:04,14:05,0.52,0.0132,10,77,25,17,26,False,False,False,1.8,94,True,False
-0.1860869079446103,46.666666666666664,-3463.702555807773,31.49629915020257,15,9,21,28,2.0,1.06,9,10:05,13:19,0.55,0.0074,29,77,21,11,29,False,True,False,1.8,33,True,False
-0.07717124756145433,41.17647058823529,-1520.1927650781217,32.962918862631724,17,9,21,10,1.79,1.88,1,10:44,13:33,0.43,0.0127,11,77,20,17,20,False,False,False,2.4,33,True,True
0.07961069608831256,48.433734939759034,50579.741481279765,72.24099874156029,415,5,8,17,1.61,1.5,6,10:40,13:47,0.62,0.0088,11,67,25,19,20,True,True,True,1.6,48,False,False
0.07399186292787152,52.63157894736842,4275.030606541124,28.848643564746695,38,9,15,20,2.79,1.76,9,10:08,13:46,0.51,0.0126,17,65,23,14,30,True,False,False,1.5,96,False,False
-0.00024292913501759716,44.89795918367347,531.671473701459,67.74722541986986,49,9,14,28,3.41,0.99,5,09:40,13:20,0.44,0.0056,27,74,27,20,20,True,False,False,1.4,21,True,False
0.055462090284048526,40.909090909090914,6897.50651858194,48.33934949012069,66,9,15,26,4.24,1.15,5,09:19,14:02,0.53,0.0117,29,79,22,18,23,False,False,False,1.8,82,False,True
-0.2100359949088703,39.39393939393939,-14362.734974316514,72.99006555634162,33,9,21,29,1.89,1.8,10,09:51,13:03,0.68,0.0136,10,72,34,19,21,True,True,True,2.2,50,True,True
-0.14279807525262087,37.5,-9885.031395532587,84.31961572664066,64,9,14,27,3.65,1.78,4,09:44,14:59,0.43,0.0066,22,77,26,16,29,True,True,True,2.9,35,False,False
0.356176997381184,53.06122448979592,45846.620832899964,28.82355449875594,49,9,15,20,3.21,1.95,3,09:54,15:13,0.62,0.0073,26,78,28,10,22,True,False,True,1.5,78,True,False
0.11236676133419385,57.14285714285714,1681.7449896471699,38.51227263689911,7,9,21,24,2.48,1.96,2,10:08,13:55,0.56,0.006,15,80,25,18,25,False,True,False,1.7,118,True,False
0.004105336919543176,35.8974358974359,4483.998914424268,111.82912771753249,117,9,21,21,3.57,1.19,3,09:50,13:17,0.54,0.0068,11,67,23,15,20,True,True,False,1.0,107,False,False
0.15713378613949863,40.0,17854.022101950643,30.411236145575003,60,9,15,14,3.75,0.98,9,10:45,14:40,0.58,0.0143,11,77,31,16,22,False,False,True,2.4,99,False,True
0.8292184671618316,80.0,9588.187796814436,12.946390456281403,5,8,20,19,1.97,1.51,8,09:56,14:26,0.64,0.0111,11,75,20,13,27,False,True,True,2.8,115,True,True
-9.736990220773361,0.0,-2759.9246958557924,18.88671847365009,3,8,20,12,4.8,1.1,8,10:41,13:20,0.48,0.014,11,77,30,14,30,True,True,False,1.7,27,True,False
-0.32663442415253674,33.33333333333333,-2321.1010963943154,15.508684379806557,6,9,14,27,2.98,1.13,8,09:32,14:16,0.44,0.015,24,80,24,17,26,False,True,False,2.9,86,True,True
0.24117129879350704,60.0,45246.8636331394,50.76707231498345,95,5,8,29,2.89,1.95,5,10:17,14:54,0.57,0.0147,22,73,35,18,29,True,False,True,2.4,74,True,True
0.1032825055287329,34.375,9676.307465201018,41.474362907255205,64,9,15,22,4.42,0.63,6,10:01,13:48,0.54,0.0096,21,77,26,20,28,True,False,True,2.1,114,False,False
0.08114026458512248,39.62264150943396,9781.632377764447,53.78434597444065,53,9,15,23,4.05,1.0,10,10:10,15:10,0.61,0.0056,29,78,20,13,19,True,False,False,1.6,53,False,True
0.3041417036806038,60.97560975609756,28791.995033171064,21.022137938421782,41,8,14,30,3.69,1.91,4,10:48,14:31,0.55,0.0139,18,66,22,20,26,False,False,False,2.6,118,False,True
0.20975617510661143,48.598130841121495,49927.46996542395,24.46373059476492,107,5,8,24,2.58,1.55,5,09:52,14:42,0.64,0.0069,22,67,22,11,29,True,False,True,1.3,103,False,True
-8.562862036396607,0.0,-1820.21761821767,10.55723860725272,3,9,14,14,1.6,0.72,10,09:35,13:23,0.42,0.0052,23,70,24,14,28,True,False,False,2.9,81,True,True
0.11524786849318136,43.790849673202615,42034.05060385314,79.65353867588301,153,8,20,24,4.11,1.2,2,09:30,13:50,0.66,0.0087,14,66,33,10,23,True,False,True,1.2,40,False,False
0.15143522256031114,56.52173913043478,8966.10172109785,46.66687069053914,23,9,14,25,4.5,1.71,3,09:57,14:35,0.62,0.0118,10,68,27,12,29,False,True,True,2.1,47,True,False
-0.47952064288975876,13.636363636363635,-15752.06512178364,98.56139443466051,22,9,21,18,3.92,0.93,6,09:49,14:07,0.56,0.0059,10,67,25,15,25,True,False,False,2.2,85,False,False
0.22558964140432575,50.0,4476.819426822683,19.95086051023777,18,9,14,10,3.32,0.84,2,10:49,13:49,0.4,0.0063,21,67,21,11,25,True,True,False,1.9,53,False,True
0.08268488588275907,45.2991452991453,23954.711475543627,58.654055875396885,117,9,15,21,4.25,0.94,2,10:07,13:15,0.63,0.0119,23,66,21,13,21,True,False,True,1.7,52,False,False
-0.005123292576428407,33.33333333333333,-639.2342402115755,24.08901695304533,18,9,21,22,3.22,0.92,10,10:49,13:59,0.61,0.0113,27,69,22,12,25,False,False,False,1.9,52,False,True
-0.04328532055941678,33.33333333333333,-1135.7448600750722,18.909670591805906,12,8,20,24,4.86,1.64,6,09:21,13:22,0.42,0.0145,28,66,20,17,29,True,False,False,1.3,29,False,True
-0.015827146989684553,44.44444444444444,-898.3148514065579,78.57287343470291,162,9,21,13,1.7,1.17,4,10:18,15:13,0.48,0.0103,16,75,31,12,21,False,True,False,1.7,23,True,False
0.026258135759140055,39.473684210526315,9403.242458497636,101.41614218184272,76,9,21,23,3.64,1.52,8,09:52,13:36,0.59,0.0105,18,77,25,15,20,False,False,False,2.1,110,False,True
0.1045451109103899,43.24324324324324,9422.679909257571,47.67857368590738,37,9,15,15,4.77,1.41,8,09:16,13:15,0.66,0.01,15,80,28,18,27,False,False,False,1.7,107,False,True
0.10130942500463999,45.83333333333333,16890.784678061704,41.096457607658195,72,9,21,25,3.81,1.91,6,10:52,14:43,0.53,0.0096,18,71,31,10,22,True,True,True,1.7,104,False,True
0.19151807497361326,35.714285714285715,100121.57342375602,28.55764713203878,266,5,8,25,3.43,0.56,6,10:28,15:08,0.69,0.0111,12,65,23,20,21,False,False,False,2.2,66,False,True
0.04636399968549365,38.52813852813853,24076.319535833798,71.74222170547297,231,10,20,26,3.36,0.99,4,09:43,15:13,0.57,0.0078,12,70,24,15,19,False,True,True,1.5,71,False,False
0.11647483096952264,50.90909090909091,19076.0534904023,48.11638663624283,55,9,14,28,4.46,1.66,5,10:47,13:29,0.68,0.0108,15,74,22,10,27,False,True,False,2.9,60,False,False
-0.018145573184299435,37.93103448275862,80.99085095841292,36.46298524170466,29,10,20,28,3.11,1.32,10,10:30,13:26,0.48,0.0099,10,66,20,18,21,True,True,False,1.1,32,False,True
-0.14561309522248458,35.96491228070175,-23461.87434189469,152.84311709759695,114,9,15,17,2.33,0.99,3,09:41,13:26,0.64,0.0134,27,76,25,17,23,False,False,False,1.4,24,False,False
-0.030180232619628697,37.39495798319328,-6305.328396471314,102.92696841820226,238,9,21,22,2.41,0.98,6,10:52,14:56,0.46,0.0116,27,76,21,13,18,True,True,False,1.4,79,False,False
0.582853826922212,65.0,27834.174238978332,13.421442767916544,20,9,15,11,3.51,1.27,7,10:31,13:06,0.67,0.0112,24,66,20,10,21,False,False,False,2.3,53,True,False
0.15751104912281932,43.653250773993804,75414.41299629623,29.956670800094965,323,5,8,26,2.65,1.11,6,10:26,14:25,0.42,0.0087,12,66,30,10,26,True,True,True,2.5,117,False,False
-0.03722854360371477,53.333333333333336,-10210.915188748357,112.47258764125267,120,9,15,23,1.72,1.84,3,09:51,15:09,0.66,0.0094,28,67,27,10,27,False,False,False,1.8,63,False,False
0.10270705156528862,55.00000000000001,3891.4281225966806,24.366774239651388,20,9,15,14,4.37,1.83,10,09:49,13:04,0.55,0.0102,21,68,23,19,27,True,True,True,1.7,94,True,True
0,0.0,-894.8149933780551,4.474074966890275,1,9,21,25,3.33,0.8,1,10:59,14:54,0.66,0.0055,23,68,30,15,28,True,True,True,1.1,53,True,False
0.0891487198535505,44.881889763779526,25351.056624389224,50.006089403894336,127,8,20,26,2.54,1.09,2,10:56,15:12,0.57,0.0141,26,66,25,16,21,False,False,True,2.1,100,False,False
0.13945132764021773,62.5,1802.3518779702827,17.791969091279796,8,8,20,19,3.28,1.43,4,10:00,13:09,0.5,0.0069,23,74,23,16,23,True,False,True,1.0,110,True,False
-0.014145536003005424,50.0,-187.63809285343086,11.439673929684874,2,8,20,15,3.14,1.18,4,10:28,13:30,0.55,0.0078,25,79,22,13,28,False,False,False,1.5,112,True,True
-0.23979382382288472,33.33333333333333,-2099.6735325277987,26.08391296423953,6,8,20,17,3.43,1.18,3,09:52,14:04,0.41,0.0079,28,72,27,12,26,True,False,False,1.2,105,True,False
0.16030006191829174,40.0,7748.148915066846,24.635439040826462,35,8,14,29,4.27,0.63,6,10:43,13:03,0.49,0.0104,17,69,30,12,29,False,False,True,1.4,43,True,False
-0.07794343524548843,42.857142857142854,-3853.5213981937122,34.8282838633928,28,9,21,19,2.27,1.38,2,09:55,15:09,0.57,0.0103,16,68,22,16,23,False,False,True,2.0,22,True,True
0.07117889381756401,41.221374045801525,14409.796905095354,60.57100808146597,131,9,14,18,4.99,0.85,9,09:49,14:03,0.51,0.0071,28,77,31,16,23,False,True,True,1.4,62,True,False
0.14030193591883533,60.215053763440864,26640.189748958204,36.3466910037758,93,5,8,21,2.14,1.6,3,09:41,14:07,0.58,0.0083,24,68,35,13,29,True,True,False,2.4,70,True,False
0.176970204509819,26.89655172413793,46542.267361187536,24.359711991049867,145,9,14,15,3.2,0.53,2,10:31,14:04,0.65,0.0076,10,80,29,17,20,True,True,False,1.5,116,True,False
-0.04786499523766066,43.58974358974359,-5834.171833404886,69.24574373173087,78,9,14,10,1.71,0.89,3,10:09,14:54,0.65,0.0145,12,67,28,13,22,True,True,True,2.0,22,False,True
0.1329726648200754,63.934426229508205,9878.73578047267,25.092680679070646,61,5,8,28,1.63,1.85,9,09:26,13:05,0.48,0.0093,20,78,27,13,22,False,True,False,2.6,57,True,False
-0.260500604468177,33.33333333333333,-5595.741312748329,42.08289498645319,24,10,20,22,2.97,0.87,10,10:38,14:10,0.57,0.0117,27,76,26,19,25,True,True,True,1.8,44,True,False
0.720178965531387,75.0,8671.237235221466,13.71452316211839,8,9,15,10,3.58,1.56,7,10:39,13:19,0.45,0.0137,25,80,22,12,25,False,False,False,1.1,86,True,True
0.059316434495272755,40.80717488789238,29498.29922337975,70.61800885369728,223,9,15,19,2.76,1.03,1,09:24,13:33,0.7,0.0105,11,74,29,20,18,False,False,False,1.7,88,False,False
0.37172276343055105,50.0,1807.633514978479,6.419091388363637,4,9,21,27,2.23,0.71,3,09:49,13:59,0.43,0.006,23,69,35,15,24,False,False,True,2.6,42,True,False
0.34765576439683826,58.333333333333336,82726.925372787,21.42929295950383,84,5,8,18,3.11,1.36,3,10:30,13:14,0.67,0.0086,30,68,30,10,24,True,False,True,2.6,99,True,True
0.013215953818181282,35.294117647058826,6138.524331018067,90.60488279128762,102,9,21,13,4.07,1.01,3,09:20,13:37,0.68,0.0128,12,68,33,20,21,True,False,True,2.9,90,False,False
-0.03927102454971173,31.818181818181817,-1192.5072526835138,32.701568657620314,22,9,15,16,2.36,0.6,5,09:49,13:44,0.41,0.0083,17,74,27,16,27,True,False,False,1.6,73,True,False
0.3893352110803189,66.66666666666666,9347.433505432437,21.024158392055373,12,8,14,15,2.27,1.82,2,10:59,14:27,0.56,0.013,25,73,30,16,28,True,True,True,3.0,77,True,False
-0.064563770065332,45.28301886792453,-4862.672468350544,74.08776870396518,53,8,20,21,2.18,1.71,7,09:15,13:14,0.51,0.0071,17,76,29,17,25,True,True,True,1.7,45,True,False
0.32646414448526273,38.88888888888889,9109.551331573311,15.738294373769413,18,9,14,10,1.64,0.51,3,10:27,14:35,0.7,0.0084,27,76,26,17,28,True,True,True,2.8,60,True,False
0.36214176675393595,62.5,19768.2069020262,16.744498579251985,32,9,15,21,1.69,1.67,6,09:45,13:42,0.61,0.0063,28,65,24,20,22,True,True,True,1.7,56,True,True
-0.3257833119698238,25.0,-14283.185878917342,76.91603223776228,36,10,20,18,3.56,0.88,3,09:38,15:09,0.61,0.0142,18,70,28,11,30,False,False,True,1.0,112,False,False
0.10112825820933777,47.05882352941176,7780.988819792321,26.4965337986584,34,8,20,17,1.82,1.26,2,09:37,14:47,0.62,0.0091,12,68,29,10,21,True,True,False,2.5,37,True,True
0.09246951423419855,39.285714285714285,11293.236523693187,40.702752730456886,56,9,21,29,3.24,1.98,2,09:19,13:34,0.69,0.011,15,69,27,13,23,True,False,True,1.1,115,False,True
0.16284260021608918,57.89473684210527,4388.38755600217,17.622637442680293,19,9,15,23,3.57,1.96,6,10:56,13:35,0.42,0.0146,22,70,24,12,25,False,True,True,2.9,86,False,True
0.21957686398613135,57.14285714285714,12639.105312277337,22.778608208758033,28,9,14,21,4.83,1.84,4,10:07,14:58,0.49,0.0069,29,74,22,19,27,True,True,False,2.1,97,True,True
-0.5405619111351174,25.0,-1218.8151850144495,11.10045386562959,4,10,20,24,1.71,0.79,7,10:59,13:49,0.4,0.0058,11,73,29,18,29,True,False,False,2.0,80,False,False
-0.12086073991071182,35.3448275862069,-17418.523534396045,152.8863147900291,116,9,21,21,1.79,1.01,9,09:17,13:33,0.46,0.0102,20,77,24,11,26,False,False,False,1.4,67,False,False
-6.706993973636504,0.0,-1735.3064850382434,8.749988684300348,3,9,21,25,2.99,0.75,10,10:49,13:05,0.46,0.0098,29,71,24,11,30,False,False,False,1.8,29,False,True
0.5764680763574815,62.5,12930.903533908917,20.566165596727696,8,9,14,29,3.14,1.83,2,10:01,13:28,0.66,0.0123,14,80,30,20,18,True,False,False,1.6,43,True,True
-0.04415827669688409,37.93103448275862,-2166.466381294871,57.4211945678165,29,9,14,16,1.6,0.86,7,09:52,14:05,0.59,0.0107,15,75,25,15,28,False,False,True,1.6,74,True,False
0.22858629776968112,50.27624309392266,76015.96216701096,24.48215557441675,181,5,8,16,3.62,0.72,9,09:48,13:39,0.69,0.0079,26,75,25,17,20,True,False,True,2.4,44,True,False
-0.10344952660558572,36.11111111111111,-16095.325951092269,117.08634142394354,72,9,15,29,3.53,1.36,1,10:29,14:17,0.66,0.0086,17,75,31,20,19,True,True,False,1.3,115,False,True
0.2910106780573712,43.75,9535.064684224053,40.77982923063265,16,8,14,25,3.2,0.58,2,10:25,13:26,0.7,0.0058,28,68,28,14,25,True,True,True,2.1,69,False,True
-0.04244840930508547,41.66666666666667,-2680.5422321438127,48.20619650331211,24,8,20,12,3.4,1.58,6,09:24,13:22,0.63,0.0124,14,70,22,15,26,False,False,False,2.6,26,False,True
0.12607730589762606,43.258426966292134,60743.812127168916,50.85891321650291,178,8,20,28,4.87,1.15,3,10:14,13:36,0.69,0.0122,14,80,29,10,20,False,True,True,2.7,60,True,False
0.5193458950070954,68.42105263157895,21804.427687524243,17.550736989354142,19,8,14,13,2.76,1.38,5,10:47,13:56,0.69,0.0149,10,75,33,20,21,True,True,True,2.5,82,True,False
0.1592721050622513,46.875,7414.917256905159,27.988398071206,32,8,14,13,2.82,1.61,2,10:45,14:56,0.53,0.0069,18,66,21,12,23,True,False,True,2.3,21,True,True
0.3518617563627936,55.223880597014926,55315.02380187069,27.421554983687074,67,8,14,30,4.72,1.29,10,10:09,15:10,0.55,0.008,18,75,32,10,23,False,False,False,2.1,97,True,True
-0.009843214011994304,47.69230769230769,-1819.4307186781443,59.13869056009538,65,9,15,12,2.58,1.33,8,10:03,13:49,0.57,0.0096,20,76,20,14,27,False,False,False,1.1,81,False,False
0.0832597135074029,52.94117647058824,7131.281319460384,31.376563958418824,51,9,15,13,3.72,1.89,10,10:10,14:10,0.47,0.0079,19,68,34,20,23,False,False,False,2.1,75,False,True
-0.435357352231216,28.57142857142857,-5373.754010362069,37.27857802878659,7,8,20,22,3.2,0.93,10,09:18,13:50,0.64,0.0128,24,68,26,19,26,False,False,False,2.9,64,True,False
-0.07931562169459239,50.0,-2726.799985729547,56.458387953169506,30,9,14,11,1.82,1.87,7,10:55,14:56,0.61,0.0079,29,79,25,14,25,True,True,False,1.2,86,False,True
0,0,0,0.0,0,9,21,28,2.12,1.31,8,10:27,14:21,0.6,0.0092,17,74,27,16,29,False,True,True,1.5,91,True,True
0.09007281108690449,55.952380952380956,12698.620942818332,46.66098910943123,84,8,14,27,2.8,1.75,7,09:45,15:09,0.6,0.0134,21,69,21,19,29,True,False,True,1.9,83,False,False
0.16244794906270546,45.588235294117645,15842.086041609524,36.604992855601246,68,8,14,27,2.49,0.91,9,10:55,14:25,0.66,0.012,18,75,30,15,22,False,False,True,1.3,63,False,True
-0.2055850108105857,28.57142857142857,-2342.2058261711973,30.281628168699537,7,8,20,30,2.72,1.43,2,10:04,13:04,0.65,0.0086,14,78,21,10,30,False,True,True,1.4,79,True,True
-0.08958221506388545,40.76433121019109,-17049.381997298944,107.14215571167307,157,9,15,28,4.43,1.92,8,09:58,14:41,0.41,0.0149,28,78,33,15,22,True,False,True,1.9,21,False,False
0.08660090704852985,50.0,300.6450346550482,16.413388965789792,2,9,14,11,4.51,1.69,4,09:35,13:23,0.56,0.0054,11,79,32,17,29,True,True,True,1.7,108,True,True
0.5195392187259421,75.0,7524.315767965418,16.486333981576205,8,9,15,30,3.41,1.62,2,10:21,13:29,0.53,0.0086,14,77,25,11,28,True,True,False,2.0,70,True,True
0.2790689487026967,53.333333333333336,21700.623514301835,35.463988755657525,30,8,14,19,4.16,1.94,10,09:41,14:09,0.69,0.013,15,78,32,11,18,True,True,False,1.5,46,True,True
0.1904010304713824,53.73134328358209,18942.051088906985,31.502882559706258,67,8,14,12,3.8,1.4,3,10:29,15:14,0.47,0.0099,15,68,26,16,22,True,True,False,2.8,96,True,True
0.08596162049373719,47.179487179487175,23139.344719579705,42.08045960479297,195,8,14,22,2.1,0.98,10,09:25,13:57,0.69,0.007,15,67,35,14,19,False,True,True,2.0,18,True,False
0.15522548954936913,53.48837209302325,15800.756664657187,35.36921105370085,86,9,14,12,4.09,1.31,5,09:48,14:30,0.42,0.0101,11,71,24,18,24,True,False,False,2.3,42,True,False
0.09659523805462268,52.610441767068274,64805.84189276154,68.6554843957811,249,5,8,28,3.99,1.85,5,09:32,13:48,0.63,0.0118,14,65,27,16,29,True,True,False,2.6,79,False,False
-0.021046218383112457,46.2962962962963,-1258.5796465608692,70.64387582487656,54,9,21,10,1.94,1.9,6,10:56,14:47,0.59,0.0064,28,76,28,13,19,True,False,True,2.5,103,False,True
0.08117313931700564,36.36363636363637,2906.9331073106478,27.879755230675695,22,9,14,26,4.07,0.72,1,09:54,14:11,0.62,0.0094,21,73,28,16,25,True,True,True,2.3,30,True,True
-0.052361136273911035,25.0,-716.6359654506232,25.595438380377693,12,8,20,13,3.09,1.34,2,10:13,13:26,0.58,0.0081,11,72,28,14,26,True,False,True,2.7,18,False,True
0.2620706407401645,60.0,1517.4098769565753,7.855364120637469,5,9,21,18,2.0,1.41,2,10:43,13:16,0.41,0.0089,29,74,21,13,28,False,False,False,2.1,99,False,True
-0.10840628929149523,41.53846153846154,-12367.396310318007,86.81229983392701,65,9,21,27,2.26,1.29,3,09:31,14:13,0.69,0.0079,18,79,35,19,24,False,False,True,1.5,73,True,False
-0.15392157849274085,37.3134328358209,-14524.691375163397,106.10343407713239,67,9,14,11,3.55,1.76,2,10:02,13:17,0.49,0.0121,11,69,27,14,27,False,False,False,1.1,32,False,False
-0.4964648550846189,12.5,-6634.755781161577,47.407131036819365,16,8,20,11,2.51,0.66,6,09:57,13:28,0.52,0.015,24,71,26,18,27,False,False,True,2.8,71,False,True
-0.016908078838066918,26.08695652173913,-358.92275824708486,49.59335429805809,46,9,21,26,3.48,0.66,3,10:02,14:31,0.6,0.0088,13,79,21,10,28,False,True,True,2.9,111,True,False
0.3254729543561537,57.14285714285714,28538.743824664336,18.576737004309425,49,8,14,30,3.72,1.77,4,09:29,14:34,0.5,0.0135,18,70,23,16,25,False,False,True,1.6,107,True,True
0.11021829221224061,33.035714285714285,36984.65533571175,40.049495226983275,224,10,20,24,3.75,0.82,5,10:12,14:41,0.43,0.0099,25,73,31,10,21,True,True,True,1.4,106,False,False
0.21102270271365792,33.33333333333333,1929.9643540603065,9.281191126933564,6,8,20,10,1.96,0.62,6,09:49,13:19,0.59,0.0052,30,66,26,19,28,True,False,True,1.7,99,False,False
0.02808074274942969,45.87155963302752,9459.276718809073,101.25597986010153,109,9,15,15,3.76,1.37,5,10:53,13:19,0.56,0.0147,11,71,34,12,20,False,True,False,2.6,76,False,False
-5.777939904659478,0.0,-1587.1740316379146,9.47973847856845,3,9,15,25,2.02,0.58,3,10:15,14:38,0.44,0.0054,21,74,26,19,30,False,True,False,2.3,62,True,False
-0.10542285096102628,42.028985507246375,-9767.573885578198,81.21323014682082,69,10,20,12,1.55,0.86,10,09:51,14:48,0.63,0.0136,13,80,34,12,23,True,False,True,2.8,48,True,False
0.08424350252155076,42.10526315789473,2349.298279673152,32.217604804174314,19,8,14,16,2.68,1.23,4,10:52,13:52,0.47,0.0092,29,69,22,15,29,False,True,False,2.8,61,False,True
0.27869763986894974,50.81967213114754,41962.63033345998,28.53002619658083,61,9,15,14,4.37,1.56,9,09:42,15:07,0.51,0.011,15,78,28,10,18,False,False,False,3.0,74,True,True
0.1872093469531581,56.074766355140184,38021.566299787635,50.69034379067592,107,8,14,30,2.21,1.69,2,10:45,13:36,0.49,0.0147,21,70,33,12,18,False,True,False,2.6,113,False,True
0.07407429515115109,52.17391304347826,6119.352009521117,43.899092951394614,46,8,20,20,2.36,1.4,9,10:22,14:51,0.61,0.0068,28,80,29,17,26,False,False,True,1.7,91,False,False
0.06083081683939236,47.368421052631575,3370.6418229844858,51.991335293626406,38,8,14,26,2.99,1.32,1,09:52,14:57,0.59,0.0079,29,68,28,13,27,False,True,False,1.8,92,False,True
-2.745576716399761,0.0,-8668.844018617592,44.82839153247285,18,10,20,12,4.88,0.57,4,10:19,13:06,0.42,0.0098,29,79,27,17,23,False,False,False,2.4,76,True,True
-0.010689634794927103,40.0,-235.02548962923174,36.4437262909933,25,10,20,28,3.65,1.15,4,11:00,14:39,0.46,0.0103,16,67,30,15,26,False,True,False,1.3,62,False,False
0.12490441705688725,41.81818181818181,14337.900349821983,27.57899434247207,55,9,15,22,4.17,0.97,6,09:49,15:08,0.61,0.0067,23,66,26,14,23,True,False,False,1.0,51,True,True
-0.04407975933158047,28.125,-1417.2038669691465,37.50117357267791,32,9,15,20,2.85,0.59,8,09:27,14:38,0.5,0.0054,24,70,23,12,26,True,True,False,1.2,94,False,False
0.00010807280059202088,51.02040816326531,1379.3190310694772,48.310072168646975,49,8,20,22,3.59,1.46,8,10:50,13:11,0.43,0.0107,10,76,20,18,22,False,True,False,2.0,72,False,False
-0.0053949259267584435,40.0,351.19367137660083,34.76627665721094,20,8,20,20,3.74,0.78,1,09:41,14:42,0.66,0.0087,26,65,30,19,21,True,True,True,1.8,19,True,True
-0.5598327894164388,17.647058823529413,-7620.145397329616,40.05873827163589,17,10,20,29,3.27,0.83,2,10:33,14:12,0.51,0.0071,10,80,24,17,23,True,False,True,2.0,54,True,True
0.034332316193714664,47.05882352941176,922.2030404494362,23.124141409869193,17,8,20,18,4.71,0.85,6,10:36,13:33,0.51,0.0067,23,79,21,17,28,False,True,True,1.9,91,False,False
0.06427412621337854,52.94117647058824,1150.070213479692,18.857808426565555,17,10,20,24,2.6,0.91,5,10:32,14:05,0.55,0.0145,17,75,21,15,28,True,False,False,1.3,62,False,False
0.0392917476922201,42.10526315789473,1577.5970339973683,32.98119678381063,19,9,15,29,4.32,1.45,5,09:59,14:56,0.52,0.0059,21,66,24,19,26,False,False,False,2.4,87,False,True
0.09661097833514529,47.61904761904761,15552.420807300528,43.65393586960927,63,9,14,16,2.98,1.64,6,10:30,13:25,0.67,0.0106,30,73,24,13,26,True,True,False,2.6,117,False,False
0.15881612990658853,51.388888888888886,15484.76757729079,32.58525707560273,72,5,8,24,2.76,1.22,6,10:47,14:34,0.43,0.0071,27,70,31,14,30,True,False,False,2.3,77,False,True
0.10598825820041813,46.835443037974684,45441.13690828199,67.15347199340016,158,5,8,25,4.88,1.29,6,09:41,13:04,0.68,0.0087,14,67,27,17,23,False,True,False,2.4,53,False,True
0,0,0,0.0,0,8,20,25,4.53,1.39,6,10:21,13:20,0.56,0.0095,29,79,31,13,28,True,False,True,2.4,91,True,True
0.22792375098239032,50.0,27465.945150176907,30.740768341617557,52,5,8,20,2.76,1.2,9,10:51,13:25,0.62,0.0146,18,76,24,13,19,True,True,True,3.0,95,True,False
0.002775551274232883,57.89473684210527,97.04476242906821,17.786748385617393,19,5,8,19,4.2,1.78,5,09:56,14:27,0.4,0.0052,12,75,22,17,28,False,True,False,1.9,106,False,True
0.1341418792422068,57.14285714285714,2571.37063080987,19.665888060925756,14,9,15,27,4.95,1.11,5,10:48,13:43,0.5,0.0064,11,69,29,13,26,True,True,True,2.9,63,False,True
0.49702989634774974,68.75,31118.13818832612,14.130674732826288,32,8,14,23,3.01,1.59,1,09:46,14:46,0.44,0.0088,19,76,33,20,18,False,False,True,2.2,85,True,False
-0.06427368925373379,28.57142857142857,-2569.6594307129126,35.157457093770006,21,9,15,29,2.93,1.08,1,09:18,14:20,0.43,0.0124,19,72,24,12,30,True,False,False,1.4,67,False,True
0.10924865636564675,43.61702127659575,11988.15746276566,25.320186637118237,94,9,15,28,3.14,0.92,2,09:47,13:02,0.42,0.0147,29,79,34,19,18,True,True,True,2.8,31,False,True
0.1915897692904269,44.4954128440367,49386.0536153625,24.96237935949106,218,5,8,20,2.51,0.65,10,09:25,15:10,0.46,0.0135,23,71,29,16,26,False,False,False,2.4,49,False,True
0.1372841008274289,56.25,2361.344868251119,15.670214543506903,16,5,8,20,3.31,0.81,5,09:56,13:31,0.48,0.0134,28,79,25,19,28,True,False,True,1.1,104,True,False
0.08261514043651445,56.52173913043478,12685.379876405124,37.96668372771155,92,8,14,19,2.14,1.69,8,10:51,13:14,0.55,0.0132,17,71,32,20,23,False,False,False,2.6,103,False,False
-0.8880621240851987,16.666666666666664,-4390.712227279799,26.470133204323425,6,10,20,16,2.38,0.88,9,10:06,14:30,0.65,0.0055,16,67,29,16,29,False,False,False,2.6,78,True,False
0.08094885812965857,36.440677966101696,19802.118357911546,36.046443545900786,118,9,15,26,4.75,0.89,5,10:15,14:27,0.58,0.0133,19,68,33,15,23,True,True,True,2.2,109,False,False
-0.05742694233822455,38.095238095238095,-1690.6652682075546,42.936978226481855,21,9,14,17,3.27,0.74,8,09:50,13:03,0.58,0.0057,27,71,20,19,24,True,False,False,1.1,26,True,True
-0.03775613962494317,27.77777777777778,-2712.4564125876823,56.221460719596685,36,9,14,10,4.43,0.69,6,09:51,14:58,0.57,0.008,18,79,23,12,26,True,False,False,2.4,63,False,True
-0.16254692329631093,37.77777777777778,-14908.404938066085,81.83629995917975,45,9,21,30,2.63,1.73,10,09:18,13:05,0.56,0.0073,13,69,20,13,24,False,True,True,2.3,53,False,True
0.716361314968908,81.81818181818183,11285.78420854593,16.597074905158475,11,9,15,26,3.56,1.44,2,09:32,13:12,0.44,0.0097,15,79,28,20,22,False,False,True,2.5,97,True,False
0.09662096014864102,43.20987654320987,11248.75267890215,34.21660932252143,81,9,15,28,4.4,0.71,2,09:24,13:59,0.67,0.0092,22,77,28,13,27,True,False,True,2.7,20,False,False
0.13397264870404763,46.666666666666664,2710.347994365795,20.76642659811988,15,9,14,23,3.96,0.82,7,10:54,14:27,0.54,0.0079,28,80,28,20,30,True,False,True,2.7,86,False,True
-0.03781276657434072,27.27272727272727,-457.1475634540366,19.92523644101358,11,9,21,25,2.03,0.79,9,09:21,15:01,0.48,0.0067,19,68,32,19,24,True,True,False,2.1,83,True,True
0.1812711830906164,33.33333333333333,4075.338241847545,19.093858871050305,6,10,20,12,3.76,0.81,6,09:46,15:06,0.68,0.0058,22,75,23,15,29,False,False,True,2.0,88,True,False
-1.4923161948199584,0.0,-2392.1983979433244,12.019393605436607,4,10,20,24,3.81,1.78,1,10:26,14:54,0.42,0.0055,30,73,25,18,20,True,True,True,1.0,59,True,False
0.015551941746690503,41.269841269841265,8405.038529594061,103.82105020242862,126,9,21,16,2.87,1.59,2,10:05,13:30,0.64,0.0075,13,71,35,10,20,False,False,False,1.9,109,True,False
0.09048173754278611,50.0,2181.0393688187833,18.126325446545835,16,8,14,20,2.1,0.95,5,10:35,13:26,0.51,0.0124,24,73,26,15,19,True,False,False,2.3,38,True,False
-0.4074407220986775,35.714285714285715,-9304.257575895868,64.00887280360558,14,9,15,14,3.93,1.35,1,09:20,14:34,0.56,0.0056,24,70,32,16,26,True,False,True,2.1,51,False,True
0.0379378377339442,51.02040816326531,3909.47375750442,62.553158376108485,49,8,14,25,2.05,1.64,5,10:17,13:22,0.59,0.0055,28,79,25,16,19,True,False,False,2.9,107,False,False
0.31110013393979635,33.33333333333333,3963.331159498259,7.150106125373351,9,8,14,12,2.84,0.6,7,09:24,14:29,0.47,0.0051,10,78,30,19,21,True,False,False,1.7,47,False,True
0.14084579780825868,44.666666666666664,37535.67916300428,29.925406070894834,150,8,20,30,2.86,0.79,7,10:38,13:41,0.66,0.0072,17,67,25,17,18,False,False,True,1.2,45,False,False
0.23299938296653508,52.77777777777778,24558.14060190395,49.44976124523395,36,9,14,13,4.86,1.82,9,10:47,15:14,0.57,0.0145,28,80,34,11,22,True,False,False,1.5,88,True,False
0.09425112637957181,34.48275862068966,5213.93886791472,42.67270688446338,29,10,20,18,4.61,0.7,5,09:18,13:51,0.59,0.0145,13,69,27,11,28,False,False,True,1.4,54,False,True
0.046734592562024606,70.0,2563.5321096640037,27.966593669600563,20,8,14,10,1.5,1.61,6,09:15,14:16,0.49,0.0087,19,66,21,18,24,True,False,True,2.9,104,True,False
0.635778975204795,71.42857142857143,10127.498396168103,11.658562475223357,7,10,20,29,2.56,1.7,9,10:53,14:46,0.66,0.0062,29,77,33,15,22,True,True,False,2.1,44,True,True
-0.04935699417351613,45.23809523809524,-7948.6894377784865,91.62435730928559,84,8,14,14,3.75,1.78,1,09:54,13:08,0.55,0.0114,15,70,31,18,19,False,False,False,2.5,40,False,True
0.15053741473339902,41.17647058823529,6538.105163501354,23.493181639348514,17,9,15,16,2.26,1.39,5,09:58,14:37,0.67,0.0054,30,71,28,12,23,True,False,True,1.6,117,True,True
0.10910233214051789,52.38095238095239,3687.2583276145306,24.593550907908956,21,10,20,17,3.08,1.92,10,10:09,14:37,0.44,0.0107,19,75,32,15,18,True,False,True,2.8,54,True,False
0.28649815724814215,53.84615384615385,8935.177032134448,23.397117260166354,13,9,15,30,4.84,0.94,1,10:48,13:17,0.64,0.0065,17,75,20,20,29,False,True,True,2.5,90,True,False
0.08993839327671534,33.33333333333333,1132.8159608967471,9.902972378026535,6,10,20,16,4.46,0.93,7,09:29,15:11,0.55,0.0108,29,75,33,19,29,True,True,True,1.8,23,True,False
-0.014760696879393837,40.476190476190474,-1642.796489844397,43.356845652764115,84,9,14,27,4.48,1.49,8,09:52,14:39,0.47,0.0107,20,68,35,19,21,True,False,False,2.5,20,False,True
1.751932457031701,100.0,2818.707499999975,8.626386138231808,2,8,20,10,3.23,1.61,2,10:47,15:02,0.47,0.0116,23,73,25,15,21,False,True,False,2.5,27,True,True
-0.07708958686050993,36.36363636363637,-4069.439284341197,54.33148200167888,33,10,20,21,1.72,1.47,7,10:18,13:00,0.63,0.008,27,78,26,11,20,False,True,True,2.7,67,True,False
0.21698602638609074,52.94117647058824,33734.32101414194,38.17049347385971,51,8,14,26,4.09,1.79,10,10:52,13:59,0.67,0.0107,12,66,31,12,28,True,True,True,2.1,113,False,False
0.06785932041749544,40.909090909090914,2401.18503554619,21.801627781809955,22,9,15,10,4.07,0.98,3,10:37,13:44,0.47,0.0143,18,65,23,17,27,False,True,True,1.2,37,False,True
0.09463647556644317,35.638297872340424,19676.14418857178,31.796641766500265,188,9,14,23,2.11,0.63,1,09:41,13:12,0.43,0.014,23,68,23,10,21,True,True,True,1.4,64,False,False
-0.011489148934469206,54.54545454545454,-596.3841266208256,18.472694373479595,11,8,20,25,3.42,1.04,5,09:37,13:12,0.53,0.0074,21,74,30,16,28,True,True,True,1.5,106,True,True
0.15866869892717864,52.52525252525253,28835.2303375939,22.455140736946557,99,9,15,28,4.12,0.94,10,09:55,15:13,0.65,0.0138,12,69,22,15,19,False,True,True,1.6,21,True,True
-0.05592752764292973,45.744680851063826,-8609.434021020656,118.80736046873703,94,9,21,20,3.14,1.51,4,09:25,14:14,0.59,0.0094,12,76,30,20,22,True,True,False,2.0,78,False,False
0.21708401271370287,48.484848484848484,11869.254823201238,26.520861904555204,33,9,14,16,4.26,0.73,8,09:56,14:50,0.58,0.0098,25,70,21,19,21,True,False,True,2.2,100,True,True
0.14358991242982835,50.0,418.69525668696224,12.523411791792736,2,9,15,11,3.15,1.12,1,10:59,13:09,0.54,0.0055,30,70,35,14,22,False,False,False,2.9,39,True,True
-0.11979377322023332,40.65934065934066,-24040.461123854897,185.6209912298135,91,9,21,27,2.51,1.76,9,10:16,13:34,0.66,0.009,22,77,23,13,21,True,False,False,2.8,115,False,False
-0.08079807492851383,43.90243902439025,-3639.5552748940936,58.40396459666153,41,9,15,10,3.4,1.49,4,10:52,13:44,0.47,0.0146,19,71,35,14,21,True,False,True,2.7,114,False,True
0.11724309168944438,50.0,11151.894017389568,41.335603439247734,30,9,21,12,4.51,1.17,2,10:22,15:14,0.63,0.0102,18,70,29,18,27,True,False,False,3.0,114,False,False
-0.08497507893403661,45.16129032258064,-4002.7174238997577,36.30331672496791,31,9,21,30,2.75,1.99,6,10:11,14:09,0.47,0.0122,15,76,32,13,24,False,False,True,2.2,17,False,True
0.2610929819784417,47.0873786407767,82219.07901035887,14.626908405232134,206,5,8,21,3.51,0.9,6,10:12,14:52,0.51,0.0076,14,70,31,16,22,False,True,True,2.4,87,True,False
0.04990809203734516,43.333333333333336,3063.3404418960963,34.00283988838979,30,8,20,30,3.45,1.2,3,09:38,15:07,0.42,0.0076,12,77,28,11,22,False,False,False,2.0,23,True,False
0.1325072027225621,50.0,4657.949198673443,29.930879306090418,14,9,21,22,3.19,1.24,1,10:31,15:09,0.62,0.0144,12,72,26,15,24,True,False,True,2.1,115,True,False
0.19507507856525744,58.333333333333336,15312.18584086447,23.025290284004495,48,5,8,28,2.65,1.4,2,10:09,15:08,0.68,0.0113,10,65,33,14,25,True,False,False,1.4,70,True,False
0.10809470369147704,39.02439024390244,9664.8101838818,35.22118260813042,41,10,20,16,3.86,0.99,5,10:09,13:05,0.44,0.0115,28,76,21,10,24,True,True,False,1.3,60,False,True
0.1301470235054463,45.45454545454545,73041.20680070676,33.46583736149818,264,9,14,25,3.3,1.28,10,10:45,14:57,0.67,0.0112,15,66,26,19,18,False,False,True,1.6,102,False,False
0.13894949775233068,50.0,662.0249999999651,9.081523024760296,4,10,20,16,3.23,1.92,9,10:57,13:58,0.65,0.0068,14,74,26,19,29,True,False,False,1.5,36,False,True
0.017865705106900134,37.66233766233766,1632.1037169723859,46.36375298721805,77,9,15,20,2.83,0.93,8,10:37,15:05,0.64,0.0066,10,74,21,18,20,True,True,True,1.6,72,False,True
0.1146508846498293,40.0,12338.819259866013,39.2340454158471,50,9,21,23,1.77,0.72,8,09:28,14:12,0.7,0.0148,14,73,27,12,22,True,True,False,1.5,77,True,True
0.18449429581119944,51.048951048951054,88666.59045712596,49.962831320135045,286,5,8,29,4.09,1.52,9,10:43,13:04,0.55,0.0074,28,72,20,20,22,False,True,True,1.8,51,False,False
0.05975648425626878,41.08527131782946,31433.499760250743,81.19919377208623,258,8,20,29,2.35,0.99,6,09:43,14:04,0.67,0.0104,18,72,25,11,19,False,True,False,1.9,60,False,False
0.5112094642340923,66.66666666666666,11621.077209825678,17.705884685105335,9,8,14,23,2.81,1.78,8,09:38,13:17,0.64,0.0052,15,68,28,13,23,False,False,False,2.7,93,True,True
-0.11482663258576623,45.78313253012048,-16751.46098947261,133.90698505696784,83,9,14,19,1.64,1.62,1,09:41,13:51,0.65,0.0144,29,74,23,11,27,False,False,True,1.6,39,False,False
0.37294021595812393,54.54545454545454,7925.330367261966,28.868499856231296,11,9,15,25,3.44,1.07,6,10:09,14:54,0.6,0.0113,23,66,32,17,28,True,False,True,2.9,99,True,False
-0.08332462607741123,45.09803921568628,-9391.267659500567,82.00432551783332,102,8,14,30,2.27,1.91,8,10:24,13:39,0.42,0.011,21,68,23,13,21,True,True,False,1.8,33,True,False
0.1161032927278762,46.34146341463415,16221.143470092691,55.35931646426734,41,9,14,25,4.11,1.41,7,09:56,14:35,0.7,0.0098,16,65,25,10,26,False,True,True,1.8,65,True,True
-0.236501239830001,36.36363636363637,-5285.684366211348,41.6092862471435,33,9,14,30,1.77,1.01,5,10:04,13:43,0.42,0.0055,24,78,28,17,26,False,True,False,1.2,16,False,False
0.09005695186436932,39.62264150943396,5773.0252872681995,24.112555746870648,53,9,15,29,3.8,0.73,6,10:58,14:03,0.46,0.0137,13,72,29,19,21,True,True,False,1.2,76,False,True
-5.818796348841247,0.0,-3968.403950172882,20.395766698766117,7,9,15,23,3.21,0.61,6,10:20,14:08,0.53,0.0112,21,72,32,16,29,False,False,False,1.4,17,True,True
0.35352699436308316,54.54545454545454,11801.424832994104,20.04304262985216,22,9,15,14,1.89,0.99,3,10:02,14:37,0.69,0.0074,28,69,32,18,23,True,True,True,1.3,92,True,False
0.3268184720688482,63.1578947368421,15687.252921449697,18.183374742871404,38,8,14,18,4.57,1.69,2,10:39,14:02,0.42,0.0145,27,76,22,16,26,False,True,False,1.3,42,False,True
0.1305930692748795,33.223684210526315,56165.09484311448,24.644386299156835,304,9,14,28,3.64,0.7,9,09:49,14:37,0.42,0.0078,24,73,27,17,19,False,False,False,3.0,105,False,False
0.6698550588985281,81.81818181818183,12317.768925739434,15.729998783481037,11,8,14,24,1.64,1.42,9,10:42,13:17,0.63,0.0105,16,72,34,18,24,False,True,False,1.7,86,True,False
0.5620826544847639,69.23076923076923,10159.94318292835,9.687163012674132,13,9,14,11,2.6,1.59,4,10:55,15:05,0.43,0.01,11,68,35,14,24,False,False,False,2.9,41,True,True
0.07331048834883908,44.44444444444444,6117.307977781009,31.670271364964254,90,9,15,20,3.65,1.05,1,10:02,14:42,0.42,0.0088,22,66,25,14,23,False,False,True,2.2,39,True,False
0.17565547953488245,45.81818181818182,69428.87481820415,41.87237712907962,275,5,8,14,2.64,0.99,4,10:25,14:46,0.48,0.0136,21,78,32,11,18,True,True,False,1.1,70,True,True
-0.9094009685350771,16.666666666666664,-3294.7330811164684,25.33920588843851,6,9,15,15,2.84,1.23,2,10:04,13:34,0.61,0.0112,11,76,28,15,28,False,True,True,1.0,30,True,True
0.2851934791288302,63.888888888888886,28596.489464983177,27.249480429980284,36,5,8,14,4.14,1.63,6,09:30,13:03,0.66,0.0133,18,67,30,15,28,False,True,False,2.1,106,True,False
0.16702157757677952,52.22222222222223,24643.71617491918,31.590849314401453,90,8,14,22,3.4,1.17,8,09:53,14:46,0.52,0.012,28,68,24,16,28,False,True,True,1.6,81,False,False
0.12085530293167633,45.618556701030926,71840.74120214749,72.03404753205939,388,5,8,13,3.11,1.11,6,10:16,14:09,0.45,0.0106,17,66,24,15,23,False,True,True,3.0,75,True,False
0.12084364947640916,45.45454545454545,2313.5288775733025,12.527649345038554,11,9,15,14,3.89,0.89,6,09:19,13:10,0.41,0.0117,22,79,29,10,27,True,True,False,1.4,63,True,True
-0.017851880410469048,46.15384615384615,-1797.2064742839902,57.14430064980283,65,9,15,21,2.04,1.56,4,10:00,13:16,0.59,0.0069,18,77,35,17,18,True,False,False,1.7,23,True,False
0.11535546469717356,53.03030303030303,14858.735053932134,28.33354135340644,66,9,14,19,3.61,1.54,8,10:04,14:58,0.53,0.0071,28,65,30,17,28,True,False,True,2.3,101,False,False
-0.09130883499365972,38.46153846153847,-3953.7013242542434,33.433391529563124,26,8,20,12,1.81,1.09,1,09:33,13:35,0.51,0.0073,25,77,31,17,25,False,False,False,2.2,100,True,True
-0.01896368641250285,39.30635838150289,-1515.5089069597234,113.93046901698263,173,10,20,21,3.19,0.63,3,10:19,14:47,0.66,0.0082,20,73,22,19,19,False,False,False,2.8,20,False,False
0.3322906290131375,61.53846153846154,8453.980184355667,15.984660832092029,13,5,8,10,3.03,1.66,8,09:22,14:49,0.4,0.0062,11,73,32,19,30,False,True,False,2.4,91,True,False
0.27359710047268493,52.77777777777778,35777.1474136143,17.423736953415354,72,9,14,13,4.42,1.03,6,10:37,14:19,0.63,0.0104,21,76,22,20,27,True,False,False,1.5,56,True,False
-0.007378756927103,37.5,-240.99718311947436,33.68415402254853,24,9,21,16,4.3,0.91,6,09:16,14:39,0.48,0.0113,24,80,29,14,30,False,True,True,2.7,17,True,False
0.16775640919506157,41.04477611940299,63058.97328639972,52.925525115826034,134,9,21,23,3.69,1.03,8,09:22,15:11,0.68,0.009,29,71,29,10,21,True,True,True,2.3,101,True,False
0.08481629441205,60.0,660.0836802455196,18.223237350363473,5,5,8,12,2.27,1.82,8,10:29,13:04,0.54,0.0052,18,77,34,19,21,True,True,False,1.9,66,True,False
0.1846695425986087,46.835443037974684,24242.52526539255,22.38415993469988,79,9,15,28,2.57,1.07,7,09:29,14:48,0.55,0.0129,11,75,25,16,19,True,True,True,1.3,73,True,False
-0.17207327671122663,26.666666666666668,-5988.610844789413,63.179281126810324,30,10,20,22,2.41,0.63,5,09:19,14:58,0.53,0.0105,26,78,21,19,29,True,True,True,3.0,96,False,False
0.10601711013161026,53.878406708595385,120968.06112573654,53.11145173126366,477,5,8,21,2.2,1.95,3,09:20,14:28,0.59,0.0072,13,74,27,10,25,True,True,False,2.5,98,False,False
-0.2683832785338358,27.27272727272727,-1390.9553028321534,21.557210781608756,11,9,21,28,4.75,0.5,5,10:23,14:58,0.48,0.0096,17,65,30,18,24,True,False,True,2.2,93,True,True
-0.2630065465446893,50.0,-231.52500000000146,12.724818246221792,2,8,20,23,3.77,0.83,10,10:00,13:27,0.63,0.0128,13,69,28,19,30,True,False,True,1.5,15,True,False
-0.413489702378566,50.0,-1543.8392012248842,13.956343052126865,2,9,14,11,3.12,1.09,5,09:22,14:20,0.57,0.0078,23,68,33,12,30,False,False,False,1.6,78,True,True
0.14692929253573642,26.96629213483146,21272.93001305052,36.187095930351546,89,8,20,20,4.15,0.55,2,09:23,13:20,0.4,0.0069,25,80,23,14,20,False,True,False,1.1,89,False,True
0.3521498955920399,50.0,33393.73609371144,18.885024983406886,42,5,8,15,4.19,0.88,1,10:38,14:44,0.59,0.0075,20,68,33,14,24,False,False,False,1.1,77,True,False
-0.1750086099499629,38.095238095238095,-2864.091868979216,27.051064998027197,21,9,14,26,1.64,0.87,10,10:58,15:15,0.45,0.0086,30,79,35,15,29,False,False,True,1.8,40,False,True
0,0.0,-177.09999999999854,2.2330222542689584,2,10,20,14,4.2,0.53,4,09:47,14:10,0.44,0.005,24,67,30,18,30,True,False,False,2.2,26,False,False
-0.0038820732079574414,47.31182795698925,65.19512776553893,67.0286965673131,93,5,8,20,3.21,1.81,1,09:32,14:39,0.48,0.0115,30,65,34,14,30,False,False,False,1.3,47,False,True
-0.07128321204131977,34.04255319148936,-4181.864591494803,80.10768492068304,47,9,21,27,3.12,0.99,8,10:58,13:03,0.7,0.0082,14,71,28,15,22,True,True,True,1.5,85,False,False
-0.04385415422205376,40.625,-2270.751542447888,32.859237110847936,32,9,15,23,3.73,0.87,1,10:47,15:05,0.65,0.0096,21,66,21,19,26,True,True,False,2.8,45,False,True
0.07610804369431208,49.18032786885246,5592.8353781130645,36.42875814462841,61,9,14,12,2.71,1.27,4,10:45,13:17,0.45,0.0146,18,71,22,14,26,False,False,True,2.1,45,True,False
0.02590062181319694,39.285714285714285,4575.498969319662,53.412144743818025,56,9,15,16,4.39,1.23,9,10:42,15:07,0.59,0.0071,19,80,33,12,23,True,False,False,2.4,107,False,True
0.1400493794838832,39.42857142857143,47363.92465377395,56.41138882552863,175,9,21,14,3.68,0.8,9,09:27,15:06,0.53,0.0136,15,66,21,12,20,False,True,False,2.5,59,True,False
-0.009352743613171134,43.66197183098591,-1249.0240546376263,44.54443488365026,71,8,14,13,4.05,0.98,2,10:21,13:27,0.5,0.007,12,68,24,18,20,True,False,True,2.7,23,False,True
0.18216605040988365,60.0,12074.657703074285,28.805460746602947,35,5,8,24,2.07,1.75,6,09:24,13:44,0.55,0.0077,11,74,20,16,20,True,False,False,2.0,69,True,True
-0.21830247947667555,33.33333333333333,-1267.8133650371092,23.971463023761615,3,8,20,21,3.56,1.2,6,10:21,14:53,0.58,0.0067,28,69,26,14,30,True,False,False,1.9,93,True,False
-0.3830401072857065,35.714285714285715,-4105.937177237218,36.06080472522793,14,8,20,20,4.44,0.68,10,10:37,14:44,0.48,0.0072,24,78,30,15,30,True,False,False,2.3,72,False,False
0.06274454978514656,40.38461538461539,14782.60789009402,60.42040539405904,156,9,14,30,3.11,1.02,1,09:34,14:15,0.62,0.0132,27,72,20,14,23,False,False,True,1.6,106,False,False
0.1468455719020445,58.57142857142858,17719.192875650537,35.60645229414382,70,5,8,16,3.73,1.37,1,09:16,14:55,0.64,0.0058,14,76,33,14,21,True,True,False,2.6,15,True,True
0.23632766520109214,55.55555555555556,15464.635731223978,19.67432820160639,36,5,8,18,3.64,1.18,9,09:52,13:29,0.48,0.0113,29,71,27,15,20,True,True,True,1.8,93,True,True
0.09858742830310738,51.61290322580645,10454.315141335115,30.917731701517564,62,9,15,20,3.01,1.31,3,09:54,14:53,0.53,0.0063,11,72,27,15,21,False,False,False,1.1,34,False,True
-0.12734486224899305,54.54545454545454,-5697.82610909687,62.52943263448248,33,9,21,14,4.92,1.79,5,09:34,14:22,0.5,0.0115,24,66,23,18,28,False,True,False,2.6,41,False,False
0.39517170852757655,59.25925925925925,19063.40180508804,14.529616818000202,27,5,8,20,2.4,1.03,10,10:48,13:40,0.62,0.0136,21,75,27,16,28,False,False,True,2.0,102,True,True
0.36180908843794474,42.857142857142854,7490.112231092327,12.21523677050956,7,10,20,24,4.75,0.75,7,10:00,15:06,0.56,0.0072,14,66,22,19,27,False,False,False,1.9,113,True,False
-3.1526396778847556,0.0,-6143.192512279624,31.3177068869667,7,10,20,16,4.66,0.67,3,10:23,14:43,0.62,0.013,10,70,23,11,30,False,True,False,1.3,51,True,True
0.0692680834242994,34.55882352941176,16271.526005600375,59.22795241756502,136,10,20,27,4.42,0.58,10,10:34,14:52,0.55,0.0068,17,70,25,19,19,True,False,True,2.2,43,False,False
0,100.0,456.3299999998344,2.1577145830628317,2,5,8,21,4.59,1.35,9,09:27,15:11,0.53,0.0051,24,75,25,17,25,True,True,True,1.4,39,True,False
0.31917037425607,61.111111111111114,7856.148649664974,22.997913500635132,18,8,14,23,1.94,1.64,4,10:58,14:19,0.45,0.0078,30,70,30,11,27,False,True,False,1.3,101,False,True
0.5548878425325607,75.0,18160.16323869628,12.814950916606389,20,8,14,24,2.92,1.89,5,09:20,13:07,0.42,0.0098,12,74,32,18,21,False,True,False,1.8,81,True,False
0.3439195339759501,42.857142857142854,2096.0717440822737,8.683263967577162,7,9,15,25,4.4,0.52,7,10:23,13:39,0.49,0.005,15,65,29,18,26,True,True,True,2.1,55,False,False
0.23327844161952496,60.65573770491803,44207.98306694961,27.088251939432027,122,5,8,26,4.18,1.86,3,10:41,13:49,0.43,0.0128,30,67,29,17,18,False,False,False,2.2,60,True,True
0.03585362466419302,45.83333333333333,2408.759059454933,38.47110591399839,24,9,15,22,3.98,1.94,3,10:43,13:56,0.51,0.0068,14,67,28,16,22,False,True,False,2.9,106,True,False
0.21245588002258525,42.857142857142854,12744.492017254423,29.505282726591016,35,8,20,26,2.74,1.1,10,10:56,14:07,0.5,0.0136,26,78,33,12,18,True,True,True,2.4,120,True,True
0.2746196932532271,57.49999999999999,25107.179171336233,27.409982503286844,40,9,14,22,3.89,1.75,9,09:26,13:49,0.52,0.0149,22,68,30,17,18,True,True,True,1.9,99,True,False
0.1455886321661247,39.455782312925166,39765.29538675691,25.525006158290502,147,8,14,29,2.34,0.82,6,09:48,13:51,0.65,0.0143,23,75,23,12,20,True,False,True,2.9,65,True,False
-0.07781353284148966,41.17647058823529,-1874.7188474635914,25.794150002832406,17,9,21,17,1.8,1.2,3,10:39,15:14,0.52,0.0092,13,73,26,20,21,False,False,False,1.2,44,True,True
-0.011889994304829433,48.717948717948715,-3625.176869457997,56.80704161085064,117,9,15,24,1.95,1.76,2,10:13,14:17,0.48,0.0131,16,71,23,14,22,True,True,True,2.2,59,True,False
0,0,0,0.0,0,8,20,20,2.95,1.39,5,09:40,14:48,0.68,0.0051,19,78,22,20,20,False,True,True,2.7,26,True,False
0.02949331104593458,54.761904761904766,4964.574730173441,53.43115861565515,42,10,20,12,2.36,1.62,8,10:43,13:19,0.66,0.0092,21,68,33,15,23,False,False,True,2.6,78,False,False
0.004640462595042908,40.0,1261.7306760025967,34.39410056041433,25,8,20,10,4.98,1.4,3,09:50,14:22,0.63,0.0125,17,65,26,16,20,False,True,True,2.2,93,True,True
0.2010031615860861,44.44444444444444,4365.01841668224,8.646435168412815,18,9,21,28,4.27,0.65,9,10:49,13:51,0.46,0.006,16,75,28,20,18,False,True,False,1.9,19,True,True
-0.4521469186738727,16.666666666666664,-3220.7825191442353,23.46296741320021,6,8,20,29,2.32,1.11,4,10:07,13:35,0.47,0.0116,29,79,23,12,30,False,True,False,2.2,114,True,True
-0.023329043731627388,47.32824427480916,-2247.160153805922,102.38465604526314,131,10,20,19,1.99,1.95,3,09:26,14:30,0.44,0.0147,30,72,26,12,19,False,True,True,2.4,86,False,True
0.1643365756012259,42.55813953488372,186392.20669784368,35.381260245232326,430,5,8,28,4.28,0.99,4,10:14,13:13,0.68,0.0112,27,74,27,15,19,True,False,False,2.1,97,False,False
0.15829659102386506,50.0,8584.884761687714,41.20072558662164,28,8,14,15,4.2,1.83,10,09:40,14:31,0.54,0.0056,14,67,22,16,29,False,True,True,2.9,58,True,False
0.08521475477309094,26.53061224489796,8480.833418094138,31.387075511665437,49,10,20,29,4.1,0.67,6,10:11,14:36,0.51,0.0105,11,71,24,10,24,True,False,True,2.6,101,False,True
0.1927714309172962,52.20125786163522,37843.90003196317,33.21344284602799,159,5,8,17,1.53,0.97,6,10:08,13:15,0.54,0.0113,22,76,31,11,23,False,False,True,1.2,48,True,False
-0.1960301535143897,30.0,-11153.773769547895,57.417699575889436,40,10,20,12,1.58,1.09,5,09:38,15:06,0.54,0.015,29,68,30,18,23,False,False,False,2.5,89,False,True
0.185644715536898,46.666666666666664,5782.439285923854,26.465783524223895,15,9,15,30,4.87,1.84,5,10:56,13:21,0.48,0.0093,22,78,30,17,26,False,False,False,2.5,119,True,False
0.06422682819425429,35.44303797468354,4292.438350247514,27.641971018902023,79,9,15,14,4.26,0.62,9,10:51,13:50,0.42,0.0135,21,76,25,20,19,True,True,True,1.3,39,True,False
-0.09516432719209306,42.35294117647059,-16238.068814634613,138.8935178557626,85,9,21,15,3.67,1.95,8,09:57,13:25,0.56,0.0097,24,80,21,13,23,True,True,False,1.4,117,False,False
0.15675111612627546,44.22735346358792,202487.52013687984,56.39198117671407,563,5,8,30,3.79,1.0,3,09:49,14:35,0.64,0.0076,27,67,21,13,22,False,True,False,2.6,80,False,False
-0.870865335254832,7.6923076923076925,-6322.43620168891,36.53108042839671,13,8,14,12,1.71,0.55,2,10:18,14:45,0.56,0.0084,21,71,26,12,30,True,False,True,1.4,105,False,True
0.23085272029210333,52.17391304347826,11529.090559790398,33.10196963794635,23,9,14,20,4.07,0.89,8,10:52,13:42,0.65,0.0102,19,71,23,13,18,True,False,True,2.9,78,True,False
0.08599743209551194,54.961832061068705,24079.97392879188,49.49555947905762,131,9,14,18,2.78,1.85,5,10:35,14:44,0.68,0.0086,26,70,26,15,23,False,False,False,1.6,52,False,False
0.18747564944657977,64.0,5853.24696890921,22.53734986971713,25,8,14,24,1.55,1.26,3,09:39,14:06,0.47,0.0082,24,79,21,19,30,False,True,False,1.8,112,True,True
-0.628658005276189,10.0,-6066.903821787992,34.15496616832455,10,9,21,11,4.97,1.49,1,10:04,14:24,0.42,0.0137,14,70,23,19,30,False,False,True,2.7,21,True,False
0.2005543502947465,50.72463768115942,17210.526054300128,20.926274556386158,69,9,15,15,3.7,1.02,2,10:28,14:37,0.45,0.0064,26,79,23,14,20,True,True,False,2.9,43,True,False
0.3338370132322222,58.620689655172406,12135.325179479212,15.441799389606686,29,9,15,22,3.44,1.4,8,10:38,13:30,0.4,0.0086,26,78,25,15,29,True,True,False,1.8,120,True,False
-0.04840947008279376,39.58333333333333,-5828.759110995854,58.30646282315063,48,8,20,19,2.8,1.51,1,09:54,15:10,0.68,0.0112,11,69,20,13,24,False,False,True,1.7,70,False,True
0.15055321450989018,52.5974025974026,30759.680067103203,38.74601374346631,154,8,14,19,2.65,1.31,5,10:27,13:50,0.42,0.0067,20,68,26,11,18,False,False,True,1.6,85,True,False
0.006331560087735786,25.0,-20.379407657561387,25.04712312089274,4,9,15,16,4.04,1.09,2,09:56,13:32,0.58,0.0053,10,71,32,14,25,False,False,True,2.8,99,True,False
-0.030404751810368003,46.15384615384615,-2914.7898351000767,52.21369417200541,26,5,8,13,4.24,1.72,7,10:00,14:38,0.68,0.0103,21,75,24,20,27,True,False,True,2.6,109,True,True
0.19259218956463217,31.25,5643.053122962883,27.001809428729256,16,9,15,27,2.28,0.56,9,10:04,14:06,0.7,0.0144,21,70,26,17,24,False,True,True,2.9,119,True,True
0.18540938628347092,40.0,3332.3990579510573,12.077116282088966,15,9,14,23,3.26,1.99,6,10:48,14:53,0.42,0.0121,14,77,35,15,30,True,False,True,1.2,48,False,True
0,0.0,-404.26915768341496,2.021345788417075,1,9,21,13,4.16,0.56,5,10:46,14:26,0.42,0.0055,23,78,24,15,27,True,False,False,1.3,24,True,True
-0.09213902065256142,20.0,-874.8984920328003,17.062125051795952,5,9,21,25,4.93,0.99,7,10:19,13:05,0.61,0.0093,11,78,32,17,27,True,True,False,2.4,28,True,False
0,0,0,0.0,0,9,21,11,1.76,1.0,4,09:18,14:12,0.53,0.0054,26,67,33,10,27,True,False,False,2.6,99,True,False
0.07475361990146567,57.14285714285714,5230.882589800374,60.7681329443749,35,9,21,28,2.01,1.75,10,09:17,14:16,0.56,0.0116,15,78,24,18,26,True,False,False,1.1,91,True,False
0.15701779011902314,42.25352112676056,55358.549479983674,33.02528459723368,213,9,15,21,2.08,1.63,5,09:38,13:28,0.59,0.0092,14,71,21,10,21,False,False,True,1.0,85,True,False
0.2073403513772501,54.09836065573771,47267.0214192274,26.11325697414502,122,8,14,27,4.28,1.31,5,10:22,15:04,0.52,0.011,10,65,27,17,25,True,False,True,1.7,80,False,False
0.08162158832358561,53.48837209302325,8317.481877065395,33.38636268263775,43,9,21,11,3.17,1.87,9,10:46,15:07,0.69,0.0087,10,76,20,17,22,False,False,True,2.1,43,False,True
-0.0012122523232499243,42.36111111111111,2325.886508143474,69.84036905915558,144,9,21,20,3.11,0.94,4,10:33,15:00,0.56,0.007,20,70,23,20,20,True,True,False,1.6,43,False,False
0.3700297125219689,59.210526315789465,46983.12592896802,16.75735588593199,76,5,8,17,2.39,1.67,7,09:30,14:13,0.57,0.0087,12,80,23,14,19,False,True,True,1.3,37,True,False
-0.29197918592726213,20.0,-10219.407185757329,62.34636067949288,25,9,21,30,3.75,0.83,1,09:54,13:00,0.58,0.0074,25,65,24,18,24,True,True,True,1.8,66,False,True
0.1873378184469655,56.25,6850.389505891286,32.38572119901844,16,9,14,23,3.75,1.05,5,10:48,13:49,0.67,0.0145,28,79,28,11,26,True,False,True,1.3,55,False,True
0,0,0,0.0,0,8,20,12,2.01,1.78,7,10:15,15:09,0.46,0.007,17,80,31,16,28,True,True,False,1.9,32,True,True
0.08359052403789326,45.40229885057471,16624.62584403422,35.48492935046347,174,5,8,27,1.54,0.63,1,10:12,13:45,0.6,0.0097,16,79,24,19,19,False,True,False,2.1,30,False,True
-0.10835504816683621,43.54838709677419,-4756.435863051189,69.74957426416442,62,10,20,21,2.93,0.84,8,10:20,13:20,0.46,0.0088,20,77,30,20,22,False,False,False,1.8,31,False,False
0.898374659378405,75.0,15554.854688715146,9.537626097476704,8,8,14,25,2.62,0.87,7,10:44,15:07,0.64,0.0074,18,79,24,15,21,True,False,False,2.7,100,True,True
-0.22900735045753928,30.434782608695656,-5352.414267256627,30.227219160134872,23,9,15,27,2.84,0.67,3,10:28,13:01,0.51,0.0136,23,66,30,10,25,False,False,False,2.9,73,False,True
0.10448300296674377,37.333333333333336,26205.036949708156,44.03575203634613,150,9,21,14,3.34,0.91,6,10:37,14:54,0.51,0.0061,29,77,32,11,18,False,False,True,2.0,101,True,False
0.09663830476896593,47.85276073619632,20103.450904258454,79.25138334910929,163,8,14,11,2.13,0.87,7,09:25,14:54,0.45,0.0066,21,65,27,10,25,True,False,True,1.7,38,False,False
0.10954656090190054,37.5,3053.3214246986754,22.691697086222167,16,8,14,28,2.4,0.84,2,10:46,13:09,0.54,0.0078,14,70,35,18,28,False,False,True,2.8,113,True,True
-0.12014778349410746,45.0,-17120.039626574686,139.59024568855972,120,9,21,11,1.97,1.24,6,09:27,14:29,0.48,0.0096,13,67,35,18,21,True,False,False,1.7,54,False,False
0.19240547925385684,40.74074074074074,71327.92259125265,20.55852752579323,243,9,14,13,3.66,1.09,2,10:59,14:17,0.54,0.0102,24,75,35,10,18,False,True,True,1.0,106,True,False
-0.06456069239353181,43.50282485875706,-12149.477327665854,76.0664584368068,177,9,15,15,1.77,1.21,10,09:53,13:31,0.52,0.0148,14,67,23,18,20,False,True,False,1.2,20,False,False
0.2812205045463706,53.31695331695332,312961.19259821676,56.7871734156133,407,5,8,10,4.89,1.31,2,10:58,15:08,0.69,0.0072,20,77,25,16,19,False,False,False,2.4,104,True,False
0.15197918436115257,34.78260869565217,4962.2137117583225,22.52301969092407,23,9,14,28,1.89,0.58,2,10:11,13:49,0.56,0.0082,27,70,23,17,26,True,False,False,1.6,91,True,True
2.41740832729422,100.0,6747.657354678158,21.805233044321337,3,8,20,24,3.49,1.73,10,09:43,13:22,0.63,0.0067,10,70,30,17,30,False,False,False,2.0,118,True,False
0.04932335598431327,48.12967581047381,30342.613690487007,40.00415996011894,401,5,8,16,2.61,1.38,9,09:30,15:02,0.6,0.0106,16,76,31,17,18,False,True,False,1.2,32,False,True
0.14951865177436352,45.80152671755725,64388.99551032111,40.13326139787814,262,9,21,17,4.65,0.8,5,09:45,13:41,0.58,0.0145,23,72,20,10,20,False,False,False,1.3,19,False,False
0.2549420454553524,50.0,21335.600799555774,21.998480061786957,48,5,8,10,4.59,1.31,6,10:53,15:01,0.66,0.0148,17,74,28,18,23,False,True,False,2.4,28,True,True
0.11406606653925531,61.111111111111114,20010.37848149726,52.18887452417841,90,5,8,14,1.57,1.54,2,09:17,13:54,0.66,0.0118,26,76,31,18,21,True,True,False,1.5,75,True,True
0.04662581150231622,39.682539682539684,3181.6378227822534,22.917132213386772,63,9,15,30,4.89,0.64,9,10:00,13:50,0.55,0.0116,12,72,21,20,22,False,True,True,2.3,18,False,True
-0.28482389562310034,33.33333333333333,-2424.9764862878073,21.34585250350738,6,9,21,23,3.71,1.19,4,10:23,14:14,0.56,0.0116,27,67,31,13,30,True,True,True,1.2,115,False,True
-0.08696982235752186,47.2027972027972,-25807.185211323478,161.99120986273968,286,9,21,30,1.72,1.53,10,10:07,14:47,0.41,0.0113,27,73,20,12,19,False,False,False,1.1,46,False,False
0.47704468696040514,50.0,11472.376741447515,16.623664830575876,14,9,14,20,4.19,1.34,5,10:24,14:15,0.59,0.0085,15,77,27,12,26,True,False,True,2.6,27,True,False
0.21613293371912642,42.10526315789473,8760.661510153783,33.325628713120636,19,9,15,23,4.53,0.87,3,09:30,14:41,0.63,0.0107,25,73,25,14,24,True,True,False,2.5,91,True,True
0.3133989031617047,57.89473684210527,13406.048951265519,20.609160656000313,19,9,14,18,2.64,1.88,3,10:59,15:15,0.64,0.0054,10,70,31,10,29,False,True,False,2.8,98,False,False
0.4890524921201548,50.0,1634.732231154674,10.112200999198699,2,9,15,22,2.9,1.01,9,09:59,14:50,0.52,0.0054,20,72,25,11,30,True,False,True,1.0,67,True,True
0.0609357929400184,48.68421052631579,5125.811335674069,22.083349109782027,76,5,8,21,1.73,1.11,5,09:26,15:05,0.42,0.0055,19,65,34,13,23,True,True,False,1.5,94,False,True
0.31897973906788585,48.484848484848484,23043.160505053493,24.470702164006518,33,8,14,26,3.72,0.74,9,09:16,15:06,0.61,0.0103,23,75,28,12,20,True,True,False,2.2,110,True,False
0.10127007182411409,43.90243902439025,3289.0921494512804,16.424859092807345,41,9,15,21,1.5,0.86,2,10:59,14:18,0.41,0.013,11,77,25,18,30,False,True,False,2.8,102,False,False
0.1762732941376008,54.054054054054056,11316.207768936645,33.60154224646259,37,9,14,23,4.01,1.41,7,10:43,14:27,0.48,0.0067,11,79,24,11,29,False,True,False,1.3,61,True,False
-0.3172648088885415,42.857142857142854,-6539.765927704673,57.763855691138765,14,8,20,20,4.38,1.51,8,09:42,13:17,0.4,0.0059,27,74,33,14,28,True,False,False,2.1,107,True,False
0.07044376015282838,46.15384615384615,7378.808000220419,54.04297232319439,52,9,15,30,4.22,1.47,6,09:15,14:05,0.62,0.0145,23,72,33,19,23,True,False,False,1.0,76,True,False
0.3159974574210233,57.14285714285714,4220.475707066435,17.405990138441215,7,9,15,13,3.05,1.54,3,10:04,13:06,0.58,0.0081,24,79,34,19,29,True,False,True,2.6,62,True,True
-0.3378382862919834,16.666666666666664,-1308.7951129218054,13.86855092797019,6,9,21,26,4.67,0.57,2,10:11,13:17,0.42,0.0125,20,74,21,18,30,False,True,True,1.7,19,False,True
0.04074092021224544,54.285714285714285,9782.178655220887,119.52950725784342,70,8,14,10,4.1,1.88,2,09:46,13:25,0.63,0.0145,28,70,30,11,22,True,False,False,1.1,78,True,True
0.1268804837185878,43.47826086956522,24101.484686415388,53.760756651121575,92,9,14,21,4.5,1.12,7,09:26,13:35,0.57,0.0105,18,76,22,19,26,False,False,False,1.9,113,False,False
0.37923935553866905,62.5,2926.3997378709246,12.579361680479648,8,8,14,28,2.31,1.88,7,10:33,14:58,0.41,0.0077,26,74,34,19,30,True,False,False,1.6,84,True,True
0.11245832185051924,38.55421686746988,26298.960530615936,50.928133785407724,166,8,20,22,2.16,0.72,8,09:54,14:34,0.55,0.0108,27,74,24,17,19,True,True,True,2.6,87,True,False
-0.008720139402152353,42.30769230769231,-1413.1321910443367,42.1066012984066,26,10,20,21,4.18,1.78,3,09:30,13:23,0.51,0.0147,28,79,26,17,24,False,False,False,2.1,107,False,True
0.1831133430825213,42.69662921348314,27101.487079086488,35.37229088342832,89,8,14,25,2.51,0.81,3,09:48,14:56,0.6,0.015,16,75,32,16,20,True,True,False,2.6,65,True,False
0.05782186143467822,42.857142857142854,3752.425596665049,29.96437444760734,35,8,20,12,2.35,1.03,4,10:52,13:27,0.51,0.0115,19,78,33,18,25,True,False,True,1.4,69,False,False
0.21161122976741112,37.34335839598997,103550.69913591028,25.05413001937022,399,5,8,22,3.95,0.6,2,09:33,14:45,0.41,0.0148,27,73,30,19,22,False,False,False,2.6,66,True,False
0.03486135760662593,50.61349693251533,24100.963865204954,117.03651147279722,326,8,14,19,1.96,1.91,10,09:15,14:25,0.65,0.0129,10,70,21,13,19,True,False,True,2.1,28,True,False
0.39513903001718037,40.0,3046.156043314022,10.413434236310799,5,10,20,14,1.9,1.59,1,10:29,14:59,0.61,0.0142,10,69,20,17,21,False,True,True,1.4,68,True,True
0.05902115695366262,46.31578947368421,12114.199400893864,49.149889072306394,95,8,20,23,2.86,1.67,4,09:50,14:53,0.57,0.0098,21,75,26,19,19,False,False,True,2.2,75,False,True
0.16727998349999318,57.14285714285714,1229.8282945772444,29.976871881982948,7,10,20,15,3.82,1.71,9,09:52,13:22,0.5,0.0111,29,71,32,13,26,False,True,False,2.7,89,True,True
0.2749385081707579,71.42857142857143,10215.288833879433,21.00162519983473,14,9,15,14,4.04,1.85,10,10:38,13:02,0.66,0.0109,29,73,21,10,27,False,False,True,2.3,81,True,False
0.20765645586019532,54.6875,31488.920412461048,31.567742289812983,64,9,14,10,2.3,1.39,10,09:27,14:43,0.61,0.0128,25,74,28,10,21,False,True,False,2.4,93,True,True
-0.10003611869877632,36.666666666666664,-1996.742935686263,38.0327771200528,30,9,21,23,4.35,1.4,6,10:11,15:09,0.46,0.0089,23,77,35,11,30,True,False,True,1.2,23,False,False
0.14539531444662224,39.130434782608695,6022.602812322395,29.15161944814854,23,8,20,26,4.94,0.73,9,10:41,15:00,0.47,0.0109,27,79,27,16,24,False,False,False,2.1,104,True,False
0,0,0,0.0,0,8,14,24,3.86,1.79,4,10:17,14:12,0.54,0.0066,12,67,24,12,28,False,False,False,3.0,92,True,True
0.14151548369242087,42.857142857142854,7093.357028199738,20.61660746478166,28,8,20,24,2.76,0.82,8,10:31,14:55,0.62,0.0096,14,74,27,10,22,False,True,True,2.3,71,True,True
-0.05606804903429442,42.857142857142854,-1716.3934532604835,69.04568308717678,35,10,20,16,2.78,1.93,5,10:40,14:36,0.62,0.0073,29,72,27,18,20,True,True,False,2.3,51,True,True
0.06506021905359234,50.0,8324.523796776655,40.92534392663487,60,9,14,26,2.2,1.46,8,09:59,14:30,0.61,0.0135,12,79,26,17,23,True,True,False,2.7,51,False,True
0.05140129546331853,47.05882352941176,3341.907688490319,50.3185297463603,34,9,14,15,3.57,1.5,4,09:25,13:55,0.42,0.0098,16,69,34,13,27,True,True,False,2.8,98,False,True
-0.7111330449811012,30.0,-3352.8343945099878,28.050073731580348,10,10,20,15,3.77,1.49,5,10:24,13:46,0.49,0.011,10,77,34,20,30,True,True,False,2.9,34,False,False
0.2804068484207909,64.28571428571429,6860.024345951799,24.03677645673885,14,8,14,23,1.69,1.26,6,10:07,13:19,0.58,0.0057,15,80,26,19,25,True,False,True,2.1,68,True,False
0.2668758311855094,50.0,7616.444228470456,17.968705896876422,18,9,14,16,3.35,1.23,5,10:30,13:08,0.49,0.0099,11,68,20,18,26,True,False,True,1.4,98,True,True
0.010799741295769077,32.432432432432435,1434.2270064877266,39.487666232891385,37,9,21,15,3.88,0.59,3,10:53,13:45,0.59,0.0064,30,68,32,13,23,True,False,True,2.2,37,False,False
-0.04821360502212777,39.6551724137931,-2423.109818676341,48.75203194522608,58,9,14,28,2.76,1.84,3,10:31,13:51,0.57,0.0121,18,80,26,18,29,True,True,False,1.5,26,False,False
0.2581140311585032,48.0,8588.392605719153,16.387927088598527,25,5,8,13,3.48,0.92,9,10:21,13:30,0.43,0.006,27,77,24,19,26,True,True,True,1.6,33,True,False
0.07096048483955834,41.509433962264154,15513.625605707057,62.76840999581628,159,9,14,22,2.86,1.09,9,10:15,13:41,0.42,0.0124,23,79,24,13,18,True,True,False,2.1,89,True,False
-0.14587456759049183,44.827586206896555,-16141.019281268378,113.75953649932318,87,9,21,22,1.79,1.64,7,09:45,14:21,0.43,0.0115,16,68,28,11,25,True,False,False,2.3,72,False,False
0.2547195769869776,55.55555555555556,2118.5175848888284,9.798799015089864,9,10,20,19,2.88,1.9,9,09:28,14:54,0.44,0.0129,10,72,22,18,23,True,True,True,1.0,113,True,False
0.01926365999421375,42.30769230769231,3456.9297516317492,58.530708396984224,52,8,14,25,4.66,1.78,10,10:53,13:37,0.6,0.015,20,72,20,12,20,True,False,True,1.3,28,True,True
0.10334349861655583,44.73684210526316,4711.013680802833,24.981709822262275,38,8,14,27,3.54,0.89,3,09:23,13:43,0.5,0.0124,16,75,20,19,28,True,True,True,3.0,38,False,True
-0.1037213616417633,33.33333333333333,-3407.976466024098,46.858525563967206,42,9,14,14,3.12,0.7,2,09:37,14:48,0.43,0.0079,12,78,27,18,27,True,True,True,1.3,39,False,True
-613.0982935869698,0.0,-2748.7447326087276,18.593720317241726,2,8,20,24,1.81,1.91,1,10:55,14:25,0.56,0.0128,18,76,25,11,29,False,True,True,1.9,118,True,False
-5.2522282408776135,0.0,-449.41750000006505,10.287915249100843,2,5,8,29,2.25,1.27,5,10:57,13:34,0.61,0.005,29,68,35,14,18,False,True,False,1.8,67,True,True
0.1108227676379184,39.75903614457831,15037.951161345758,34.2520902585087,83,9,21,29,3.78,0.97,6,10:22,15:11,0.41,0.0072,30,80,23,10,23,False,True,False,1.6,115,False,True
0.050704851297636466,50.0,-67.96883208190411,9.339445430827187,2,9,21,23,2.53,1.31,8,10:58,14:33,0.58,0.0134,25,65,30,15,30,False,True,False,1.6,98,True,True
0.05861773566864501,60.0,744.4181350004037,30.085419018693,20,5,8,25,4.69,1.64,7,10:03,13:27,0.49,0.0122,11,68,29,13,26,True,False,False,1.7,71,True,True
0.4195408582040757,80.0,3748.2801932949587,13.980964929632925,5,9,21,20,3.36,1.67,8,09:56,14:30,0.5,0.0084,23,67,24,19,21,True,False,False,2.2,94,True,True
-0.1688071089262542,41.66666666666667,-8931.144552622027,92.51057477595403,24,9,21,10,2.65,1.98,6,09:56,14:54,0.62,0.0123,28,80,25,20,19,False,True,False,2.9,116,True,False
0.2345522849181803,55.111111111111114,114350.86954284695,32.53206414106226,225,5,8,12,4.08,1.77,3,09:45,13:21,0.52,0.0109,27,80,31,12,26,True,False,True,2.3,98,True,False
0.1329763699834789,37.5,15967.14148593846,37.99856042395771,56,9,14,17,3.82,0.69,8,10:50,14:44,0.61,0.0056,16,80,35,12,23,False,False,True,1.7,75,False,False
0.07905529086546752,36.53846153846153,4324.169544270175,19.680397730263557,52,9,21,29,1.57,0.72,2,09:58,14:06,0.41,0.0058,21,77,31,10,21,True,True,False,2.5,91,True,False
-0.21124096035258455,26.666666666666668,-4382.125563425017,31.694012743672513,15,10,20,12,4.08,1.81,10,09:21,13:46,0.51,0.0103,15,74,23,12,30,False,True,True,1.3,86,True,True
0.09061562591069457,46.15384615384615,3963.5344662786447,37.50970317686182,26,8,14,26,3.87,1.17,6,10:59,14:30,0.68,0.0074,11,80,28,16,28,False,False,True,2.2,40,False,True
0.15216839754065006,55.55555555555556,16151.951365329398,34.68519637768394,54,8,14,20,2.16,1.54,9,09:56,14:43,0.57,0.0142,17,70,22,13,25,False,False,False,2.3,115,False,True
0.3326617576151652,66.66666666666666,2804.121220207009,19.477944906727338,6,9,15,20,1.57,1.27,2,10:26,13:42,0.62,0.0135,15,75,22,10,25,True,True,True,2.6,65,True,True
-0.22104725635404027,27.027027027027028,-6596.925844353373,49.76274141589984,37,8,20,21,2.23,0.68,3,09:16,13:36,0.41,0.0117,17,71,27,13,30,False,False,True,1.3,107,False,False
0.15257084935250959,33.33333333333333,6543.2891625665,30.274290537849353,18,10,20,18,3.93,0.83,6,09:23,14:20,0.67,0.0067,11,79,21,14,23,True,True,False,1.2,74,True,True
0.03559805976383428,46.15384615384615,1178.9711878357666,30.790821363951114,13,8,20,28,4.63,1.14,3,10:56,13:21,0.52,0.0064,22,78,30,13,27,True,False,False,2.4,64,False,False
0.08083503913194154,46.44970414201183,39516.61604429504,77.55245409248892,338,9,14,11,2.02,1.95,9,09:15,14:11,0.46,0.0094,16,76,31,14,20,False,False,True,1.5,100,False,False
0.048630796014181604,43.56435643564357,4612.039198167222,42.868889231079,101,9,14,17,2.35,0.76,4,10:21,13:43,0.42,0.0134,17,69,31,17,24,False,True,False,1.4,83,False,False
0.12334312815308625,45.0,13357.994584009626,22.526260658347773,100,8,14,21,3.16,0.67,8,10:21,14:02,0.52,0.0122,15,65,26,19,19,False,True,True,1.6,29,False,True
-0.1359371096507195,41.77215189873418,-29505.060872088645,159.02891975548462,79,9,21,24,4.43,1.92,9,09:47,14:46,0.63,0.0132,12,80,20,16,24,False,False,False,2.8,111,False,False
0.4498293193613013,64.28571428571429,20811.89086570715,17.821732147805985,14,5,8,20,3.95,1.48,8,09:48,14:41,0.65,0.0132,10,65,26,19,24,False,False,False,2.1,79,True,True
-0.38884115857847934,35.294117647058826,-34779.90709457602,164.39080603663461,68,9,21,22,1.9,1.67,7,09:34,14:19,0.58,0.0144,26,65,33,11,27,False,True,False,1.9,31,False,False
0.10340107982614002,43.0,39253.938057493,34.100554615258694,300,9,14,23,2.27,0.84,3,09:39,14:44,0.46,0.0132,22,66,25,18,18,True,False,False,1.9,88,False,False
0.551295047247273,75.0,4002.088713015113,21.112627781965596,4,9,21,27,2.89,1.64,6,10:12,13:25,0.64,0.0094,15,73,23,16,28,False,False,True,1.8,70,True,True
0.04278353034180755,43.93063583815029,15252.67802228743,80.6979910311101,173,9,14,26,1.63,0.97,6,10:39,13:27,0.66,0.0129,17,66,25,12,19,False,True,False,2.9,76,False,False
0.019849252667874354,29.166666666666668,529.9822278077518,28.555091928750304,24,10,20,24,2.32,0.65,10,09:36,14:13,0.62,0.007,29,77,30,15,24,True,False,True,1.3,94,False,True
0.15573409665789312,30.0,25561.58970785528,24.810838434776258,120,8,14,23,3.62,0.54,6,09:15,14:17,0.46,0.0135,30,75,21,13,23,False,False,False,2.3,71,False,True
0.057156889253210844,42.42424242424242,2873.7150640115724,43.845085541274415,33,9,14,13,3.41,1.15,7,09:22,14:16,0.48,0.0089,17,69,27,11,27,False,True,False,1.6,93,False,True
-0.2911933017938075,33.33333333333333,-1846.208632137368,18.230968463591534,3,8,20,28,2.07,1.6,9,10:15,14:56,0.63,0.0058,17,67,31,13,30,False,True,True,2.6,48,False,True
-0.35878073927288445,27.27272727272727,-5596.9468202510925,32.087223795724206,11,10,20,14,2.26,2.0,3,09:39,13:11,0.54,0.0081,23,76,27,14,26,True,True,True,1.3,111,True,False
0.5461775296958203,64.28571428571429,17696.55684742044,19.123438125637094,14,9,15,19,3.93,1.14,8,09:19,15:04,0.63,0.0062,16,70,33,11,20,True,True,True,1.6,33,True,True
0.3402870633576255,53.57142857142857,10409.848405097822,13.730214730393358,28,5,8,19,1.57,0.77,1,10:28,14:24,0.51,0.0147,30,73,35,10,27,True,False,True,1.2,83,True,True
0.08373960673623852,34.810126582278485,21625.73987569654,34.49557195215634,158,8,20,29,2.48,0.68,6,09:36,13:47,0.66,0.0109,21,72,22,15,19,True,True,True,2.7,65,True,False
0.00596538733507893,28.030303030303028,1421.6394552280617,48.608347447742744,132,9,21,26,1.96,0.59,8,09:38,13:11,0.43,0.0088,24,77,27,18,20,False,True,False,1.8,69,False,False
-0.4292974765456247,27.27272727272727,-6746.454821955176,47.23011840861634,11,10,20,21,3.89,0.95,10,10:03,13:39,0.67,0.0104,25,71,35,19,27,True,True,False,2.1,98,True,True
0.1813119641970319,44.44444444444444,11354.49488295718,31.368098980471732,27,8,20,30,3.81,1.34,1,09:57,13:48,0.62,0.0062,23,76,31,19,22,False,True,True,2.9,98,False,True
0.043755970697334265,45.744680851063826,6129.858872860477,37.812834551894085,94,8,20,26,3.98,1.11,5,10:03,14:10,0.4,0.0137,16,80,28,18,22,True,False,True,2.9,60,False,False
0,0,0,0.0,0,9,21,29,2.95,1.92,7,10:35,13:05,0.59,0.006,16,80,31,20,19,False,True,False,1.9,107,True,False
-2.830493384709917,0.0,-3261.1433851914917,16.30571692595746,3,8,14,25,1.99,0.68,5,09:52,14:34,0.63,0.0086,28,67,23,13,30,True,False,False,2.4,47,True,True
0.2849966760541314,42.857142857142854,4442.760211416786,11.904896623998336,14,9,14,30,1.67,0.82,3,10:22,14:57,0.53,0.0051,17,71,25,18,25,True,False,True,2.5,87,False,False
-0.045871297840449105,48.717948717948715,-2753.803383668739,47.457449553573525,39,9,21,11,3.07,1.42,2,10:12,14:53,0.57,0.0089,28,70,28,15,26,False,False,False,1.5,51,False,False
0.014773954824963912,46.15384615384615,595.6131875527535,53.081404695171095,39,9,15,27,3.3,1.56,1,09:20,14:55,0.54,0.0135,24,74,22,16,27,True,False,False,2.3,52,False,True
0.03572114876917103,33.33333333333333,1847.341728220228,20.663717276899305,42,9,15,17,2.87,0.58,3,10:17,13:43,0.43,0.0116,16,68,22,16,23,False,False,False,2.5,34,False,True
0.20592613911336002,50.0,8295.577404548007,25.133988843726986,32,8,14,28,1.57,0.79,6,09:16,14:22,0.47,0.0058,17,76,23,18,18,True,False,False,1.4,72,True,False
-0.0029261748923565334,48.75,-3885.1842848623037,90.25464934669877,160,8,14,15,3.1,1.6,2,09:21,14:00,0.53,0.0134,10,75,33,16,24,False,False,False,2.8,36,False,False
0.11929773357414063,44.44444444444444,16829.859433881196,24.928820930824337,72,9,15,22,4.54,1.31,10,10:50,15:15,0.49,0.0119,11,77,26,12,27,True,True,True,1.7,110,False,False
0.08242223598226925,33.33333333333333,5003.598103865563,41.379217273348765,24,9,21,26,3.21,1.0,10,10:20,14:47,0.55,0.0064,27,79,22,11,18,False,True,False,2.9,107,True,True
0.12478451008218228,50.43478260869565,78486.98501678894,44.42206899435676,460,9,15,10,1.77,1.26,10,09:15,14:31,0.45,0.0148,22,68,35,11,18,False,True,False,1.7,59,True,False
0.22330758538723952,50.0,18993.10933682855,62.92758840097864,24,10,20,27,3.48,1.57,4,09:23,13:03,0.67,0.0056,16,75,30,10,24,True,False,True,2.5,117,False,True
0.29682008297905144,56.666666666666664,20007.538057910635,20.206982642032678,30,9,15,28,4.4,1.43,9,09:43,15:13,0.62,0.0073,17,67,33,12,29,False,True,False,2.0,31,True,False
-0.06907069191658788,43.47826086956522,-1992.1496031297902,22.256410748663946,23,8,20,24,1.93,1.36,7,09:25,13:38,0.47,0.0121,20,74,27,19,27,False,False,False,1.6,29,False,True
0.22726955068907684,53.191489361702125,14455.192471351002,23.7758975877028,47,9,14,14,4.42,1.14,1,09:54,14:57,0.6,0.0063,12,69,20,18,19,False,False,True,1.9,26,True,True
-0.00937617540753747,53.333333333333336,-522.6553083177532,40.9261193874988,45,8,20,21,3.67,1.37,1,10:10,14:35,0.66,0.0143,18,65,22,15,22,False,False,True,2.5,39,True,False
0.2081897134128608,37.24137931034483,52917.43094725802,31.257500221557027,145,8,14,13,3.77,0.65,5,09:59,14:37,0.52,0.0127,18,77,29,11,21,False,False,True,1.9,76,False,True
0.156689268981364,40.0,2970.2472043533235,23.684636508483795,5,10,20,22,2.1,1.28,8,09:16,15:11,0.64,0.0141,21,80,20,15,29,False,False,False,1.8,98,True,False
0.2596255579370848,58.82352941176471,10709.145418366119,22.953421104746337,17,5,8,13,3.83,1.99,5,09:34,13:39,0.54,0.0079,12,80,22,18,29,True,True,True,1.9,100,True,False
0.3139381764940007,54.761904761904766,30370.685190537442,12.78420505386613,42,5,8,28,4.23,1.25,10,09:59,15:14,0.69,0.0051,17,69,25,12,18,True,True,True,1.3,66,False,True
-0.026828645428923853,33.33333333333333,-1156.7003827466579,31.401119099756336,27,9,21,27,4.83,1.19,5,10:27,14:28,0.52,0.015,29,66,26,14,18,True,True,True,2.8,57,True,True
0.0058788997649498135,38.63636363636363,-461.22322899512073,42.66363177798109,44,9,14,16,3.81,1.65,6,10:07,14:06,0.41,0.0101,18,80,20,17,23,False,False,True,2.9,27,True,False
0.01231284080315231,50.0,5947.002723285481,79.38117376447175,118,9,21,14,2.72,1.89,8,10:43,13:08,0.52,0.0091,18,68,29,14,18,True,True,False,2.1,102,False,False
-0.11409890316526546,38.70967741935484,-6064.906103937921,66.37997580232386,31,9,14,14,2.98,0.89,1,09:57,13:26,0.67,0.0061,30,78,28,11,29,False,True,True,2.6,42,False,False
-0.167853045386895,28.57142857142857,-6736.18632380284,48.51258195564134,21,9,15,17,1.79,0.89,6,09:35,14:49,0.69,0.0073,28,76,25,12,29,True,False,False,2.4,113,False,True
0.17860173903929652,38.333333333333336,11554.115285172611,18.016816820845225,60,8,14,27,2.11,0.54,10,10:31,15:08,0.47,0.0083,24,70,27,18,20,True,False,False,2.7,90,True,True
0.3198526514677274,53.77358490566038,51734.555708062835,14.720182027117032,106,5,8,12,4.17,0.97,3,10:40,14:32,0.45,0.0081,10,78,30,13,23,True,False,False,2.9,72,True,True
-0.05782936791238038,43.103448275862064,-19292.578501030228,165.73449079773425,174,9,21,15,2.31,1.85,9,09:58,14:26,0.6,0.0074,24,70,25,11,22,False,False,False,3.0,102,False,False
0.19901609367246276,69.56521739130434,10699.411259620636,24.809332704305838,23,9,21,25,2.37,1.71,6,10:53,13:43,0.67,0.0069,11,77,22,17,26,True,True,False,2.8,68,False,False
-0.1326865514398868,30.952380952380953,-5872.232527372631,49.21351007156714,42,10,20,16,4.25,1.02,6,09:41,14:18,0.42,0.009,16,74,26,16,26,True,True,True,1.1,57,False,False
-0.0765524551175238,30.76923076923077,-1400.2656266608901,38.72367016039583,26,9,15,10,4.32,0.74,5,09:39,15:11,0.48,0.0095,13,66,22,14,29,True,True,True,1.3,68,False,True
-0.09250713862931413,44.91525423728814,-14245.260127843787,190.40045133411297,118,10,20,12,4.91,1.43,4,09:30,14:07,0.49,0.0111,11,70,21,15,21,True,False,False,2.5,85,False,False
-0.326486768482952,40.0,-1514.5770753079778,10.125316010940102,5,8,14,16,1.6,1.6,5,09:31,14:40,0.68,0.005,24,73,26,16,22,False,True,False,2.3,20,False,True
0.16633766621572635,53.191489361702125,14004.966659974263,23.095341513287636,47,8,14,17,4.87,1.89,7,09:28,14:31,0.56,0.0111,24,65,28,15,24,False,True,True,2.4,28,True,True
0.07796766566267667,39.89071038251366,22654.288709810535,37.881347153053106,183,10,20,13,3.64,0.72,9,10:43,15:09,0.5,0.0086,23,65,20,13,20,False,False,False,1.4,41,False,False
-0.04630840790226998,46.0,-9941.47079594429,139.46252748773105,200,9,21,29,2.61,1.8,10,10:01,14:37,0.41,0.0097,18,69,35,11,21,True,True,False,1.8,119,False,False
0.5155198396632751,57.14285714285714,8959.602652908685,18.76335977968672,7,8,14,19,2.86,1.32,2,09:21,14:24,0.64,0.0069,12,65,32,10,26,False,True,True,2.6,45,True,True
-0.2321254587030405,44.18604651162791,-34257.28070674369,183.63599976333603,86,8,20,19,4.34,1.73,8,09:49,14:23,0.68,0.014,16,74,23,19,24,True,False,True,2.6,21,False,False
0.010747671014162878,28.57142857142857,861.588860346681,46.131860254391384,91,8,14,21,2.1,0.55,5,10:08,14:16,0.47,0.0076,15,65,24,14,27,False,False,False,2.8,112,False,False
-0.5851599987789383,25.0,-4911.45309781275,33.80519303221734,8,9,21,14,4.8,0.91,5,10:24,14:57,0.69,0.0103,25,66,32,14,29,True,True,False,1.3,39,False,True
-0.026673319190339637,40.131578947368425,-6325.1528543753775,56.85608464485837,152,9,21,22,3.35,0.91,6,09:43,13:32,0.55,0.0091,27,66,25,20,19,False,True,False,1.1,39,False,False
0.1895554192550005,40.0,17433.12680518625,33.097134645754196,50,8,20,25,3.16,0.73,2,10:14,13:46,0.52,0.0094,29,67,27,12,18,True,True,False,1.3,64,True,True
0,100.0,3796.100000000002,4.388999999999997,1,8,14,27,4.09,1.94,3,10:44,15:13,0.44,0.0122,30,67,34,15,30,False,True,True,1.4,104,True,True
-0.1419790124808748,50.0,-188.125,17.42901427958979,2,9,21,26,3.11,1.11,1,09:37,13:27,0.5,0.0079,14,75,31,10,23,False,True,True,2.7,83,True,False
0.04887574395758305,55.00000000000001,6293.454209363605,60.949729772169505,40,8,20,12,2.56,1.93,1,09:44,13:49,0.66,0.0147,17,68,26,11,23,False,True,False,1.9,21,True,True
0.10698259821415443,46.590909090909086,14913.938466368832,37.21553617414221,88,9,14,27,3.49,1.05,5,10:03,13:26,0.45,0.0083,17,79,33,15,25,False,False,False,2.2,95,False,False
0.13696538096666033,40.35087719298245,42904.46325053604,45.08618810001785,171,5,8,30,2.5,0.82,3,10:03,13:23,0.59,0.0148,24,75,34,20,21,False,True,False,2.9,116,False,True
0.1877803542949162,52.17391304347826,15234.602399255702,26.94829621077275,46,9,15,20,4.27,1.55,9,10:25,14:06,0.48,0.011,22,74,24,18,23,False,False,True,2.8,49,True,True
0.08117122854395657,42.42424242424242,5630.058228876453,38.64546767207548,33,9,14,29,4.07,1.17,3,09:56,13:23,0.45,0.0107,13,70,34,15,25,True,False,True,2.7,52,False,True
0.1592149811925664,53.92156862745098,41102.76039890178,45.65879011429414,102,9,14,17,2.83,1.83,10,10:56,14:09,0.65,0.0098,21,71,23,11,19,False,False,False,1.7,105,False,True
0.005784337134567842,47.82608695652174,69.79420957598995,28.780038064522273,23,8,14,23,3.44,1.78,3,10:04,14:33,0.49,0.0147,18,76,33,10,26,True,True,False,1.3,74,True,True
0.41700427904827503,62.5,4791.421039007473,12.450519624452646,8,9,21,30,3.54,1.69,5,10:53,14:38,0.68,0.0056,29,73,27,12,30,False,True,False,2.4,48,False,False
-0.13134359886546026,33.33333333333333,-1908.614127222394,25.156585002532488,15,9,15,21,1.55,0.75,5,10:28,13:44,0.61,0.009,21,79,23,13,28,True,True,True,2.5,50,False,True
0,0.0,-754.1100000000442,15.974223576327839,1,8,20,26,2.85,1.21,1,10:33,14:40,0.42,0.0057,23,68,28,17,22,False,True,False,3.0,29,True,False
-0.33121331473166116,33.33333333333333,-815.9750224565105,8.84630198166147,3,9,15,18,3.85,0.76,8,09:58,13:56,0.48,0.0144,17,71,23,19,27,True,False,True,1.7,60,True,True
-0.07549347569754626,36.58536585365854,-3210.8837424893463,35.74173124274352,41,10,20,22,2.79,0.99,6,10:21,13:31,0.41,0.0123,30,73,35,18,22,True,True,True,1.4,98,True,False
0.0733382074918072,56.81818181818182,8949.911794220046,43.979027948137755,44,10,20,30,2.13,1.5,8,10:21,15:03,0.7,0.0075,13,75,29,14,23,False,True,True,2.3,62,True,False
0.17772023210765278,39.130434782608695,246757.1516454002,21.354673432247182,736,5,8,15,4.09,0.84,7,10:59,14:40,0.59,0.0086,10,78,28,13,18,False,False,True,2.9,74,False,False
-0.05546543689848852,43.97590361445783,-15473.1350579791,105.3023852958289,166,9,15,17,2.78,1.65,10,10:21,14:32,0.58,0.0131,10,69,21,12,22,False,False,False,2.1,16,False,False
-0.13644557235108518,42.42424242424242,-8756.830766030096,67.58148795885978,66,9,15,29,1.8,1.31,10,10:23,13:26,0.46,0.0124,14,72,33,15,26,False,True,True,1.7,38,False,False
0.3394447421919237,63.1578947368421,11223.035511080281,28.548794844305114,19,9,14,13,3.06,1.62,3,10:16,13:41,0.53,0.013,26,70,27,15,27,False,False,True,2.3,104,False,True
-0.09774534364296672,45.588235294117645,-9502.109901111155,73.35830965853472,68,9,15,27,2.06,1.54,2,10:46,13:38,0.6,0.0132,20,75,27,14,19,False,True,True,1.6,55,False,True
0.12549247614403236,38.88888888888889,4628.141605870031,43.69775739279728,18,9,14,21,3.64,0.7,5,10:40,13:47,0.56,0.0084,18,68,35,14,25,False,True,False,1.9,117,True,True
0.21214683744388352,30.0,3784.9204735564635,13.40782008087663,10,9,21,10,2.05,0.63,7,09:21,14:54,0.59,0.0069,13,72,21,20,28,False,True,True,1.0,62,True,False
-0.9109739650775698,26.666666666666668,-14115.351278281518,76.1263630804598,15,9,21,24,2.61,1.07,8,09:45,14:09,0.65,0.0149,19,75,28,19,24,False,False,True,2.7,93,True,False
0,0.0,-668.0031246576909,7.322017806226594,1,8,20,23,2.84,0.56,10,10:51,14:58,0.66,0.0052,15,66,23,20,30,True,True,False,2.9,107,True,True
0.19537110419325296,51.61290322580645,34260.14942580516,76.42538663672896,93,9,21,14,2.17,1.35,5,09:24,14:00,0.64,0.0143,29,76,35,11,24,False,True,False,1.9,18,True,False
0.26041011440528955,60.60606060606061,10031.053893549306,21.04411678453316,33,8,20,13,2.12,1.77,6,10:52,13:50,0.57,0.0056,12,77,31,16,19,True,False,False,2.1,44,False,False
-0.7835788154135926,20.0,-4653.426480159133,26.356109023323327,5,8,20,30,1.94,1.43,7,10:53,15:01,0.65,0.01,20,79,24,20,26,False,False,False,1.7,15,True,True
0.17402968528477838,30.612244897959183,18343.34479831133,23.12025220367572,49,10,20,17,4.99,0.75,8,10:49,14:35,0.57,0.0055,20,68,26,11,20,True,False,False,2.7,83,False,False
-0.7702579244315085,12.5,-3722.576260991942,22.58931360426872,8,10,20,30,3.02,0.85,3,10:19,14:41,0.51,0.0092,19,65,30,17,29,True,True,True,3.0,89,False,True
2.9099884721007436,100.0,12045.287097954533,17.198955129438485,6,9,14,20,2.34,1.77,2,10:28,13:54,0.6,0.0146,21,66,26,19,23,True,False,True,2.6,85,True,False
0.18193170680021864,54.166666666666664,11590.619500422286,39.09678871748522,24,9,21,29,3.05,1.93,2,10:24,13:16,0.67,0.0056,11,65,22,10,25,True,True,False,2.3,66,False,False
0.06166090940208961,48.41269841269841,18680.701327008414,29.64831041691746,252,5,8,26,3.37,1.34,3,09:40,13:55,0.47,0.0086,25,72,33,14,22,False,True,False,1.3,26,False,True
0.08269107814852189,50.0,12648.769124123566,24.596913471245607,164,8,20,26,2.13,0.9,7,10:38,14:12,0.45,0.0063,28,72,26,10,18,True,False,False,1.1,18,False,False
0.06610850910944843,39.24050632911392,16174.053692676564,45.69668432794975,79,8,14,23,4.45,1.29,8,09:31,13:44,0.66,0.0065,18,65,23,10,20,True,True,False,1.8,117,True,False
0.1772465008784609,38.775510204081634,18173.65849870473,33.05122076004828,49,9,15,15,4.87,1.01,4,10:50,14:19,0.56,0.0089,25,68,27,16,22,False,False,False,1.2,98,False,True
0.3305887146167766,61.40350877192983,57788.362150815025,24.114973651110894,57,9,15,13,3.64,1.64,9,09:49,15:15,0.69,0.0128,15,71,32,14,20,True,False,False,1.8,48,True,False
0.08125321141719542,34.5360824742268,42552.24446395421,121.41625539062537,194,9,15,15,4.01,0.99,1,09:56,14:05,0.65,0.011,23,67,34,18,19,False,True,False,1.0,107,False,False
-0.06145599270537163,33.33333333333333,-1998.3838015948459,37.62915503028343,18,8,14,13,2.57,0.85,8,09:51,13:03,0.55,0.0147,16,68,21,12,28,True,True,False,1.8,45,False,True
0.21335151837062194,51.5625,21316.529147456735,23.601744154964646,64,8,14,10,2.79,1.02,1,10:51,14:41,0.5,0.0083,29,70,27,11,22,False,True,True,1.9,43,True,False
0.029156440746974016,48.275862068965516,2979.1485750639986,43.2749128180086,58,9,15,15,3.37,1.32,6,10:41,13:04,0.59,0.0143,23,66,26,18,27,False,True,True,2.9,72,False,False
0.10550206506677769,41.66666666666667,4024.911912886473,25.864969118704085,24,5,8,14,4.09,1.26,2,09:32,14:07,0.44,0.0103,23,66,35,14,29,False,False,False,3.0,24,True,True
0.40851026724648953,63.63636363636363,9200.146342152842,12.61142052262472,11,9,15,29,2.14,1.9,7,09:47,13:29,0.68,0.0051,18,68,20,11,26,False,True,False,2.5,40,True,False
0.1595571175212718,33.84615384615385,14484.67798070854,27.89081243118338,65,10,20,11,3.1,0.63,3,09:59,14:33,0.53,0.0076,12,77,30,16,20,False,False,True,1.8,52,True,False
0.1705074613202103,48.46938775510204,138619.9441239249,49.47577531592833,392,5,8,16,3.2,1.22,5,11:00,13:24,0.56,0.0122,11,77,31,13,19,False,False,False,2.4,92,False,False
0.01946570157048365,47.76119402985074,3786.7620083000547,82.00857119257432,67,9,14,11,3.02,1.16,3,09:18,14:08,0.69,0.0065,14,76,33,16,28,False,True,False,1.1,91,False,False
0.5084436339549876,50.0,1025.0233563389593,13.039308540889397,2,8,20,19,4.58,0.57,9,09:19,13:17,0.67,0.0055,19,68,33,12,19,False,True,False,2.7,111,True,True
-0.013996126419421225,45.83333333333333,-455.93560654880275,25.38395294637209,24,5,8,18,2.87,1.46,2,10:18,14:54,0.52,0.0052,30,74,22,16,26,True,False,False,2.7,69,False,True
0.18211035362701586,50.264550264550266,85763.0232920379,25.38390440109658,189,9,14,29,3.66,1.57,6,09:38,15:04,0.63,0.0107,12,71,32,11,18,False,True,True,2.1,72,True,True
0.13066597605081243,38.75,28570.139453588672,45.32205177319923,80,9,21,21,4.57,1.22,2,09:58,14:09,0.58,0.0057,26,65,29,15,18,False,False,True,1.6,100,False,False
-0.09608769025944298,16.666666666666664,-1008.7299297278842,14.564581267285243,6,9,14,15,4.37,1.24,3,09:48,13:34,0.63,0.0111,29,78,28,15,27,False,False,False,2.6,16,True,True
0.16728731879261194,49.523809523809526,116456.50085392871,24.74973443444312,525,5,8,12,2.08,0.92,8,09:23,13:45,0.59,0.0131,14,77,25,20,19,True,False,True,1.2,26,True,False
0.037845480689651614,30.0,-414.41385503051424,31.04494248500399,10,9,15,11,3.04,0.79,1,10:05,14:25,0.57,0.0088,17,68,23,12,29,True,True,True,2.0,61,True,False
-7.6900281475033605,0.0,-1832.0727879570113,10.246027985275418,2,9,21,17,3.5,0.98,3,10:43,13:00,0.54,0.0085,30,80,33,14,30,True,False,False,2.6,95,True,True
0.19005042950605822,48.4375,29986.296677890306,31.350010011272193,64,9,15,30,3.31,1.12,2,09:26,13:24,0.69,0.0107,23,70,34,18,19,False,True,False,2.8,93,True,True
0,0.0,-1240.179203504118,6.20089601752059,1,9,21,20,2.29,0.82,1,09:36,14:44,0.64,0.0136,12,78,31,18,24,False,True,True,2.8,37,True,True
0.18768716287303702,61.904761904761905,23318.429124639973,36.475512976586465,63,5,8,10,4.46,1.71,6,10:14,13:01,0.41,0.0102,27,76,33,17,30,True,True,True,1.9,77,True,True
0.15551167229389326,48.49094567404427,161054.3957035581,82.01116254776576,497,5,8,23,2.15,1.05,7,09:29,13:33,0.63,0.012,22,66,31,10,23,False,True,False,1.6,86,False,False
0.01382493309668143,42.07650273224044,3230.357598829687,82.67535741917648,183,9,15,26,3.28,1.07,1,09:32,15:14,0.53,0.0126,25,67,32,12,23,True,True,False,2.7,82,False,False
0,0,0,0.0,0,8,20,29,3.49,1.92,10,09:21,14:48,0.47,0.0068,15,69,31,16,30,True,True,True,1.8,26,True,True
0.2746107171037129,49.65986394557823,85695.02137881891,19.416779016007563,147,5,8,25,2.56,0.98,7,10:20,13:47,0.61,0.0064,18,71,23,20,29,False,True,True,2.5,102,False,False
0.0888202581571209,30.0,2045.3262587559475,26.060501903954687,20,8,14,11,4.76,0.52,10,09:54,14:48,0.56,0.0119,23,71,20,17,22,True,True,False,2.3,116,True,True
0.2838889841598587,42.857142857142854,12996.895254493866,21.21964869479483,21,5,8,21,4.96,1.09,7,10:22,14:38,0.51,0.008,23,77,26,15,29,False,True,False,1.3,83,True,False
0.12343180279474701,50.526315789473685,23888.726379482076,45.21725662329743,95,5,8,11,1.89,1.35,2,10:19,13:35,0.67,0.0083,30,65,26,15,29,False,False,False,1.8,43,False,True
-0.037868286892365224,43.44262295081967,-8603.475172763763,97.83964845432064,122,9,15,29,4.96,1.27,5,09:37,13:54,0.57,0.0095,20,74,28,17,23,True,True,False,2.9,62,False,False
0.0876889689970127,50.82872928176796,33433.48723471981,55.75059926547618,181,5,8,10,3.19,1.35,3,09:35,14:40,0.66,0.0106,11,66,34,16,25,False,False,False,1.4,48,False,True
-1.979137001767768,0.0,-4440.496274517589,22.202481372587947,5,9,21,21,1.52,1.15,4,10:02,13:37,0.44,0.0051,22,72,32,14,23,False,False,False,1.3,70,False,True
0.2000445930678262,41.99288256227758,177892.4065657099,23.204442156255155,562,5,8,10,2.76,0.74,9,09:35,13:35,0.52,0.0106,23,77,25,12,22,False,False,True,1.3,97,True,False
0.025138940014648933,50.79365079365079,3450.3594206724774,38.02762955375981,63,9,21,19,2.95,1.85,1,10:35,14:47,0.4,0.0137,23,69,26,20,19,False,True,False,1.4,75,True,False
1.853456758529749,100.0,4260.900000000031,5.985,2,8,14,10,2.48,1.9,6,10:53,15:01,0.6,0.014,23,67,29,19,28,True,False,False,1.2,63,True,True
-0.12509232624887365,30.0,-3547.14318815124,45.44237835461775,20,9,21,23,3.57,0.79,2,09:48,15:12,0.66,0.0109,10,71,20,15,26,True,True,True,2.9,55,False,True
-0.010459636675525531,42.10526315789473,-1325.9744121215917,50.47258812750681,19,9,15,24,2.62,1.39,5,09:49,14:30,0.63,0.0119,19,74,26,13,28,True,False,True,2.7,66,False,True
0.10917649727017799,50.0,61716.0044974169,35.822031117807235,384,5,8,25,2.52,1.99,2,10:46,13:08,0.49,0.0098,17,77,32,13,18,True,False,False,1.6,54,False,False
-0.14685855848109333,41.66666666666667,-11354.276398969756,65.34871478221056,36,8,20,17,1.92,1.54,9,09:36,14:59,0.63,0.0122,21,71,28,18,25,False,True,True,2.8,72,False,True
0.7161666092730454,70.0,18433.773144077422,11.157588142417387,10,8,14,22,4.66,1.15,5,10:54,14:03,0.57,0.0118,24,74,25,13,21,False,False,True,1.3,103,True,True
-2.7676585423305804,0.0,-4200.84902177024,37.17023972452458,5,8,20,16,4.9,0.61,7,09:21,13:27,0.55,0.0076,10,68,27,16,30,False,False,False,1.1,68,True,True
0.015464697131415149,50.0,704.7123269666699,17.601499724496804,10,9,21,17,2.7,1.28,2,10:29,13:43,0.68,0.0095,18,79,23,10,30,True,True,False,2.2,82,False,True
-0.18535754297990004,50.0,-1445.9998127914623,21.83970942449242,4,9,15,12,1.54,1.82,8,10:08,13:11,0.61,0.0053,17,71,22,16,28,True,False,False,1.0,111,True,True
0.15431308796256213,40.625,11333.116648686926,35.674266894549994,32,8,20,24,3.64,0.53,1,10:26,15:14,0.58,0.0083,21,80,23,17,27,True,False,True,2.0,120,False,False
0.32051001300744714,62.5,51770.27759407983,21.448486467483544,88,5,8,28,3.61,1.87,4,10:50,13:57,0.61,0.0102,28,68,28,19,18,False,True,False,2.5,64,True,True
0.378907196914006,68.18181818181817,14205.082225731101,18.113354978880835,22,9,15,24,3.22,1.96,2,10:52,14:50,0.41,0.0075,30,78,34,15,20,False,False,False,2.7,44,True,True
0.26347870515050154,41.37931034482759,12463.975025893313,26.747791953687212,29,8,20,28,2.23,0.51,2,10:57,14:52,0.63,0.0114,25,75,28,13,23,True,False,False,2.5,86,True,True
0.17555747767265387,48.33759590792839,89368.90362179719,41.30513775350605,391,5,8,24,3.03,1.45,3,10:22,13:39,0.41,0.0074,22,78,21,19,22,True,True,True,1.4,68,False,False
-0.05386240098917965,48.45360824742268,-7872.6611096683555,100.18400919847443,97,8,20,22,3.72,1.26,8,09:51,14:58,0.57,0.0115,17,73,29,18,24,False,True,True,2.4,68,False,False
0.03136596077574277,40.0,95.55720410694266,11.548948436497875,5,9,21,30,4.57,0.86,9,10:13,15:03,0.47,0.0072,16,67,22,14,28,True,False,True,2.4,109,True,True
0.09322729982577314,25.0,1612.3137892789855,18.278147497094537,12,10,20,16,3.02,0.57,3,10:38,13:40,0.48,0.0091,16,73,30,12,26,False,True,True,1.2,94,False,True
-0.06506604111240273,48.64864864864865,-3355.5676923458304,62.87750008780267,37,9,21,25,1.93,1.96,8,10:09,13:31,0.52,0.0082,15,69,22,10,24,False,True,False,1.1,116,True,True
-0.6380160251213539,40.0,-5631.80592038613,41.977175859658715,5,10,20,22,4.23,1.38,1,10:47,13:58,0.67,0.0102,12,70,26,14,28,False,False,False,1.7,88,True,False
0.36254468065990125,60.0,3226.8523703468745,21.952884844996778,5,9,14,18,3.25,1.21,6,10:07,15:05,0.56,0.0055,22,71,29,17,21,True,False,True,2.1,119,True,True
0.22629237582978087,51.8796992481203,37499.78678596537,11.608416594498204,133,5,8,26,2.91,0.98,2,11:00,14:02,0.47,0.0058,17,71,29,16,26,False,False,True,2.5,29,False,False
-0.1917459429949872,46.666666666666664,-4627.413900945427,49.1070772617143,15,9,21,11,2.38,0.87,9,09:41,13:56,0.58,0.0111,26,77,26,14,28,False,True,False,2.3,77,True,False
0.059386588815224635,44.44444444444444,1367.8963193607233,24.34324742450358,18,9,14,20,3.09,0.83,4,10:47,14:29,0.41,0.0059,26,68,25,12,24,False,True,True,1.6,116,True,True
0.0467545322138597,51.2,12368.526471344929,68.27202559303707,125,9,14,17,2.71,1.81,1,09:45,14:39,0.48,0.0094,18,68,24,11,20,True,False,False,1.6,63,False,True
0.13079981195346954,46.63143989431968,112813.47041612898,19.381895738769224,757,5,8,30,3.18,0.83,7,09:46,15:00,0.45,0.0141,15,68,21,16,20,False,True,False,1.0,34,True,False
0.1633737771290249,50.87336244541485,180496.12190778405,40.79139945567397,458,5,8,14,4.51,1.95,3,09:47,14:55,0.56,0.0079,22,79,26,18,23,True,True,True,2.2,110,False,False
0.08380579647078874,28.57142857142857,2583.3882626454506,25.087372785436422,21,9,21,23,3.38,0.51,7,10:48,14:42,0.64,0.0096,30,75,28,10,29,False,False,False,2.1,80,False,True
-1.1737219657408913,25.0,-3871.30912808257,21.527945850775897,4,9,21,27,3.1,1.08,2,10:52,13:48,0.67,0.0072,27,70,33,12,29,False,False,False,2.5,67,True,True
0.050978036285195226,48.35164835164835,12950.649718083427,70.12929749606955,91,8,20,15,2.05,1.41,1,09:53,13:40,0.68,0.0131,15,78,31,16,19,True,True,True,2.3,40,False,True
0,0.0,-1030.0738142797236,5.150369071398618,1,10,20,12,4.07,0.87,3,10:55,14:23,0.6,0.0145,21,78,20,20,30,False,True,False,1.6,43,True,True
0.05375393326017331,51.06382978723404,4492.900259912167,30.60678933303392,47,9,14,30,2.08,1.76,5,10:01,14:05,0.48,0.0137,13,69,35,16,24,False,True,True,2.8,113,False,True
0.19444326358075847,36.36363636363637,2313.8088827351385,11.05235098437247,11,9,14,30,3.75,0.51,2,10:49,14:37,0.5,0.0138,11,67,30,10,27,False,False,True,2.2,68,True,True
-0.10364304528196154,40.57971014492754,-11039.430397312279,95.73079425697185,69,9,15,17,1.92,1.93,3,09:37,13:32,0.55,0.0065,10,74,21,17,25,True,False,True,1.4,100,False,False
0.06046159263410622,33.80281690140845,19578.36981840001,53.211722739704626,213,8,20,26,3.27,0.52,9,10:05,14:37,0.6,0.0148,24,78,34,18,19,False,True,False,1.0,42,False,False
0.2910347177429178,52.94117647058824,4969.032890878982,10.229773085922858,17,8,20,30,2.06,0.86,8,10:56,15:03,0.45,0.0063,15,76,21,16,25,False,False,True,1.4,81,False,True
-0.3453642034607672,35.294117647058826,-8700.838985386396,48.32698433453898,17,8,20,27,2.92,1.24,7,09:38,14:14,0.65,0.0114,25,78,34,18,28,False,True,True,2.8,84,False,True
0.19570643965014675,54.929577464788736,38906.88311506796,29.74634824855685,71,9,14,21,4.72,1.43,1,10:08,14:11,0.61,0.0146,25,67,29,11,27,False,False,True,2.8,99,False,False
0,0.0,-102.8125,5.3597047661572725,1,8,20,13,3.86,0.54,2,09:30,14:52,0.47,0.0098,18,65,23,17,25,True,True,False,2.2,19,True,True
-0.2572437806168318,14.285714285714285,-1579.987435791525,10.537343442295187,7,9,14,28,2.68,0.64,7,10:57,14:42,0.43,0.0054,23,79,22,11,28,True,False,True,1.2,45,False,True
0.05206174630604011,33.33333333333333,2015.4635315676605,28.09724110727822,27,8,20,17,1.77,0.65,2,10:31,13:47,0.47,0.0142,24,79,31,11,23,True,False,True,1.3,95,False,True
0.00776272094148899,45.38461538461539,10007.38568724016,165.5397494665894,260,8,20,15,5.0,1.68,7,09:45,13:31,0.63,0.0089,23,78,30,10,19,True,True,False,2.3,33,False,False
0.04646308593373941,45.45454545454545,3799.93598219669,72.22880129051545,44,10,20,21,4.84,1.89,4,10:32,15:05,0.41,0.0109,23,76,29,19,26,True,False,False,2.0,26,False,False
0.07193461604477007,39.130434782608695,10185.521238026977,36.57292965740761,69,9,21,14,3.88,1.52,9,10:19,15:15,0.49,0.0131,17,77,20,14,21,True,False,True,1.2,65,False,True
0.07262551981533073,46.15384615384615,949.8988690981678,24.878314009608786,13,9,14,13,4.37,1.5,9,10:53,14:50,0.62,0.007,25,78,26,20,30,False,True,True,1.2,21,True,True
0.018965646151588914,60.0,200.51424285871326,25.93975566525047,5,9,14,12,2.23,1.59,1,10:56,13:31,0.59,0.0055,20,72,23,18,28,False,False,False,2.4,40,False,True
0.05061436292073076,25.0,6977.632904060509,65.48304871157895,76,9,21,13,2.89,0.58,3,09:17,14:19,0.49,0.0128,25,77,26,11,23,True,False,True,2.1,99,False,True
0.10502530238260957,45.45454545454545,10629.417051841017,22.299007636619972,88,8,14,17,2.15,1.44,5,09:55,14:49,0.58,0.0098,29,71,25,20,21,False,False,False,1.7,18,True,True
0.02564002386569235,37.41935483870968,4583.601291561488,69.51968851467495,155,9,15,22,2.12,0.76,9,09:16,13:58,0.41,0.0115,19,80,29,18,23,False,True,True,3.0,65,False,False
-0.7325106344324857,50.0,-923.8465797833705,5.64560789891686,2,9,21,13,3.6,1.76,8,10:19,13:57,0.46,0.0057,19,80,33,17,20,False,True,True,1.5,50,True,False
0.035632446556274344,45.714285714285715,2271.8078720081176,53.43658515845979,70,8,14,26,2.17,1.17,9,09:45,14:30,0.57,0.007,19,76,31,10,27,False,True,False,2.4,59,True,False
-0.0024447446775899195,47.368421052631575,-93.15028063874706,30.0148535961024,38,9,21,17,2.26,1.05,7,10:42,13:39,0.56,0.0097,18,80,27,20,24,False,False,False,2.4,46,True,False
-0.1556223635874027,43.103448275862064,-10606.430500716153,82.20354181126663,58,8,20,24,2.39,1.94,7,09:44,14:09,0.41,0.0088,18,80,33,20,26,False,True,True,2.1,78,True,False
-1.2062536096171415,0.0,-1297.766261374767,9.219728814802336,2,8,20,19,3.45,1.79,9,10:47,13:13,0.45,0.0054,23,67,28,10,22,True,False,False,2.5,30,True,False
0.20932532402511722,48.0,11124.512177442546,40.09483261727843,25,9,14,24,3.64,0.79,7,09:57,14:57,0.68,0.0054,11,68,33,17,28,True,False,True,3.0,95,True,False
-5.415816520869387,0.0,-2348.0093741708515,13.120785644894648,4,9,15,27,4.08,0.72,5,09:27,14:08,0.41,0.0053,27,75,26,17,30,True,True,False,1.1,40,True,True
0.22034117932646108,55.00000000000001,10600.939986393489,53.438229703473795,20,8,20,21,2.15,1.62,5,10:45,14:29,0.59,0.0063,23,65,21,19,29,False,False,False,1.3,35,False,False
0.2472306832282551,40.74074074074074,10254.126720581586,14.378838015728379,27,8,20,28,2.59,0.88,8,09:45,14:06,0.42,0.0118,25,73,25,15,19,False,True,True,2.6,112,True,True
0.14401890193073977,46.03174603174603,25263.356638582656,41.13985137028861,63,9,14,10,3.83,1.38,6,10:55,13:38,0.63,0.0082,15,66,23,10,27,True,True,True,2.1,107,False,False
0.06724937687889687,44.44444444444444,10645.236253993866,36.167329969452545,99,9,15,23,2.98,1.27,7,10:12,14:29,0.48,0.0144,26,71,23,13,20,False,True,False,1.6,33,False,True
0.0962602798377895,50.0,8848.922952594905,39.838779279792504,38,9,21,19,3.24,1.82,9,10:53,14:42,0.65,0.0077,12,75,34,16,22,False,True,True,1.9,73,False,True
-0.003734037416087215,44.71544715447154,2047.7024763012887,73.47329818441165,123,10,20,19,4.37,1.91,8,10:42,15:09,0.57,0.0144,26,69,24,10,20,False,True,True,2.1,38,False,True
-0.07631223499872122,37.00787401574803,-9933.103171151322,87.80329399765446,127,9,15,13,1.57,0.91,9,09:33,13:37,0.45,0.0069,15,74,30,18,23,True,True,True,1.6,82,False,False
0.44337689424694876,72.72727272727273,13571.354892192867,17.12545422578325,11,8,20,13,3.67,1.76,1,10:50,13:59,0.67,0.0064,29,78,33,15,24,True,False,False,2.8,93,False,True
0.01704077211066265,44.54545454545455,3260.7958864631546,57.444477403798565,110,5,8,17,3.7,1.67,10,09:32,14:48,0.66,0.0068,18,67,34,14,21,False,False,True,2.5,18,True,False
0.2530629784739198,58.333333333333336,12772.277882847084,31.148676205949467,24,9,14,21,3.21,1.28,3,09:36,14:09,0.63,0.0115,17,79,21,18,26,False,False,True,3.0,51,True,False
0.12086312045670344,27.27272727272727,2306.0447286805247,21.279422234613087,11,9,21,14,3.79,1.1,6,09:56,14:23,0.44,0.0064,24,75,35,13,20,True,False,True,1.7,68,True,False
0.0543459171793366,46.42857142857143,2377.1612016852887,40.26851547118601,28,5,8,29,2.15,1.78,4,09:54,14:49,0.46,0.0055,16,66,28,19,30,False,True,False,2.9,74,False,True
0.1335808903766123,47.31182795698925,32108.183537652563,62.03231672494458,93,8,20,14,4.84,1.53,10,09:42,13:46,0.62,0.0061,23,77,27,17,19,True,False,True,2.1,100,False,False
-0.154327365832681,27.27272727272727,-2559.757789247611,24.9334741715511,11,9,15,18,3.06,0.84,10,10:37,15:12,0.61,0.0062,26,74,21,10,29,True,True,False,1.9,46,False,True
-0.2606425928940519,30.927835051546392,-24754.366316602325,124.26609869709972,97,9,21,27,1.89,0.73,10,10:54,14:34,0.62,0.0091,20,71,28,11,23,False,True,True,1.9,31,False,False
0.09041719131745203,50.79365079365079,9362.434722664879,25.171473604885485,63,8,20,29,3.55,1.89,9,10:32,14:59,0.44,0.0093,26,78,35,12,22,False,False,True,2.8,46,False,True
0.12771128221467842,50.0,4953.632078847113,32.77967706232339,14,10,20,14,3.96,1.03,6,09:28,15:07,0.64,0.0143,12,75,25,18,26,True,False,False,1.8,110,True,False
0.04151657940669586,46.846846846846844,15028.701961338127,116.79371946527976,111,9,21,22,2.68,1.85,7,09:30,14:05,0.64,0.0127,11,77,29,12,19,True,True,True,1.8,92,True,True
-0.018067001609644542,42.465753424657535,-4740.671054149192,63.05886707970164,146,8,14,27,4.6,1.49,3,10:53,13:56,0.6,0.0149,15,80,34,18,21,False,True,False,1.4,17,True,False
0.16826180713411312,34.61538461538461,6751.214529915003,21.985104474750663,26,5,8,27,2.35,0.6,4,09:42,13:14,0.68,0.0054,15,80,33,17,27,False,True,True,2.0,25,True,True
0.11438680729426931,48.333333333333336,12774.062736662687,34.09207613359691,60,8,14,18,2.48,1.43,9,10:09,14:05,0.6,0.009,28,70,32,14,18,False,False,False,2.8,23,True,True
-0.05975560792641873,42.857142857142854,-9726.9673239329,98.70297094291615,105,9,15,29,3.67,1.28,7,09:27,13:17,0.49,0.0119,11,71,22,17,24,False,True,False,1.8,73,False,False
0.07003906300610649,43.103448275862064,7153.515167278234,42.51416525237424,58,9,15,10,3.26,1.0,8,10:30,14:13,0.65,0.0081,23,76,28,19,21,True,True,True,2.5,78,True,True
0.03856900441634379,55.00000000000001,8938.499402034518,55.29790603624253,140,8,14,18,2.08,1.91,5,09:43,13:53,0.59,0.0109,25,67,29,19,23,True,False,False,1.8,76,False,False
0,0,0,0.0,0,9,21,13,4.14,1.27,10,10:37,14:24,0.61,0.0051,12,73,31,16,29,False,False,False,1.3,48,True,True
0.2972994734188568,50.0,10864.18085932807,18.345650964592817,32,8,20,25,3.39,1.0,3,10:45,13:19,0.44,0.0053,17,79,28,13,18,False,False,True,2.4,70,False,False
-0.0823950429679737,42.30769230769231,-3036.8862330481425,63.853932960131345,26,8,14,20,1.96,1.24,2,10:20,13:11,0.5,0.0148,24,70,25,10,26,True,True,False,2.2,86,False,True
0.06033121812893358,49.34333958724203,60184.76380996218,79.78909418941763,533,5,8,30,4.01,1.56,4,09:42,15:13,0.59,0.0115,10,80,32,12,25,False,False,False,1.3,41,False,False
0.5389471927061528,80.0,13632.545936472576,15.558528117624606,15,9,14,24,3.64,1.76,6,09:27,13:27,0.41,0.009,18,74,32,14,26,False,False,False,2.4,67,True,False
-0.3261154395335423,40.0,-9364.582101978087,70.26076692678274,10,9,21,16,1.97,1.97,7,10:28,14:59,0.7,0.0073,30,80,26,12,23,True,True,False,2.7,104,True,False
0.12578568923183361,54.02298850574713,25069.03757756792,40.90554542097436,87,8,14,29,4.34,1.44,6,10:30,13:09,0.69,0.0106,30,73,29,13,25,True,True,True,2.0,45,False,False
-0.032352232500584395,50.0,-110.59661175409565,29.223990076529425,4,8,14,28,2.07,1.9,7,09:16,13:22,0.68,0.0059,25,71,25,13,26,True,False,False,3.0,90,True,True
0.05730740842616227,34.82142857142857,12434.785560008375,75.96644800882454,112,9,14,10,4.44,0.6,8,10:10,13:36,0.63,0.0105,17,79,24,12,21,True,False,True,2.0,36,True,False
0.14819731622431953,42.42424242424242,124950.88443297512,73.5275928994189,429,5,8,28,4.01,1.08,5,10:06,13:38,0.45,0.015,26,78,20,12,22,False,True,False,2.3,112,False,False
0.11817894832035392,42.857142857142854,3165.0674234528306,30.44031900941293,14,8,20,15,2.08,1.67,2,09:28,14:51,0.55,0.0144,14,68,30,15,23,True,False,True,2.5,22,True,False
0.18799712171519667,38.095238095238095,5795.350508172411,19.5123275720268,21,9,15,12,4.96,0.95,8,10:22,14:40,0.46,0.0122,29,80,30,15,18,True,True,True,1.8,114,True,True
0.03655378722284966,60.0,-64.48749999999563,7.290678219080217,5,10,20,28,3.7,1.3,4,10:41,13:29,0.67,0.01,14,74,20,19,18,True,False,False,1.9,20,True,True
0.07831576279610986,33.33333333333333,2654.2024566079817,42.833639167767544,15,9,15,23,3.07,1.33,2,09:15,13:06,0.65,0.0099,11,68,33,10,30,True,False,True,2.5,119,True,True
0.0756334490625935,49.812734082397,61461.28335740673,93.97640055895882,267,5,8,22,3.91,1.76,1,09:17,14:29,0.67,0.0077,23,75,20,16,28,True,False,False,3.0,106,False,False
0.5291673209714776,66.66666666666666,12206.217720571822,7.887750247834779,9,8,20,30,4.63,1.54,1,10:11,14:08,0.44,0.0054,24,79,31,10,20,True,False,False,2.5,45,True,True
0.009437363197463751,45.73643410852713,5510.021357874375,141.71779493122273,129,8,20,14,2.13,1.07,8,09:21,13:09,0.48,0.0134,20,78,25,15,21,True,False,True,2.6,20,False,False
0.05335505779545455,48.97959183673469,4424.25379938773,30.183388695692802,49,8,20,10,1.85,1.64,5,09:40,15:09,0.41,0.0147,17,78,34,20,23,True,False,True,1.8,102,False,True
0.09804796505073765,52.17391304347826,5506.11499188012,37.73679962929478,23,5,8,26,2.5,1.58,7,10:57,13:07,0.62,0.0056,27,66,20,19,22,True,True,False,1.7,112,True,True
-0.39235416398683887,25.0,-7314.189639970909,38.88061904640051,12,10,20,28,3.32,1.11,6,10:55,13:57,0.59,0.0079,29,73,33,20,27,False,True,True,1.6,63,False,True
0.04739341902637307,40.0,9648.050661415771,42.47916849862162,85,5,8,10,2.7,1.12,3,09:35,13:26,0.56,0.0112,27,79,35,19,30,False,False,True,2.5,114,False,True
-0.28237667411964285,32.72727272727273,-25876.542428740708,159.8922589971509,55,10,20,12,4.52,1.3,7,09:41,13:52,0.57,0.0106,13,73,23,13,25,True,False,False,1.3,66,False,False
0.06778024067614873,36.22047244094488,18763.790041688284,56.51709620061316,127,10,20,19,3.26,0.86,10,10:44,13:03,0.61,0.0145,22,69,25,11,18,True,True,False,1.4,72,False,False
0.07693052399485989,35.46325878594249,38452.360219005255,75.98557591193341,313,8,20,23,1.67,0.68,9,09:35,14:20,0.63,0.0074,21,75,31,12,19,False,False,False,1.3,115,False,False
0.036466294922748665,45.45454545454545,-51.55968602977373,24.943345976533866,11,8,20,17,2.21,0.72,7,10:50,14:15,0.62,0.0117,12,76,20,18,29,False,True,False,1.1,94,True,False
-0.032025978953585214,47.61904761904761,130.56009278594865,42.01579652056728,21,8,20,23,4.33,1.25,9,09:34,13:46,0.59,0.0136,28,74,29,20,21,True,True,False,1.5,104,True,False
0.12981858411227018,34.61538461538461,3580.5651411406616,15.617616843064333,26,8,20,21,2.18,0.66,9,09:53,14:12,0.43,0.0123,15,73,26,14,24,True,False,True,2.8,90,True,False
-0.3525264779950574,40.0,-5625.15662706826,37.899052111295205,10,9,21,12,2.43,1.2,1,09:50,14:30,0.6,0.0149,15,77,24,14,26,False,False,False,2.3,53,True,True
0.16784278776240308,46.902654867256636,90134.586330289,45.09665927645536,339,5,8,10,2.45,1.14,1,10:39,13:15,0.52,0.0104,25,75,33,18,18,True,True,True,2.0,101,False,False
0.05926153553916567,56.25,4299.442704514815,44.999939375918366,32,9,14,24,1.54,1.28,8,10:04,15:12,0.69,0.0063,14,65,35,15,25,True,True,False,2.6,96,True,True
0.3564193748939877,80.0,5338.443754256725,19.500620047137733,5,8,20,29,3.43,1.98,4,10:03,14:09,0.64,0.0146,12,68,25,16,26,True,True,True,2.0,59,True,True
-0.05971614628612099,50.0,-262.51975713275533,16.6713289845906,4,5,8,14,2.35,1.87,10,10:02,14:08,0.43,0.005,30,74,20,17,27,True,False,False,2.2,118,False,True
0.6115094058614285,66.66666666666666,2897.320748936847,10.834960190554892,3,9,15,17,3.64,1.32,8,10:33,14:22,0.44,0.0126,19,75,24,18,26,False,False,True,2.9,109,True,True
-0.17034651278860002,42.857142857142854,-1655.2138570852076,26.891125644313814,7,9,21,12,4.47,1.17,10,10:34,13:34,0.5,0.0143,16,80,26,16,28,True,False,False,1.2,54,False,True
0.2594687325815563,44.680851063829785,29704.626373096413,33.00988224722048,47,8,14,21,4.45,1.58,3,10:02,15:01,0.64,0.0069,22,79,25,15,30,True,True,True,1.1,120,True,False
0.5297958942963682,66.66666666666666,11869.459373569007,21.68807798008936,12,9,14,11,3.63,1.62,7,10:25,13:08,0.5,0.0149,25,65,27,16,23,False,False,True,2.9,91,True,True
0.012199117619405812,50.0,496.559526032197,15.974213181170835,12,9,21,29,1.81,1.77,8,10:38,13:01,0.42,0.0117,21,67,23,15,24,True,False,True,3.0,78,False,True
0.3403446564217204,55.55555555555556,3819.272260376216,13.521424444794741,9,9,14,11,4.65,1.65,8,10:20,15:05,0.44,0.0076,30,79,28,17,30,True,False,False,1.4,76,True,True
0.6679818841832961,80.0,2594.1024817154503,8.926240478402782,5,10,20,19,3.48,1.32,4,09:47,13:54,0.41,0.0096,20,78,34,16,24,True,True,False,1.4,75,True,False
0.3332198567782446,63.888888888888886,36252.770191595024,31.272716934140774,36,9,15,27,4.85,1.87,8,09:53,13:27,0.69,0.0119,12,67,34,10,22,True,True,True,1.9,41,True,True
0.16468345656144753,41.35338345864661,20327.365922407174,24.958740050772732,133,8,14,26,3.83,0.61,6,09:21,14:46,0.42,0.0084,11,80,29,16,21,False,False,False,2.1,26,False,True
-0.06998646444866816,33.33333333333333,-2755.031254833757,29.406019445151998,30,8,14,18,1.67,0.75,1,09:46,13:25,0.52,0.01,13,78,25,18,26,True,False,True,1.6,47,True,True
0.15918138332111698,41.825095057034225,102301.64605086614,44.97914777376208,263,9,15,20,3.74,0.98,5,09:55,14:11,0.66,0.0079,13,76,32,12,19,False,False,False,1.7,61,True,False
-0.04085305335776893,46.15384615384615,-6110.749532044474,70.83273749644833,117,8,14,19,4.92,1.18,1,09:42,13:44,0.52,0.0128,30,65,26,17,24,True,False,True,1.8,15,False,False
0.2438856604856602,50.0,1914.7800000000352,18.552931569756154,8,9,14,20,3.04,1.79,5,09:56,14:13,0.47,0.0088,30,77,25,15,28,True,True,False,1.5,27,True,False
-0.205712650176785,25.581395348837212,-8953.761724152462,72.22914262827345,43,10,20,12,3.12,0.67,9,09:48,14:39,0.51,0.0134,23,72,32,15,26,False,False,True,2.4,82,False,False
0.0593829439245261,49.82078853046595,28994.862118466568,79.33475990857588,279,9,15,18,3.01,1.73,6,09:54,14:10,0.55,0.0119,21,69,33,17,18,False,False,True,2.8,26,False,False
0.08393755986166264,41.30434782608695,5503.475427518701,26.96432843478237,46,9,21,12,2.09,1.19,10,10:40,13:32,0.66,0.0124,26,79,25,19,19,False,False,True,1.2,87,True,True
-0.05906772281843149,45.28301886792453,-13358.784877354572,133.6136920218527,106,9,21,10,2.63,1.71,1,10:07,15:07,0.66,0.0109,20,74,32,17,18,False,False,False,1.7,82,False,True
-0.2612620487482648,42.857142857142854,-5053.774015398327,41.99216767996859,14,10,20,13,3.13,1.48,7,10:50,14:16,0.56,0.009,19,71,24,19,26,False,True,True,2.3,43,False,True
0.036424699001987526,50.0,1152.3691886273446,18.56515493252441,6,9,21,22,4.05,1.87,7,09:38,13:53,0.55,0.0115,23,75,24,19,26,True,False,True,2.4,46,True,True
0.21781790774050824,53.0,49357.97187595932,32.287184845696615,100,9,14,12,3.56,1.16,7,09:19,13:49,0.63,0.0144,27,70,27,17,20,False,True,False,2.8,56,True,False
0.21964410152798383,44.44444444444444,6931.255819455953,17.422597282047846,18,9,15,17,4.99,0.91,5,10:33,14:46,0.55,0.0125,30,72,27,14,30,False,False,True,1.9,64,False,True
0.34612963768420485,46.666666666666664,11093.971998626257,20.850951845774492,15,5,8,22,4.54,0.65,5,09:15,13:09,0.57,0.0068,14,66,32,15,29,False,True,False,2.5,68,True,False
0.5068171814979163,50.0,9520.2455347693,20.091203864110987,12,9,15,19,4.81,1.73,5,09:36,14:46,0.45,0.014,15,78,26,15,27,True,False,True,1.3,58,True,False
-0.13430547859817799,50.0,-1349.8534970395995,18.829427244001486,4,10,20,22,3.22,1.55,9,09:45,15:03,0.69,0.0109,12,79,20,18,26,True,True,False,2.9,56,True,False
0.14203597386379055,40.174672489082965,56060.109045874444,28.089340941738033,229,5,8,10,2.53,0.86,8,09:59,13:59,0.52,0.0087,24,75,34,11,22,False,True,True,2.7,102,False,True
-0.3163957898644076,33.33333333333333,-809.7888546479553,11.05175097104042,3,9,21,22,2.71,0.87,3,09:45,13:50,0.46,0.0076,23,66,31,18,25,False,False,False,1.4,72,True,True
0.2135374667551868,50.0,172.04563899354252,5.602242297355071,2,8,20,17,2.73,0.78,6,10:11,14:00,0.4,0.0094,24,73,29,16,29,False,True,False,1.9,75,True,True
-0.19410385551660156,20.0,-6724.0446773302265,41.746383546655515,20,10,20,15,2.11,0.74,2,09:40,14:49,0.69,0.0076,13,73,35,20,26,True,False,True,2.7,53,False,True
0.04419086966365266,36.0,1225.8939769110111,22.984817942273736,25,8,14,27,3.1,0.61,6,10:24,14:12,0.6,0.0052,30,72,33,20,22,True,False,False,2.6,32,True,False
0,100.0,1971.8656616627195,7.276621947767314,1,8,20,19,1.76,1.22,4,10:31,13:46,0.65,0.0062,10,73,30,17,24,True,True,True,2.5,90,True,True
0.2777625460582023,45.83333333333333,12480.075418178574,24.319892062136727,24,9,14,20,3.96,1.2,2,10:20,13:02,0.49,0.0122,27,80,21,17,20,True,False,False,1.0,106,True,True
-0.046236665349297094,45.67901234567901,-5091.945010444273,138.9951516028996,81,9,21,24,3.02,1.85,8,09:32,13:47,0.66,0.0143,14,66,23,12,21,False,True,False,2.2,66,False,True
-0.2893731108622623,22.22222222222222,-10838.924617723049,60.16132096572369,27,10,20,15,2.42,0.82,5,09:17,14:16,0.55,0.0109,13,77,21,17,26,False,False,True,2.6,66,False,True
0.267219141427877,52.17391304347826,19147.895995660838,30.19458737980735,23,9,21,30,4.63,1.5,8,09:34,14:40,0.65,0.0108,20,77,20,14,18,False,False,True,1.7,84,True,True
0.010862665169663829,66.66666666666666,182.42905955502283,21.254244112075945,3,8,20,17,1.54,1.31,7,09:28,13:17,0.54,0.0134,25,77,28,20,25,False,True,False,1.8,108,True,False
0.17178533459248402,57.333333333333336,17721.016176303587,24.277519056208508,75,8,14,28,1.77,1.53,8,10:50,14:58,0.58,0.0072,25,68,25,17,28,True,False,True,1.4,50,False,False
0.03807462048599694,37.93103448275862,1705.0296790381944,23.921913101900923,29,9,21,26,4.39,1.24,2,10:48,14:59,0.57,0.0124,14,67,23,10,27,False,True,True,1.6,117,False,True
0.14785938321510284,51.886792452830186,40365.00042913437,42.30465714275052,106,8,14,21,3.72,1.39,4,10:04,13:55,0.6,0.013,25,65,33,11,26,False,True,False,2.1,97,False,False
0.18840584036413874,45.28301886792453,15307.642405675986,37.85872875261171,53,9,15,18,3.73,1.56,6,09:15,14:05,0.44,0.0054,22,65,35,13,23,True,True,True,1.2,59,False,False
0.10278125389259765,46.32768361581921,37101.26016527244,40.34852202892111,177,9,14,23,3.89,1.17,9,09:59,14:28,0.53,0.0132,23,73,31,15,22,False,False,False,1.8,94,False,False
0.12480509005099166,37.5,788.7674215026454,27.320898183682136,8,9,15,25,2.38,0.87,7,10:28,13:18,0.57,0.0115,13,76,20,18,25,True,False,True,2.2,103,True,False
0.13507041214175045,53.333333333333336,2581.262888068988,23.430544019938857,15,8,14,30,1.92,1.72,6,09:33,14:32,0.42,0.0063,15,70,31,15,27,False,True,True,1.6,68,True,False
0.15318432194048018,53.2608695652174,25871.753155318773,46.88596971645163,92,8,14,19,3.91,1.55,9,09:47,13:54,0.45,0.0148,28,71,28,17,27,False,True,False,1.8,120,False,False
0.23846218751056164,37.56613756613756,106453.90212441272,24.778426611876878,189,5,8,30,4.13,0.59,2,10:02,13:05,0.67,0.0122,13,70,23,19,20,True,False,True,1.8,111,False,True
-0.17042177126066455,47.61904761904761,-3770.2243347895965,29.958523468570476,21,8,20,30,3.69,1.37,4,10:17,14:53,0.4,0.0077,24,74,27,18,25,True,True,True,2.3,77,True,False
0.2809458292239613,53.333333333333336,7430.4116738246485,17.4928829331813,15,9,15,30,1.56,1.03,7,10:36,14:13,0.68,0.0058,29,66,24,16,24,True,False,False,2.4,114,False,True
0.07613494783257417,46.875,5890.564965210506,36.44986364745531,32,9,14,13,4.24,1.86,8,09:49,15:07,0.63,0.0081,13,69,31,19,29,False,True,True,1.3,99,False,True
0.14171584112062907,52.980132450331126,54570.47054225595,42.810650142959936,151,5,8,26,3.1,1.69,10,09:37,14:30,0.65,0.0068,20,72,26,16,26,False,False,False,2.1,73,False,True
-0.4058011444775611,28.57142857142857,-13293.43334889551,73.7515595371242,14,10,20,13,3.49,1.17,9,09:21,13:31,0.61,0.0145,15,72,24,18,27,False,True,False,2.0,81,True,False
0.040304942294204116,48.96551724137931,11005.370842413002,45.48411695635384,145,8,20,30,2.07,1.47,6,10:11,14:50,0.56,0.0084,23,77,26,10,19,False,False,False,2.6,65,True,False
0.19610188408444731,43.05555555555556,13979.918425012482,19.889878790277347,72,8,14,15,3.13,0.61,2,10:43,14:28,0.47,0.0132,27,76,21,16,20,True,True,False,2.1,42,True,True
0.11399908978722081,50.0,13256.168683530574,28.121438178814167,70,9,15,25,4.97,1.38,8,10:23,14:03,0.63,0.0141,11,68,34,17,26,True,False,True,2.4,51,False,False
0.20932870961309752,52.54237288135594,27122.37773073341,51.08461078650449,59,8,20,18,3.23,1.71,6,09:32,14:07,0.45,0.0059,19,65,25,12,20,True,True,True,2.7,86,False,True
0.2302718801792554,42.75618374558304,107742.94387375652,17.939738001410273,283,5,8,25,3.62,0.66,10,10:09,13:18,0.54,0.0145,26,78,35,16,26,False,True,True,1.8,99,False,False
0.06954158446240001,53.84615384615385,7411.682777733458,70.99963407664369,52,9,15,18,4.28,1.52,3,09:35,13:18,0.68,0.015,29,66,30,13,24,False,False,False,1.3,82,True,False
0.30852982204757007,50.0,17336.757181983296,20.98039004095099,18,5,8,25,4.49,0.67,2,10:43,13:25,0.62,0.0148,21,76,21,20,20,False,False,False,2.9,88,True,True
0.2473268976573253,52.63157894736842,8042.281775364503,21.026237803558967,19,8,14,26,4.0,1.41,8,10:30,15:09,0.47,0.012,16,71,32,15,28,False,False,False,2.3,30,True,False
-0.31187830351146734,44.44444444444444,-3067.818131272481,20.56047260100854,9,10,20,26,4.86,1.72,1,10:59,14:06,0.64,0.0139,30,65,31,20,30,True,True,False,2.1,48,False,False
-0.20603729783981625,50.0,-1403.4994622226804,15.414087124522993,4,8,20,23,4.16,1.4,6,10:20,15:02,0.58,0.0111,14,73,35,20,25,False,False,True,2.3,77,True,True
0.06945208365256578,30.952380952380953,3500.303709266187,21.936318075608643,42,9,15,11,3.97,0.64,3,10:48,13:46,0.58,0.0137,27,70,21,20,23,False,False,True,2.2,56,False,True
0.4065473095051242,68.75,11574.685721321566,12.158900103878523,16,8,14,19,4.26,1.31,7,10:55,14:27,0.49,0.0149,21,76,28,19,26,True,False,False,2.1,82,True,True
0.08816098782465166,50.69444444444444,26667.18130066384,35.471625947912244,144,9,14,29,4.9,1.61,8,10:37,15:01,0.62,0.0066,13,75,26,13,20,True,False,False,3.0,36,True,False
-0.13874397065586794,40.0,-16727.841621384647,93.95230519251714,85,8,14,18,1.94,1.39,1,09:31,14:45,0.47,0.0064,14,76,23,12,24,False,False,True,2.5,27,True,False
0.15856746246160522,40.74074074074074,34617.84884120013,57.98272364664696,108,8,20,12,2.1,0.85,5,09:26,14:06,0.61,0.006,14,67,35,11,19,False,False,True,2.5,61,False,True
-0.19922928394379713,26.027397260273972,-14250.774574114992,83.92553096803957,73,9,21,16,1.92,0.67,5,10:59,14:23,0.53,0.0086,21,66,31,11,24,True,True,True,1.2,66,False,False
0.055045211640723395,50.0,6646.622689198066,60.5846503708633,54,10,20,20,3.97,1.77,9,10:04,14:28,0.47,0.0057,29,72,20,11,22,False,False,False,1.4,41,True,False
0.013135589067088109,50.0,41.30588624977827,6.7581079577662715,8,8,20,16,3.47,1.61,8,10:11,13:47,0.46,0.0051,23,80,25,13,30,True,True,True,1.1,66,True,False
-0.05428807689751195,45.52238805970149,-13209.525531564708,78.6816525023144,134,5,8,23,2.47,1.94,10,09:15,13:03,0.6,0.0101,13,75,34,14,27,True,False,True,2.9,22,True,True
0.08693471629209391,42.857142857142854,3194.274213177938,19.723570413100813,28,8,20,13,2.32,1.07,10,10:47,15:15,0.48,0.0078,24,70,24,12,22,False,False,True,2.4,78,True,True
0.19561440023690146,37.5,4728.464001698649,20.636224528962295,8,9,21,26,4.41,1.11,4,10:16,13:47,0.53,0.0128,17,72,25,14,22,True,False,True,1.5,22,True,True
-0.19776902901843776,22.22222222222222,-3178.9272416791464,27.741195020560184,9,9,21,29,2.6,1.37,8,10:25,13:40,0.52,0.006,16,78,31,12,26,True,False,True,1.4,31,False,True
0.04179337283957513,38.41059602649007,8444.711632460341,44.659246948592795,151,9,15,26,1.99,0.66,2,10:17,15:07,0.54,0.0082,29,76,22,17,22,True,True,True,2.6,74,True,False
0.19077732908577316,40.0,6457.549431410978,22.15567082402134,25,9,15,10,3.63,0.64,4,10:44,13:59,0.5,0.0084,18,65,20,13,28,True,True,True,2.6,95,True,False
0.10357093064015531,48.484848484848484,12680.055679163866,52.96204707005591,66,9,21,12,3.5,1.9,5,10:39,14:03,0.67,0.0067,30,66,24,18,22,False,False,True,1.2,71,False,False
0.12432026228426403,45.52845528455284,40783.67882381466,52.873872823636525,123,10,20,24,3.82,1.52,1,09:44,14:08,0.63,0.0089,23,77,33,10,19,True,True,True,1.7,79,False,True
0.24411357740903422,37.68115942028986,21159.446638505106,22.844354177662375,69,9,14,21,2.62,0.59,9,10:25,13:55,0.5,0.0084,27,72,29,20,21,False,False,True,2.0,86,True,False
-0.006718605853299628,51.96850393700787,1726.6819527474981,133.56530577902993,127,9,14,27,3.04,1.97,8,10:10,13:20,0.64,0.0111,27,65,20,19,21,True,True,False,2.7,88,False,False
0.15597245805472373,46.308724832214764,35589.40952834462,31.115427210749086,149,5,8,29,2.29,0.85,10,09:50,14:08,0.66,0.0088,15,80,22,12,27,True,False,False,2.8,30,False,True
0.16316126023262115,50.456621004566216,158027.12418140288,75.44404109735989,438,5,8,25,3.17,1.76,5,10:21,14:29,0.54,0.009,19,67,29,11,22,True,False,True,2.3,115,False,False
-0.010470835598461126,23.076923076923077,-77.08310536773206,17.3508345717315,13,8,20,21,3.71,0.82,3,10:59,13:45,0.46,0.0112,27,71,27,11,26,True,True,True,1.6,101,True,False
0.11456039554008582,46.92913385826772,152629.73820561485,73.33701292485182,635,5,8,14,4.0,1.27,2,10:27,15:15,0.68,0.0096,30,77,23,16,19,False,True,False,1.7,54,False,False
0.8760644928461464,83.33333333333334,14131.333438404283,17.610401864726995,6,9,14,14,4.45,1.64,4,10:55,13:44,0.64,0.0126,21,71,22,12,26,False,False,False,1.7,85,True,False
-0.15833337334467174,36.507936507936506,-9866.06504088916,66.75794389698086,63,9,15,14,3.56,0.92,1,09:55,13:05,0.4,0.0086,30,80,27,16,27,True,True,False,2.9,72,False,False
0.2761724568239475,58.333333333333336,3316.9659499960217,25.05773106441439,12,9,15,14,2.28,0.91,3,10:01,13:16,0.58,0.0071,18,75,20,15,28,True,False,False,1.2,44,True,False
0.26434795994083105,53.84615384615385,4479.800722459819,27.284427397698085,13,9,14,12,2.62,0.92,9,10:18,14:08,0.66,0.0102,17,73,25,20,28,True,False,True,1.7,47,True,False
0.21499592100765508,51.53846153846153,37586.76204298908,33.651450494419656,130,5,8,18,2.19,1.48,1,10:57,13:37,0.45,0.0113,10,66,27,12,30,False,True,True,2.0,98,False,False
0.17396152813954088,45.83333333333333,8970.677597408649,23.851568052474107,24,9,21,14,4.82,1.59,10,10:46,13:46,0.51,0.0142,10,78,29,10,26,False,False,True,1.5,105,True,False
-0.11466417857801298,40.689655172413794,-17040.1148230245,128.40656199562684,145,10,20,27,4.3,1.93,5,10:10,13:30,0.43,0.0096,30,76,35,18,18,True,False,False,1.7,26,False,False
-0.14385440543659375,32.758620689655174,-8373.276878667803,58.39586582269046,58,9,21,30,4.21,0.71,9,09:58,14:20,0.55,0.0072,24,67,25,19,20,True,False,True,2.3,21,False,True
0.007706311543597354,44.11764705882353,2345.1762365594004,65.73378123103258,34,9,14,23,4.21,1.98,3,09:37,13:47,0.61,0.0099,22,72,23,15,18,False,False,False,2.6,30,True,True
-0.09611576367046712,30.18867924528302,-5119.143266684094,41.86472596005713,53,9,21,28,1.86,0.72,9,10:46,14:23,0.55,0.0089,14,80,31,20,19,True,True,True,1.4,115,False,True
0.15842033392275665,35.294117647058826,22839.599474726383,36.08173720970677,102,8,14,14,2.45,0.61,6,09:32,13:16,0.45,0.0147,27,65,34,11,26,True,True,True,1.6,104,True,False
0,0,0,0.0,0,8,20,23,3.86,1.04,5,10:50,13:14,0.49,0.0053,16,69,26,14,29,True,True,True,2.6,84,True,False
-0.3576054767583266,20.0,-5936.607834850734,33.70727558620992,15,9,21,20,2.16,0.94,2,10:26,14:04,0.45,0.009,14,79,26,11,27,False,False,True,1.9,119,True,True
-0.08903628727687493,53.333333333333336,-5450.088141033531,97.46397027397691,30,9,14,21,2.7,1.94,9,09:31,13:39,0.57,0.0079,30,70,22,12,29,False,False,False,2.8,68,True,False
-2.3279010702434713,0.0,-4576.269623810087,26.296683854187464,6,9,15,19,3.47,1.3,10,09:40,13:06,0.62,0.0075,17,77,29,15,30,False,False,False,2.3,17,True,True
0.23164190643358523,34.472934472934476,167603.50158066675,12.89303169978333,351,8,14,17,3.73,0.52,3,09:53,14:15,0.65,0.0068,11,78,29,14,18,False,False,True,2.0,57,False,False
-0.05630004731109274,41.66666666666667,-3170.41942511878,42.15279975847756,48,9,15,14,3.92,1.35,2,09:57,13:22,0.41,0.0132,17,76,27,15,30,False,True,False,1.5,102,False,False
-1.4474017133651946,0.0,-882.315330095862,12.642059603635536,2,9,21,11,3.05,0.73,3,09:18,13:26,0.59,0.0093,10,65,29,14,30,False,False,True,1.1,76,True,True
-0.21564509375957008,33.33333333333333,-11473.482175291017,70.93364915292013,21,9,21,16,1.92,1.65,9,09:41,14:00,0.61,0.0136,30,70,31,15,25,True,True,False,1.7,112,False,True
-0.016552256348421,45.16129032258064,-3508.080140937185,84.97016875475191,93,8,14,20,1.92,1.17,5,09:59,13:25,0.65,0.0148,16,73,25,10,27,False,True,False,1.7,53,True,False
0.6686064447666542,72.22222222222221,27776.01736593029,10.029992711559109,18,8,14,18,4.39,1.03,9,10:09,15:13,0.55,0.0103,20,71,30,17,22,True,False,False,3.0,115,True,False
0.08493449126261196,30.76923076923077,4747.3387740672515,38.841760991468604,26,9,21,27,3.38,0.58,5,10:39,14:20,0.57,0.006,10,65,25,11,26,False,False,False,1.9,118,False,False
0.06845953858224453,46.846846846846844,19078.332105176436,70.27601769745974,111,9,21,23,4.44,1.57,9,09:22,13:12,0.61,0.0123,23,66,27,17,21,False,True,False,2.2,98,False,False
0.11553077919174258,45.6953642384106,15689.546269583996,23.65673433143779,151,5,8,12,2.16,0.7,8,09:21,14:53,0.47,0.0124,21,67,35,16,25,False,True,True,2.1,20,True,True
0.00372420766322538,48.214285714285715,3905.9358823452385,86.79474111063985,112,9,21,29,3.28,1.88,9,10:09,14:07,0.46,0.0112,21,76,31,11,19,True,True,False,2.8,88,False,True
0.14648125706797116,55.10204081632652,12313.978970418113,31.145262648006273,49,9,14,17,3.6,1.4,7,09:57,13:47,0.49,0.0081,30,74,30,19,18,True,True,False,2.0,82,True,True
0.1775632853202159,43.333333333333336,8673.418457398959,32.78763541108968,30,9,14,23,4.13,0.88,2,09:39,13:55,0.6,0.0052,30,69,35,19,24,False,True,False,2.7,41,False,False
0.2825821907336096,63.63636363636363,5345.687006682012,29.184964939361507,11,9,14,19,1.91,1.89,6,10:43,14:01,0.64,0.0086,17,77,28,11,27,False,True,True,2.4,69,False,True
0.06320982729190854,47.82608695652174,3497.276022848364,39.785973810625364,23,9,21,15,4.7,1.69,7,10:36,14:39,0.54,0.0111,14,70,25,20,20,True,False,False,1.9,60,True,False
-0.018535739735307186,50.0,-1946.5632306825173,46.044090564169146,66,8,14,13,1.75,1.42,6,10:33,14:37,0.53,0.0063,27,76,29,13,27,False,True,False,1.7,53,False,False
0.01537960054852229,36.75213675213676,2597.948959016965,47.94514898659193,117,9,21,23,3.56,0.85,10,09:44,13:11,0.57,0.0119,19,72,22,20,18,False,True,False,2.8,64,True,False
0.04272739270140821,31.57894736842105,3188.4372899676055,32.55286869151725,57,9,15,19,4.84,0.84,6,10:23,15:03,0.41,0.0123,14,69,34,14,23,False,True,True,2.5,75,False,True
0.11998228755038054,20.0,1052.3221874404335,15.84814898799567,5,10,20,29,4.84,0.57,8,10:59,13:25,0.66,0.0054,17,73,32,18,25,False,True,True,2.0,61,True,True
-0.09239645993670575,29.166666666666668,-3528.611371907711,44.77426140712269,24,8,14,28,3.57,0.82,10,09:34,14:26,0.52,0.0129,21,75,23,12,30,False,True,False,1.6,42,False,True
-0.07421810245055686,51.85185185185185,-2462.6622952624784,46.30866971781435,27,10,20,20,3.12,1.42,3,10:16,13:22,0.68,0.0124,13,80,25,19,22,False,False,False,1.7,15,False,True
0.3943753971586044,60.0,3407.393328012051,7.46450960004556,5,9,21,17,1.94,1.67,10,09:27,14:37,0.42,0.007,25,69,24,20,27,True,True,False,2.6,81,True,True
-0.1404830286687386,33.33333333333333,-2733.3016241203404,46.63543795365629,15,8,20,11,4.45,1.93,2,10:29,13:32,0.41,0.0126,16,71,28,16,21,True,True,False,2.8,118,True,False
0.12813520169790343,47.05882352941176,6099.745360961151,30.867428603231645,34,10,20,18,2.47,0.98,8,09:33,14:45,0.65,0.0148,19,67,23,18,19,True,True,True,2.1,85,True,True
-2.05307119561343,0.0,-6806.5353438630755,35.55518546275773,5,8,20,26,4.37,1.31,8,09:28,14:20,0.54,0.0142,27,69,25,14,26,True,False,True,2.2,24,True,False
-0.4085824473924011,36.36363636363637,-3286.738291799131,19.994941458995655,11,8,20,12,4.66,1.45,7,09:50,13:22,0.44,0.0051,11,80,28,12,25,False,True,True,2.0,51,False,False
0.15495273235759133,31.970260223048324,76898.75957002118,44.16920741411251,269,5,8,18,4.29,0.67,5,10:35,14:27,0.55,0.0141,15,74,29,12,28,False,True,False,2.9,111,False,False
0.5921921342907744,50.0,1624.5537605934114,10.281352032564502,2,9,21,12,4.86,0.67,4,10:39,14:47,0.47,0.0058,25,79,33,20,29,True,False,True,1.1,88,False,True
0.07132541572128469,41.81818181818181,15676.743384653659,48.071014760256,110,9,14,29,4.54,1.29,2,09:31,13:52,0.41,0.0103,15,72,25,20,18,True,False,False,2.8,119,False,True
0.34912652210284334,55.55555555555556,21820.037602273405,26.109236727506502,27,8,20,26,2.85,1.25,7,10:55,13:22,0.63,0.0133,21,76,25,10,23,False,True,True,1.7,96,True,True
-0.21639711398421335,36.36363636363637,-3879.9753847132233,31.142639106876768,11,8,14,13,4.22,1.41,7,09:49,13:37,0.5,0.009,10,66,32,13,22,False,False,False,1.1,31,True,True
0.44761264723262106,75.0,2495.471017202777,14.399621210917084,4,9,15,29,1.58,1.48,6,09:16,14:38,0.55,0.011,30,74,31,11,28,False,True,True,2.2,98,True,True
-0.03278026203440562,45.45454545454545,-1058.9821723248533,50.38804401216927,22,8,20,24,4.3,1.19,8,10:46,14:03,0.67,0.0143,30,76,25,12,29,False,False,True,1.9,70,True,False
-0.7344646024082635,16.666666666666664,-2217.289246777171,15.205652818152165,6,10,20,22,3.36,0.67,1,10:18,14:24,0.42,0.0067,26,71,21,15,30,True,True,True,1.4,92,True,False
0.24549939760705342,50.877192982456144,21431.244611282033,31.965705406438143,57,9,14,29,2.83,1.03,6,10:07,13:48,0.42,0.0137,23,71,23,13,18,True,False,True,2.3,88,True,True
0.053394159124588045,45.3125,3304.5703818866386,21.92522487847524,64,9,21,24,3.3,0.59,2,10:05,14:13,0.66,0.0121,29,73,28,19,22,False,False,True,1.6,15,True,False
0.23582307105947134,56.60377358490566,15687.225929752829,21.357668025727268,53,5,8,12,4.99,1.43,10,10:37,14:45,0.53,0.0071,23,80,30,17,18,False,True,False,1.0,33,True,True
-0.34610341164577163,33.33333333333333,-17218.248578331888,95.57279056972068,24,9,14,14,3.24,1.73,5,09:19,13:12,0.62,0.0126,11,69,33,20,28,True,False,True,2.4,74,False,True
0.1440361111230187,41.17647058823529,2944.5410618058413,9.330592822541075,17,9,21,30,3.18,1.58,7,10:06,13:50,0.44,0.0055,11,80,23,16,25,True,True,False,2.0,52,False,False
0.017860527520180077,40.0,-137.82459992712393,12.505153144062083,5,10,20,13,3.26,1.32,5,10:49,14:01,0.58,0.0104,28,66,25,15,26,False,False,True,1.7,56,True,False
-0.06234957094938678,41.46341463414634,-2660.167796966576,42.36263533368583,41,9,15,25,3.49,1.21,1,10:30,13:53,0.66,0.0107,24,66,21,18,22,True,True,False,2.1,16,False,True
0.7972883554359838,66.66666666666666,5970.678819497731,9.059053722068905,6,9,14,18,3.13,1.42,7,10:10,13:15,0.44,0.01,24,80,35,20,21,False,False,True,2.3,18,True,True
0.13879817182816742,51.67785234899329,23503.10179434184,31.96337169248502,149,5,8,26,3.87,1.74,4,09:42,13:50,0.42,0.0055,11,79,23,13,22,True,False,True,1.4,26,False,False
0.08223998215330769,50.31055900621118,22192.92981305166,72.10343640762935,161,9,14,14,4.43,1.51,8,09:33,14:22,0.41,0.0138,13,70,21,19,22,True,False,False,2.9,81,False,False
0.1833241713773239,44.565217391304344,46515.387629776305,30.63512131047883,92,9,15,24,4.97,1.25,2,09:21,14:26,0.63,0.0121,16,69,33,12,26,True,False,False,2.3,106,True,False
0.21509798361242036,40.0,20074.29132564227,29.630553502956797,50,8,20,15,2.7,0.72,6,10:50,15:00,0.61,0.0113,12,78,32,20,21,True,False,True,1.6,116,False,True
0.12228893760737997,41.25,13280.212862793254,26.75536479693143,80,9,14,26,2.91,0.61,3,10:41,14:23,0.69,0.012,24,72,25,20,27,True,True,False,1.0,27,False,False
-0.02838973237476441,40.74074074074074,-7435.946677423764,126.32365287613108,243,10,20,20,3.31,1.08,3,11:00,14:57,0.6,0.0118,11,67,22,12,18,True,True,False,2.3,36,False,False
0.16499536633867137,44.44444444444444,1946.2854815664105,24.247405459913832,9,9,15,28,3.05,1.19,10,09:39,14:24,0.51,0.0145,27,72,28,16,25,True,True,True,2.2,33,True,True
-1.3500111142444382,0.0,-4521.564634839155,28.72663765724961,6,9,21,10,2.28,1.55,9,09:59,13:00,0.59,0.0102,24,75,29,19,30,True,True,True,1.5,31,True,True
0.680659518450258,71.42857142857143,6760.826437556156,13.753760439029012,7,9,14,17,3.81,1.15,6,10:26,13:15,0.45,0.0097,23,73,32,14,24,False,True,True,1.4,59,True,False
-0.03426492146499534,38.095238095238095,-2810.427290441312,62.15019357860855,21,9,14,13,2.93,1.88,8,09:24,14:06,0.62,0.0133,27,71,23,12,28,True,False,False,1.5,74,False,True
0.16013170677404626,41.40127388535032,44467.46072209554,44.91963028564926,157,5,8,28,2.48,0.83,10,10:06,13:28,0.61,0.0119,23,67,34,19,22,False,True,False,1.7,97,False,True
-0.35076960114676253,14.285714285714285,-2744.7350195146428,17.69476868234124,7,8,14,17,2.02,1.17,3,10:13,14:23,0.57,0.0116,23,78,31,18,30,True,True,True,2.6,25,True,True
0.31837392643551055,65.0,54224.22313765001,46.90889118766467,80,5,8,14,2.28,1.67,7,10:27,13:41,0.63,0.0087,10,71,21,20,20,False,False,False,2.0,66,True,True
0.3875173021802281,47.61904761904761,8755.051383602604,20.815477866252362,21,9,14,12,2.5,0.55,1,09:26,15:01,0.49,0.0138,20,69,21,12,26,False,False,True,2.0,72,True,True
0.13099010178583176,48.275862068965516,5686.622989430234,31.770782739678143,29,8,20,28,3.44,1.29,2,10:32,14:13,0.5,0.007,13,76,32,15,27,False,False,True,2.0,54,False,False
0.1925561391489586,41.07142857142857,16791.394882334404,15.810959308257196,56,8,20,23,2.98,0.74,8,10:19,13:51,0.58,0.0112,17,68,33,19,19,True,False,True,2.0,77,True,False
-0.10998929124673672,18.75,-2490.2208745565295,20.11540780693902,16,10,20,11,2.18,0.77,5,10:02,13:26,0.5,0.0071,17,79,24,15,25,False,True,True,2.7,58,False,True
0.9021580332135225,83.33333333333334,4612.8074999998535,9.676778687161992,6,8,20,21,4.23,1.92,7,10:46,14:45,0.41,0.0126,26,67,31,14,18,True,True,False,2.8,53,True,True
-10.480818030227669,0.0,-1123.115982043637,5.615579910218185,2,10,20,17,1.59,0.6,9,10:36,13:19,0.5,0.0057,17,70,33,17,30,True,True,False,2.7,58,False,True
0.06049615427828006,51.06382978723404,3410.090364377378,24.02751221583654,47,9,14,13,1.57,1.06,5,10:44,14:03,0.44,0.0071,15,66,24,15,29,True,False,False,2.5,61,False,False
-0.0447585641194889,37.93103448275862,-1833.1965533915172,41.831216726797926,58,9,14,20,2.89,0.62,10,10:29,13:20,0.57,0.0106,18,73,35,19,29,True,True,False,2.7,20,False,False
-0.11102064470584766,39.130434782608695,-5735.612182740944,57.399518489122144,23,10,20,29,2.91,1.41,2,10:40,14:19,0.65,0.0078,17,80,27,20,24,True,True,False,1.5,119,False,True
-0.349613614911326,28.57142857142857,-2128.10104864588,14.4357872962116,7,9,14,26,2.45,0.78,9,09:59,14:55,0.44,0.0143,25,78,31,19,28,True,True,False,2.9,46,True,True
0.08292658170964433,49.2063492063492,11843.291233031574,54.34133316337427,63,8,14,25,3.8,1.63,9,09:20,14:52,0.52,0.006,28,73,27,14,29,False,True,False,1.2,90,False,False
0.01891650925759982,43.75,261.82317697862163,30.82202297905775,16,10,20,18,2.23,0.73,5,10:29,13:14,0.64,0.0096,28,65,27,18,24,False,False,True,2.1,47,True,False
0.2931380402203918,44.44444444444444,8192.934541870745,17.765394081331777,9,9,15,24,3.51,1.32,10,10:02,13:26,0.57,0.0052,26,70,30,12,24,False,True,False,1.7,98,False,True
0.2559822971671177,54.44444444444444,40203.245015756,20.125400403067847,90,5,8,20,1.55,0.96,1,10:26,14:45,0.69,0.0144,16,68,29,18,28,False,False,False,1.1,75,False,True
-0.615861688864444,50.0,-1394.965901867341,9.524229509336584,2,8,20,24,3.7,0.99,3,09:37,13:25,0.48,0.0131,10,77,22,10,27,False,False,False,2.7,17,True,True
-3.141634695538909,0.0,-5846.223390391717,29.896539003735295,5,9,21,12,2.26,1.33,7,09:33,14:31,0.48,0.0052,25,69,25,19,26,False,False,False,2.9,65,False,True
0.1448183360442127,50.588235294117645,19543.768778014855,40.64117815964082,85,9,14,13,2.31,1.34,6,09:35,13:49,0.49,0.0149,15,70,25,13,18,False,True,True,2.8,84,True,False
-0.006555762188927019,45.83333333333333,769.8160507130342,32.554156246684094,24,8,20,28,4.02,1.71,2,10:36,14:04,0.46,0.0107,30,70,23,10,30,True,False,True,1.2,77,False,False
0.05154962577703874,40.0,2386.562313735554,30.010370515954865,20,10,20,14,3.81,0.76,7,10:51,13:18,0.44,0.0146,16,70,27,20,22,True,False,True,1.6,86,False,True
-0.08053022583929155,45.0,-4688.157245177443,79.6367567130187,40,9,21,12,2.8,1.66,2,09:16,14:12,0.46,0.0057,23,73,25,17,19,False,False,False,1.2,80,False,True
0.2292389879880395,48.30508474576271,34869.97655488969,15.503704132285149,118,9,14,21,3.62,0.65,9,10:03,13:05,0.41,0.0066,19,77,33,10,18,False,True,False,1.7,28,False,True
0,0,0,0.0,0,10,20,27,2.75,1.23,4,09:40,14:45,0.58,0.0074,22,68,34,15,28,False,True,True,1.5,47,True,True
-0.04446642195914088,44.827586206896555,-2091.5327873741408,49.13646960621398,29,9,14,27,3.69,1.36,8,10:54,15:12,0.57,0.0111,13,80,33,20,29,True,True,True,2.1,29,True,False
0.33383359546056507,46.666666666666664,14119.65145854665,16.600882532542187,30,9,15,13,4.07,1.13,2,10:29,14:50,0.42,0.0126,19,65,21,19,20,True,True,True,1.3,53,True,True
0.25362919361024827,43.47826086956522,53832.75852063751,20.398953630845494,138,5,8,27,4.43,0.88,5,10:07,14:54,0.4,0.0071,28,65,35,18,21,True,False,False,2.6,120,True,True
0.2261964849313417,44.44444444444444,3558.3127783770797,26.004213043288416,9,9,15,23,2.8,1.86,5,10:27,13:35,0.69,0.0106,25,79,31,20,25,False,False,False,2.8,28,True,True
0.014320921018064172,43.262411347517734,2798.942484597519,48.07323941030488,141,5,8,25,1.79,1.14,7,09:33,14:35,0.5,0.0093,26,74,26,18,29,False,True,True,1.9,23,False,True
0.17022038232307915,61.711711711711715,43298.59569130607,23.230174231972477,222,5,8,24,1.51,1.51,9,09:33,15:05,0.43,0.0111,20,74,25,10,26,False,True,False,1.2,58,True,False
0,0,0,0.0,0,9,21,21,3.77,0.77,4,10:10,13:31,0.64,0.0096,22,75,23,15,30,False,False,True,1.4,38,True,True
-11.836144505722253,0.0,-4894.823403356098,24.474117016780493,3,9,21,11,4.4,1.3,6,10:10,13:35,0.56,0.0051,25,75,20,16,25,False,False,False,1.8,117,False,True
0.1853955013318847,51.587301587301596,35973.132490714015,35.88594915097248,126,9,14,27,3.3,1.43,5,10:45,14:20,0.44,0.0084,19,71,28,10,22,True,True,False,2.1,64,True,False
0.10281076738680506,57.377049180327866,30621.475976039386,41.669059568743556,183,5,8,27,1.83,1.78,8,09:34,14:08,0.49,0.007,12,75,29,17,23,True,True,False,1.7,110,False,True
-0.003865895103413067,49.0,1853.6221460094748,89.138097143551,100,9,15,23,2.94,1.82,2,09:57,14:19,0.57,0.0147,25,68,34,13,20,True,True,False,2.5,46,True,True
0.18788962988178612,47.82608695652174,60172.12616849526,35.035239380053575,276,5,8,23,2.99,0.84,7,10:40,13:31,0.48,0.0071,27,71,22,17,26,False,True,False,1.0,38,False,False
-0.08255819222161916,40.0,-4041.7555312843015,36.66341371285051,25,5,8,13,3.3,1.62,8,09:30,14:18,0.58,0.0052,24,71,20,11,28,True,True,False,1.9,76,False,True
0.14340960774035036,42.49471458773784,72459.90415418704,34.34101660564435,473,5,8,27,1.6,0.62,4,09:19,14:08,0.52,0.0073,30,69,32,17,24,True,False,False,2.2,44,False,False
-0.06969297104330638,45.45454545454545,-1647.7581562060368,54.88303504457579,22,8,20,27,4.56,1.4,7,10:23,13:22,0.64,0.008,15,73,33,10,30,True,True,False,2.6,103,False,False
0.18485631919414477,45.05494505494506,20448.99369260126,24.01096682348274,91,8,14,11,2.46,0.81,10,10:51,13:58,0.48,0.0075,28,71,22,19,26,False,False,True,1.3,96,False,False
0.0353948242467745,52.0,2160.528279673661,27.156377272694076,25,9,14,16,1.83,1.53,8,10:22,14:22,0.47,0.0131,14,74,30,10,26,True,True,False,1.6,100,True,False
0.036038197226254585,40.49586776859504,7107.3387310043545,53.81400281105563,121,8,14,30,3.81,0.83,9,10:40,13:59,0.61,0.0108,13,79,29,14,18,False,False,False,2.9,36,False,True
0.1297850129581413,48.80239520958084,61391.48377465189,75.83448471940702,334,5,8,13,4.16,1.33,8,10:38,13:13,0.48,0.0071,24,74,31,15,22,True,True,True,2.0,40,False,False
-0.03635879530517315,41.66666666666667,-977.2669081063577,21.356505808977765,12,9,14,22,2.77,0.85,9,10:41,15:13,0.45,0.013,11,69,30,10,27,False,True,True,2.4,116,True,True
0.14040282715964578,42.71844660194174,80359.93844313186,24.479268156175593,412,8,14,22,2.57,0.87,4,09:30,15:14,0.45,0.0093,24,75,26,14,18,True,False,False,2.4,86,False,False
0.0374486044042351,36.36363636363637,10912.085290370454,91.77062649791748,88,10,20,21,3.07,0.97,2,10:10,13:47,0.53,0.0107,21,73,30,12,18,True,False,False,2.8,117,False,True
-0.03836147149860822,31.521739130434785,-3028.1236307076615,65.49387020416154,92,8,20,28,2.22,0.64,3,10:00,14:33,0.47,0.0079,11,73,21,18,24,True,True,False,1.9,111,False,False
0.11032834633180652,54.57317073170732,66707.31681149668,38.00985806458638,328,5,8,30,2.36,1.99,10,10:14,14:50,0.49,0.0148,17,68,34,15,26,True,True,False,2.1,119,False,False
0.4011336530789873,60.86956521739131,20662.09733820566,17.98379072859374,23,5,8,28,3.25,1.99,6,09:56,13:52,0.6,0.0125,26,70,32,12,23,True,True,True,1.1,103,True,True
-0.786936154705418,20.0,-1166.0627094552292,9.58745322312206,5,9,15,20,4.67,0.54,6,10:44,14:09,0.46,0.0099,16,65,22,10,29,True,False,True,1.7,28,False,True
0.1514020698426489,37.735849056603776,28089.72013576576,50.86454433590865,159,8,14,14,2.67,0.6,6,09:22,13:19,0.42,0.0125,17,75,27,13,23,True,False,False,1.2,47,False,False
-1.247815836905634,0.0,-418.85241474000213,5.153104180058591,2,9,21,25,4.77,0.66,1,09:24,13:35,0.43,0.0051,30,66,34,14,30,True,False,True,1.1,54,True,False
-0.11325657395581107,50.0,-5675.579701906083,71.31297366344683,34,8,20,11,4.93,1.5,4,09:39,13:30,0.56,0.0085,26,74,21,18,28,True,True,True,1.9,79,False,False
0.30741419925517,55.55555555555556,10873.334058278353,15.029805752106201,18,10,20,18,3.44,1.85,7,10:58,13:17,0.67,0.0137,14,68,22,11,27,False,False,False,1.1,26,True,False
0.7238237450931171,73.33333333333333,26038.63933163588,19.381834454008448,15,10,20,27,3.55,1.73,1,09:28,14:11,0.49,0.0118,14,77,33,11,26,True,True,True,1.9,107,True,False
0.10557485424318815,38.35616438356164,18672.944729580195,44.69174126733001,73,10,20,27,4.53,1.11,3,10:09,14:12,0.57,0.013,29,69,23,11,24,True,False,True,1.3,80,True,False
0.17854078416815763,41.041162227602904,163049.46562721074,15.115439397190721,826,5,8,24,2.29,0.64,4,09:28,13:19,0.43,0.0101,22,74,34,12,18,False,False,True,1.7,49,False,False
0.10415160937906501,47.5,6516.987927541144,32.998531587136256,40,9,15,30,2.24,1.77,10,09:15,14:35,0.65,0.0112,25,80,25,15,28,True,True,False,2.7,19,True,True
0.04157661697650411,42.22222222222222,4219.604582889315,39.00124136494392,45,8,20,28,4.2,1.3,6,10:58,13:43,0.54,0.0071,23,80,22,16,23,True,False,False,1.5,104,False,False
-0.11456353946732539,35.16483516483517,-9489.137806833136,70.80947012955244,91,9,15,16,4.03,0.61,2,09:50,13:06,0.57,0.0072,13,80,31,17,24,True,False,True,1.1,16,False,False
0.3907486729643947,63.52941176470588,66434.98284632257,23.437324487341556,85,5,8,30,3.67,1.28,6,10:29,14:24,0.58,0.0094,10,74,21,15,25,True,True,False,1.0,78,True,False
-0.008572469407729207,44.827586206896555,634.5024138877961,34.62109978452968,29,10,20,12,3.1,1.59,1,10:57,13:52,0.42,0.0075,28,70,33,18,21,False,True,True,1.9,51,False,True
0.2159180334035953,51.515151515151516,8706.318899146288,23.5172181772796,33,8,14,30,2.36,1.01,9,10:54,14:21,0.48,0.0111,11,80,31,17,22,True,True,False,1.1,41,True,True
0.13173100579341135,57.14285714285714,1627.5685527113455,17.873276317903304,7,9,21,21,2.27,1.65,8,09:50,14:23,0.59,0.008,15,69,35,15,27,False,True,True,2.0,36,True,True
-0.22768496199580393,25.0,-2180.7384333795308,32.41605237226106,4,9,21,28,4.89,1.9,4,10:02,14:45,0.69,0.0087,26,76,28,12,19,True,False,False,1.8,104,True,True
-0.015359229053981144,38.88888888888889,-142.45400168406195,28.433536081748993,18,9,14,15,1.6,1.28,9,10:34,13:50,0.68,0.0125,29,77,35,19,19,False,True,True,2.2,40,True,True
0.008898774980887526,36.36363636363637,216.73622629751844,32.77088409511341,55,8,20,20,2.74,0.82,4,10:26,14:54,0.58,0.0081,12,80,34,11,26,False,True,True,1.4,103,True,False
0.24016800508768932,41.66666666666667,3208.081418057769,21.445194682750923,12,9,15,24,4.29,1.6,5,10:32,13:18,0.43,0.0057,23,77,28,20,18,False,False,False,2.8,52,True,False
-0.15594582319138284,28.57142857142857,-1307.8093289041935,16.86092939202316,7,9,21,22,3.73,1.53,10,09:17,14:21,0.59,0.0137,15,66,31,15,24,True,True,True,1.2,95,True,True
0.14495507301548602,38.372093023255815,33423.80615779448,48.588278336921256,86,9,21,25,4.22,1.23,4,09:26,14:11,0.68,0.0131,21,67,21,11,22,True,True,True,1.0,118,False,True
-6.881383553263333,0.0,-2335.651560652783,13.620268521301021,3,9,15,15,3.75,0.69,2,11:00,14:22,0.58,0.0057,10,78,33,15,28,True,False,True,1.7,108,True,False
-0.0019075963317974126,41.44144144144144,1070.9194107904186,117.4782847988816,111,8,20,18,3.25,1.95,5,09:21,14:08,0.52,0.0095,13,72,28,12,25,False,False,True,1.7,55,False,False
-0.0208732039713172,53.278688524590166,-4633.702189296453,64.39442943771905,122,9,15,27,2.1,1.51,10,10:10,14:01,0.53,0.0076,30,72,21,14,22,True,False,True,2.8,83,False,False
0.22806327598602105,66.66666666666666,5783.992289379727,42.736163723740724,12,10,20,10,2.91,1.96,8,09:40,14:55,0.48,0.0056,14,70,27,15,30,True,False,True,2.9,77,False,False
0.0751645145774827,52.17391304347826,4975.182103708161,31.31405126376595,46,8,14,15,1.84,1.98,10,10:26,13:15,0.56,0.0087,14,72,35,14,22,True,True,False,1.7,50,True,True
0,0.0,-2593.454619234064,12.96727309617032,1,9,21,10,1.71,1.75,1,09:40,13:45,0.59,0.0104,17,66,28,16,27,True,False,True,2.7,104,True,True
-0.34948405646673536,37.5,-4287.317170676091,37.4293972711214,8,10,20,23,2.99,1.11,3,09:41,14:23,0.65,0.0064,12,68,35,17,29,True,False,True,1.5,59,False,False
0.10280139356789232,43.18181818181818,16551.33369063669,38.074445999092745,88,5,8,27,2.78,0.98,1,09:57,14:07,0.69,0.0055,16,75,30,20,24,False,False,True,1.4,78,False,False
0.3975275112829177,60.0,2482.851780126817,8.14528525389281,5,8,20,17,3.28,0.67,6,10:03,14:30,0.41,0.0087,28,76,23,11,22,True,False,True,2.5,101,True,True
0.1415354750292269,50.0,9252.059132797298,25.200454286509572,32,10,20,28,1.74,1.2,7,10:59,15:10,0.61,0.0132,29,69,25,13,23,False,False,True,1.3,93,True,False
0.007161403923993758,39.285714285714285,718.4179150461132,26.19979386895607,28,9,21,21,1.55,1.94,3,10:10,14:20,0.41,0.0091,13,77,27,10,21,True,False,True,1.1,33,True,True
-0.1170350875994116,50.0,-1805.4752834488863,40.422803357817585,12,10,20,11,4.52,1.19,3,10:45,13:21,0.53,0.0073,20,65,25,13,28,False,True,False,2.6,116,False,False
0.05376931931144836,52.63157894736842,10018.978818291547,58.80196013512419,76,9,14,28,3.73,1.84,9,09:45,14:24,0.52,0.0116,17,75,23,11,28,False,True,False,1.3,109,False,False
0.07068139389408686,51.06382978723404,23969.647498681297,57.10513481141232,188,5,8,12,1.81,1.78,5,10:23,14:27,0.56,0.0074,18,65,32,15,21,False,True,True,2.3,119,False,True
0.3305634082694966,53.333333333333336,8861.50167548297,23.003772677149563,15,8,14,19,2.43,1.05,3,10:26,13:53,0.67,0.0064,24,77,24,14,24,False,False,True,1.0,99,True,True
-0.2008813115527108,27.27272727272727,-10125.664440075467,72.56937196884957,22,8,20,23,3.53,0.92,2,09:19,13:23,0.68,0.0099,22,69,20,13,30,False,True,False,2.5,62,True,False
-0.5625399834236315,33.33333333333333,-2031.555693101869,18.143345339264382,3,9,21,23,4.12,1.71,2,10:42,14:48,0.57,0.0091,20,72,30,17,30,False,False,True,1.4,116,True,True
0.27524528622752703,63.63636363636363,6406.372634546933,24.925142277451855,11,8,20,23,2.25,1.68,1,09:17,13:03,0.56,0.0105,20,75,27,19,21,False,True,False,1.8,115,True,True
-0.01919641376675154,47.5,-379.9660973812097,111.20458062795852,80,8,20,21,2.56,1.9,2,10:25,14:35,0.68,0.0117,18,76,30,17,18,True,False,True,2.0,48,True,True
-0.13260561989493852,23.076923076923077,-3601.7386336923555,39.9811974534141,26,10,20,13,4.11,0.66,2,10:26,13:19,0.48,0.0085,16,78,22,11,24,False,False,True,1.5,37,False,True
0.11451688437651429,37.83783783783784,19037.872752581672,23.726318160768617,111,9,15,24,4.49,0.67,2,10:37,13:04,0.56,0.0124,23,74,29,17,20,True,True,True,1.9,49,False,False
-0.0826579742272034,30.76923076923077,-1600.0950000001721,24.612273647662775,13,9,21,14,4.2,2.0,8,10:14,14:06,0.49,0.0125,20,67,20,18,27,True,False,False,2.5,22,False,True
-0.06950080904779316,46.15384615384615,-7971.379050903792,74.35844521287568,65,9,15,20,4.82,1.54,1,09:32,14:54,0.5,0.0106,30,69,23,17,29,False,False,True,1.8,87,False,False
0.2262027960377646,30.519480519480517,49354.72622505315,17.553235485143787,154,5,8,15,4.53,0.52,8,10:53,14:28,0.43,0.0135,16,76,25,16,22,False,True,True,3.0,99,True,True
0.7229476193543651,60.0,13746.119431997693,6.787913019281873,5,9,15,18,4.42,1.43,8,09:27,13:57,0.51,0.0051,22,67,24,10,22,False,False,True,1.4,115,True,True
0.17441607252089933,56.84210526315789,44620.54993216387,91.44263221446974,95,9,15,11,1.99,1.86,2,09:15,13:25,0.66,0.0061,23,78,35,11,18,True,False,False,1.5,87,False,True
-0.016055819137486285,43.14720812182741,-1350.2065419573082,104.544727732765,197,10,20,22,3.13,1.79,9,10:07,13:16,0.43,0.0084,24,73,30,10,18,False,True,False,1.8,67,False,False
0.13362798938030873,41.46341463414634,13082.170935457587,21.560153314441045,82,8,14,25,3.33,0.65,7,09:52,13:50,0.44,0.0128,15,78,29,19,29,False,False,True,1.6,83,False,False
0.02134511249124155,34.57943925233645,2269.0223084978206,38.26019313094381,107,9,15,20,3.1,0.53,9,10:41,14:41,0.47,0.0118,12,75,27,18,25,False,True,True,2.8,25,False,False
-0.46142021204782724,25.0,-6744.966654017815,43.60154281565691,12,10,20,26,2.42,0.98,1,09:56,14:48,0.56,0.0057,12,71,26,12,28,True,True,False,1.3,24,False,False
0,0.0,-1653.095737542215,9.838182539894982,1,9,14,12,3.65,1.66,6,10:22,15:06,0.45,0.0123,18,73,27,20,30,False,False,False,2.4,108,True,True
0.6474995176399063,60.0,21962.24543677445,10.085605312418524,10,8,20,13,4.88,1.46,10,10:00,13:11,0.62,0.0059,29,79,33,17,18,False,False,True,1.1,31,True,True
-0.036899333015758685,47.5,-2637.03342684967,33.847305314594045,40,10,20,24,2.78,1.79,3,09:26,13:21,0.51,0.0132,18,80,22,16,22,False,True,True,1.5,45,False,True
-3.898335966133426,0.0,-1198.294786992934,9.083652556937682,2,5,8,10,4.47,0.51,5,10:37,13:31,0.65,0.005,13,66,26,19,22,False,False,False,2.1,111,True,True
0.35330964064332626,47.69230769230769,41320.52090193189,18.216759838239057,65,8,14,25,3.12,0.86,8,10:08,15:12,0.49,0.0094,24,68,23,11,20,True,True,True,2.9,111,True,True
-0.281926092038249,17.857142857142858,-9298.162650621929,56.11721373862151,28,10,20,17,1.86,0.94,4,09:28,14:41,0.45,0.0145,10,67,32,19,25,True,True,False,3.0,86,False,True
0.46046738285653627,62.5,13124.669995176817,18.732547951652478,16,8,14,10,3.05,0.98,6,09:48,14:57,0.51,0.0141,21,78,25,15,18,False,False,False,2.7,105,True,True
0.26969340096946437,57.14285714285714,4398.202182936988,21.693858114633578,7,9,15,13,3.45,1.57,8,10:22,13:17,0.66,0.0083,20,74,34,18,28,True,False,False,1.1,66,True,True
0.04559769074437596,45.45454545454545,2478.292174613758,21.562780905784457,11,9,14,28,2.55,0.97,5,10:12,13:56,0.69,0.0149,30,78,31,10,26,True,False,False,1.8,84,True,True
-0.14355555354810093,42.10526315789473,-5259.072491286481,41.644292968726845,19,9,21,23,3.8,1.61,10,09:50,13:04,0.61,0.013,11,72,24,16,24,False,True,False,2.5,40,True,True
-0.1252717544839191,48.888888888888886,-9282.160872482622,61.065245346524875,45,9,14,29,1.83,1.7,8,10:24,14:31,0.65,0.0065,27,66,28,17,22,True,False,False,2.0,24,False,True
0.17796238348357257,40.0,3561.90777161621,14.786777717375696,10,8,14,25,4.14,0.91,10,10:47,13:03,0.67,0.0127,28,76,32,11,18,True,False,False,1.2,17,True,True
0.07381588845955549,50.0,1600.2331494815662,35.439601350470845,20,9,15,26,1.86,1.38,10,10:35,15:01,0.59,0.0059,18,73,32,18,25,False,False,False,2.7,88,False,True
-1.1448326494323178,16.666666666666664,-6312.915000000061,39.2479892764737,6,9,14,25,3.43,1.88,10,09:58,13:31,0.63,0.0066,30,74,23,12,28,False,False,False,2.0,33,True,True
-0.017954861015011914,42.2680412371134,-2005.718749622567,55.28706042757946,97,5,8,19,1.67,0.82,1,09:51,14:28,0.66,0.013,19,65,24,16,29,False,True,False,1.4,35,False,True
-0.04177544973050546,48.275862068965516,-3164.0735506079254,59.90789016934711,58,9,14,23,1.56,1.66,9,09:23,14:12,0.47,0.0129,29,66,28,18,30,False,True,False,1.1,78,False,False
0.20008942218868261,46.875,23797.543714634456,34.861725154010834,64,8,20,24,2.75,1.06,2,10:36,15:02,0.6,0.0121,13,80,22,10,23,True,False,True,1.1,85,False,True
-0.1640241661209152,31.57894736842105,-3057.517559667078,36.54682942892239,19,8,14,11,4.43,1.97,10,11:00,13:14,0.52,0.0146,28,71,24,17,27,False,True,False,1.5,22,True,True
0.22731423331088554,42.857142857142854,3457.7836404229492,21.12301724948188,14,9,15,25,3.05,0.73,10,09:27,14:57,0.48,0.0092,14,80,26,19,27,False,False,False,1.9,101,True,False
0.08960354525573871,52.26130653266332,22705.135397968086,33.24367523711314,199,5,8,23,1.5,1.39,2,09:46,14:38,0.54,0.0098,20,65,22,11,25,False,False,False,1.9,50,True,True
-0.09087424366256833,33.33333333333333,-2163.739314983628,36.157514461260355,9,8,20,20,3.26,1.86,5,09:24,15:03,0.55,0.0134,28,72,29,16,30,True,False,False,1.6,49,False,True
-0.32058571816112824,33.33333333333333,-2415.350000000166,18.829585992770063,6,9,14,20,4.29,1.99,2,10:58,13:01,0.67,0.0088,15,73,28,10,25,False,False,False,2.4,23,True,True
-0.08139865682532366,38.732394366197184,-16269.677975501283,122.46149739058878,142,9,15,28,4.24,1.74,2,09:46,14:45,0.5,0.0114,12,68,34,17,23,False,True,True,1.2,36,False,False
-0.15821282258171854,37.5,-1932.966768450824,27.144848564129642,8,8,20,21,3.77,0.9,5,09:57,13:19,0.42,0.0089,29,68,30,17,30,False,False,False,2.0,81,True,False
-0.28963414007787963,45.45454545454545,-5628.777649476469,47.783085580384004,11,9,21,14,1.79,1.53,8,09:31,13:27,0.61,0.0078,29,78,32,13,29,False,True,False,1.3,78,False,True
0.10362097765533172,48.08510638297872,38916.02642515421,28.323434864809194,235,9,14,26,3.3,1.61,6,10:23,14:17,0.54,0.007,25,75,29,19,18,False,True,True,2.4,34,False,False
0.3799654213658055,64.28571428571429,28672.74439135201,17.9459178611033,42,8,14,29,2.98,1.44,7,10:41,14:43,0.55,0.0132,17,80,30,14,25,False,True,False,2.5,95,False,True
0.143234231416354,54.166666666666664,19121.124318711518,85.8710539972616,48,9,21,25,4.94,1.74,1,09:21,14:09,0.54,0.0056,27,78,32,12,18,True,False,False,1.8,74,False,True
0.13521853114496268,50.0,760.4194815699957,9.126193799589592,6,10,20,25,1.61,0.82,5,09:59,14:26,0.4,0.0121,18,69,23,10,18,True,False,True,2.0,78,True,True
0.07067376431868633,46.55172413793103,10547.621439525577,60.49867392637949,58,9,14,13,4.65,1.79,8,09:35,13:24,0.59,0.0069,13,67,35,11,24,True,True,True,2.0,26,False,True
0.179151371654098,55.55555555555556,8565.454521980322,21.715597151729852,27,10,20,16,1.96,1.88,10,10:42,14:15,0.57,0.0131,12,65,32,10,24,False,True,True,1.2,81,True,True
0.017230750724011493,45.65217391304348,1772.3439788741562,30.11861551892722,46,9,21,28,3.26,1.5,10,10:08,13:28,0.59,0.0086,30,75,31,17,21,False,True,True,1.3,77,False,True
0.7541839493518453,72.72727272727273,25013.729912629475,10.943830976624227,11,8,14,21,4.07,1.31,10,10:42,14:23,0.7,0.0083,24,74,25,20,19,False,False,True,2.2,113,True,True
0.13815759011474654,51.68539325842697,78028.48583967515,55.510784234343234,267,5,8,22,3.65,1.76,3,09:44,13:18,0.45,0.0146,12,73,25,12,19,False,False,False,2.7,116,False,True
0.2042116660529239,50.0,10907.320613003521,22.817425416100086,34,5,8,21,3.52,1.45,6,09:23,15:02,0.57,0.0104,30,77,25,14,25,False,False,False,1.5,16,True,True
0.0908887841825399,41.25,12905.578948435235,41.37384764727938,80,8,14,25,2.99,1.1,8,10:32,13:35,0.59,0.0071,20,72,35,19,19,True,True,True,1.9,115,False,True
0,0,0,0.0,0,9,21,11,4.97,1.91,3,10:10,13:34,0.43,0.0105,11,65,26,20,24,True,False,False,2.7,19,True,True
0.37902329566186577,61.111111111111114,13054.409350680486,18.147160920314683,18,5,8,11,3.93,1.45,2,10:25,14:23,0.41,0.0128,29,80,23,16,24,False,False,False,2.8,68,True,True
0.4970650164409531,63.63636363636363,61339.32921490482,15.407761724552282,44,5,8,25,3.87,1.21,4,10:01,14:59,0.66,0.0141,29,67,31,16,18,False,False,True,1.2,118,True,True
0.027978090507817,40.0,1647.4913665702734,27.890566247631753,25,9,15,29,4.84,1.6,8,10:14,13:31,0.69,0.013,13,74,20,20,28,False,True,True,1.0,39,False,True
0.0584496937159643,29.545454545454547,6191.985310099986,30.424899705033106,88,8,14,24,2.64,0.66,7,10:54,13:07,0.43,0.0099,11,68,26,13,24,False,True,False,2.7,114,False,False
0.2579909806481154,51.58227848101266,190922.08049179023,32.09278010931042,316,5,8,30,4.89,1.49,6,10:04,14:25,0.67,0.0116,29,70,25,13,25,True,True,True,1.2,87,True,False
1.6218921532050112,100.0,4582.564541492917,7.667916611354886,4,8,14,19,1.75,0.9,1,10:37,13:09,0.48,0.0067,28,65,32,17,25,True,True,True,1.6,97,True,True
0.14515469636496406,42.10526315789473,8628.357495933808,30.019566334040977,38,8,14,13,4.72,1.84,6,09:15,14:48,0.52,0.0069,24,72,26,13,28,True,False,True,1.2,97,False,True
0.1547717268711136,47.333333333333336,168560.9932987758,45.3237070121126,600,5,8,19,3.96,0.93,4,09:48,14:04,0.64,0.0132,11,70,27,18,19,True,False,True,2.5,45,False,False
-0.017706660804691604,30.069930069930066,289.18046743825107,121.90139329646061,143,8,20,14,3.03,0.77,10,09:41,13:32,0.48,0.0075,12,73,24,15,20,True,False,False,3.0,106,False,False
-0.2873942851241103,20.0,-1887.0250081914528,22.447984816651196,5,10,20,14,3.45,0.91,10,10:50,13:29,0.62,0.0052,27,75,35,10,21,True,True,False,1.0,115,True,True
0.038080713710529436,47.14285714285714,2112.020240514801,21.28702420714117,70,9,15,17,1.99,1.06,8,10:08,14:24,0.4,0.0101,17,76,25,19,21,True,True,True,2.3,38,False,True
0.32327677765936136,60.0,1866.747633129573,13.82927359257993,5,9,15,25,4.92,1.38,3,10:10,14:34,0.42,0.0075,11,70,30,13,26,False,True,False,1.1,26,True,True
1.5256200071233248,100.0,4134.678602832137,13.839516060716164,3,8,20,30,2.01,1.27,2,10:06,14:27,0.56,0.0067,30,78,20,11,26,False,True,False,1.0,49,True,True
0.35600511770323545,33.33333333333333,4462.91476761911,13.887355827764505,6,8,14,20,4.23,0.85,4,10:38,14:52,0.65,0.0082,28,76,33,13,29,True,False,True,2.5,21,True,True
0.12817686866803032,49.48875255623722,130904.05334685266,73.12851539286616,489,5,8,14,3.58,1.39,2,09:33,15:14,0.62,0.0091,16,68,25,18,24,True,True,True,2.8,53,False,False
0.17948663806601894,51.42857142857142,31071.10503392788,33.222227609286264,70,8,14,27,3.54,1.25,9,10:22,13:14,0.64,0.0116,29,67,31,10,25,True,False,False,1.7,98,False,False
0.40068532733831713,50.0,18878.86528144106,16.24578805894005,12,9,21,21,4.19,0.97,7,09:22,13:12,0.55,0.0062,11,78,34,11,25,True,False,True,2.6,56,True,False
-0.30139055343273813,20.0,-2431.7008321384055,23.05744156488888,5,9,21,28,4.87,1.23,9,10:36,15:02,0.53,0.0128,16,77,30,12,22,False,True,False,2.8,112,True,False
0.31079002818825907,41.66666666666667,11205.40551528726,26.859072056306044,12,9,14,18,4.05,1.39,3,10:19,13:29,0.61,0.0055,17,67,34,18,24,True,False,True,1.9,94,False,True
0.009988364749239953,31.914893617021278,7083.835344997078,100.87476149022172,188,9,15,29,2.85,0.72,4,09:43,13:16,0.64,0.0136,27,77,31,13,20,True,True,False,1.4,79,False,False
0.26496249678110645,57.14285714285714,2664.8092282723883,22.023236854380627,7,9,21,30,4.11,0.83,7,10:57,14:49,0.58,0.0128,12,73,31,16,28,False,True,False,1.5,70,True,False
-0.0025822224415638913,50.39370078740157,722.3790303278874,89.38690125836193,127,8,14,29,3.13,1.98,1,09:36,13:49,0.59,0.0066,15,67,29,18,22,True,False,True,3.0,56,False,False
-0.06371816561826268,51.11111111111111,-3743.9883292646064,68.24001363662626,45,9,14,19,2.81,1.47,5,09:15,13:29,0.44,0.0144,11,65,28,19,30,False,True,False,1.2,104,True,False
0.02983972484135607,43.0,7492.386184122253,115.11382681689344,100,8,14,13,4.84,1.03,10,09:25,15:07,0.67,0.0057,21,69,34,11,19,False,False,False,1.4,44,True,True
0.11817357512994714,52.17391304347826,8508.990260906936,48.808252981856256,23,10,20,13,2.73,1.67,4,10:41,13:16,0.69,0.008,27,75,22,20,22,False,True,True,1.6,110,False,True
0.7439227414593292,81.25,18146.06139345865,11.022084501699851,16,10,20,28,2.43,1.53,1,09:30,15:00,0.63,0.0106,21,71,20,16,19,False,False,False,2.2,39,True,True
0.19252280551956455,52.38095238095239,6260.268572578214,27.555736313056922,21,8,14,17,4.08,1.19,6,09:48,13:58,0.52,0.007,20,70,20,17,20,True,False,False,2.9,74,True,True
-0.08976913304693217,32.55813953488372,-4911.795351708843,73.17498307141267,43,10,20,15,2.11,0.93,6,10:12,14:45,0.66,0.0096,29,73,31,15,22,True,False,True,2.9,78,False,True
0.17368666897955676,66.66666666666666,3037.6500000000633,16.67195205966337,12,8,14,11,4.32,1.7,5,10:43,14:29,0.55,0.0063,28,77,32,11,19,False,False,True,2.7,15,True,True
0.15060737864259136,44.44444444444444,1855.314372109613,29.837803601941044,9,9,15,27,3.95,0.72,3,09:49,13:47,0.65,0.0106,14,70,35,14,30,True,False,False,2.5,117,True,False
0.10101033247897401,51.02040816326531,11456.753130245776,40.13072044130923,49,8,14,24,3.62,1.9,3,10:04,14:32,0.69,0.013,15,79,30,20,26,False,False,True,1.8,88,False,True
-3.3745360506403346,0.0,-3962.01815017391,27.834867885466423,5,10,20,17,4.06,0.59,6,09:46,14:45,0.64,0.006,15,67,33,14,30,False,False,False,2.5,107,True,True
-0.059360969896839685,56.81818181818182,-3957.9172313916697,99.00631873865701,44,8,20,30,4.87,1.79,6,09:59,14:10,0.65,0.0114,10,74,20,18,27,True,True,False,2.1,90,True,False
0.29785301978588075,40.0,8244.64752529842,16.1918923880454,10,8,20,16,4.25,0.99,6,09:35,14:09,0.59,0.0066,20,69,31,16,20,True,False,True,2.0,23,True,True
0.0054491252018967545,27.34375,2273.4321321717907,65.42625012778161,128,8,20,19,4.34,0.62,1,10:25,13:32,0.5,0.008,11,73,28,17,19,True,True,False,2.3,88,False,False
0.11930763745950787,38.064516129032256,39354.98493172489,53.949681019752994,155,9,14,16,4.21,0.89,8,10:03,14:33,0.54,0.0072,16,70,30,13,18,True,True,False,2.7,88,False,True
0.6685325083644104,66.66666666666666,3821.2079699673923,11.443925541490596,3,10,20,11,1.85,1.87,3,09:33,15:09,0.59,0.0079,16,75,34,13,26,False,False,True,1.6,82,True,False
0.044151296983367484,55.223880597014926,3935.9725431719744,32.680586458792874,67,8,20,19,1.54,0.93,2,10:50,13:56,0.45,0.0096,24,75,28,18,22,True,False,True,2.3,47,False,False
-0.004753709814025001,52.54237288135594,-758.000427467312,48.42725323629455,118,8,20,14,2.04,1.91,4,09:41,14:32,0.4,0.0078,10,66,24,15,18,False,True,False,2.9,24,False,True
0.12991488548408908,46.788990825688074,83503.59916349952,105.99569793863715,218,9,14,14,4.53,1.99,1,10:20,14:24,0.69,0.0145,19,67,34,10,21,False,True,False,1.0,60,False,False
0.2311939532721225,51.61290322580645,8681.349895236213,20.11755054970058,31,9,14,10,4.81,1.31,2,10:59,14:58,0.44,0.0078,11,68,26,10,27,False,False,False,1.7,31,False,True
-0.08323370656688868,20.0,-1244.9665662495718,46.04596086710482,20,8,14,17,4.4,0.52,1,10:39,13:23,0.55,0.0085,19,65,20,17,29,False,False,False,1.8,71,False,True
0.02509519773662608,33.33333333333333,378.9829227570481,22.872869115558533,18,9,21,29,3.45,0.52,7,10:51,14:51,0.6,0.0125,28,78,30,18,25,False,False,False,2.4,61,True,False
0.11587694241844744,53.84615384615385,4367.633267263918,22.196352441298206,26,9,14,10,2.25,1.43,5,10:47,15:01,0.58,0.0071,25,66,35,18,30,True,True,True,2.5,41,True,False
0.06591366129964185,52.17391304347826,37491.98917864962,77.6164195350931,345,5,8,18,2.0,1.85,4,09:22,14:58,0.44,0.0119,15,76,30,15,28,False,True,True,2.7,106,False,False
0.13030688714050614,50.98039215686274,33226.9566549646,34.15857181362819,153,8,14,29,4.18,1.34,7,09:24,13:09,0.51,0.0136,13,72,22,13,18,False,True,True,2.2,23,False,True
0.09346016533445764,41.37931034482759,13774.65365515653,56.81068845370676,58,9,14,23,3.9,1.52,7,10:26,14:39,0.64,0.0145,16,65,29,16,22,False,True,False,1.8,107,False,True
0.30192017887458955,50.90909090909091,52063.451205319565,16.812277865629103,110,5,8,12,2.42,0.65,3,09:42,14:42,0.62,0.0137,20,70,29,18,25,False,False,True,2.6,42,True,False
-0.2019192732654173,35.84905660377358,-17053.876331407184,114.78726237870622,53,9,15,14,2.37,1.71,2,10:39,14:51,0.68,0.0125,10,65,20,14,28,True,False,False,1.3,34,False,False
0.11721866266424373,42.9042904290429,58188.76503643721,39.031160588466236,303,5,8,15,2.05,0.96,9,09:40,14:17,0.55,0.0112,17,71,28,18,18,True,True,False,1.3,113,True,True
0.1215835431537059,42.10526315789473,23600.336403898276,52.71441482662902,95,8,14,27,3.47,1.48,8,10:04,14:34,0.57,0.0062,10,70,34,15,19,False,True,True,1.4,116,True,False
0.14182048568106004,50.0,12336.932117883232,26.583694555741644,74,5,8,25,4.32,1.48,7,10:14,13:38,0.47,0.0053,10,76,26,11,25,True,False,False,2.4,40,False,False
0.241324736429357,53.333333333333336,19973.780900963407,35.960847943935036,30,8,14,19,4.41,1.4,4,10:19,13:22,0.58,0.0131,30,73,24,15,22,False,False,False,2.5,116,True,True
0.13476250162220665,42.10526315789473,28658.34999172893,30.63547939184643,95,10,20,14,4.14,1.45,8,10:58,14:51,0.51,0.0084,29,70,34,10,25,False,False,True,2.1,116,False,False
-0.22304730180077523,21.73913043478261,-5344.965407555914,38.50040517999992,23,9,21,12,2.28,0.51,1,09:40,14:16,0.64,0.012,16,70,25,17,25,True,False,True,2.5,42,False,True
0.13350821151340309,44.44444444444444,4273.574188680093,24.894092469589705,18,9,14,16,4.67,1.27,8,10:06,13:39,0.46,0.011,16,67,34,11,19,True,False,False,2.2,107,True,True
0.09441548995238755,36.84210526315789,2683.119883300875,15.631665336797088,19,9,21,22,2.8,1.12,9,10:59,15:11,0.49,0.0103,10,80,20,16,21,False,False,True,1.3,69,True,True
0.3526604533989646,50.0,446.5692198506549,2.694995566522142,2,9,21,20,2.3,0.77,6,09:56,14:43,0.43,0.0142,25,65,29,15,29,True,False,True,1.5,41,True,True
0.20558867121066815,52.307692307692314,54015.92179686787,20.95952045915239,130,5,8,29,4.73,1.49,1,10:17,15:08,0.62,0.012,27,74,22,15,21,False,False,False,2.1,22,True,False
0.08342564890386862,50.0,3620.6969316554896,23.81529237620278,14,10,20,27,4.02,1.68,4,10:02,15:04,0.61,0.0136,16,69,26,13,27,False,True,False,2.9,31,True,False
0.1967020299948743,52.77777777777778,24838.43404853854,21.945742343173535,72,8,14,20,2.06,1.48,2,10:22,14:44,0.57,0.0145,28,77,24,19,22,False,False,False,2.8,106,False,True
-0.9849801592205178,33.33333333333333,-5692.663590943126,31.73581795471564,6,9,14,15,2.06,1.44,6,10:41,13:50,0.68,0.0055,30,74,28,12,21,False,True,True,2.8,21,True,True
0.04437348341442793,33.33333333333333,-0.7739773797402449,18.289263017965066,6,9,14,11,4.27,1.77,2,10:20,15:09,0.51,0.0075,19,76,35,11,28,True,True,False,1.8,69,True,True
0.12864105227816666,43.333333333333336,6333.763455438831,38.241295676874884,30,9,14,28,3.29,0.79,8,09:39,14:52,0.57,0.0082,16,71,31,10,29,False,False,False,1.2,67,True,False
-0.10984953720052236,34.375,-4296.63786058571,41.68900774820487,64,9,15,23,3.25,0.6,6,09:47,13:26,0.43,0.0149,21,78,35,18,29,True,True,True,1.9,16,False,False
0.26555848380660785,50.79365079365079,23392.42204114821,17.562603388370412,63,5,8,29,1.78,0.68,4,09:22,14:41,0.63,0.0105,25,77,22,15,28,True,False,False,1.2,42,True,False
0.08022682098151183,52.10084033613446,17102.683493979093,49.83065907589819,119,8,14,26,3.17,1.93,1,10:41,13:10,0.51,0.0071,21,70,28,13,21,False,True,False,2.7,69,False,False
0.466812157214736,63.63636363636363,44041.87092174611,13.577920689015773,55,5,8,18,4.53,1.35,2,10:23,14:19,0.41,0.0115,21,76,25,19,25,False,True,False,1.6,114,True,False
0.1009844277724998,34.5679012345679,10877.748395527786,48.03535768323052,81,8,14,24,4.07,0.65,2,09:30,13:46,0.5,0.015,22,70,21,20,22,True,True,False,2.5,70,False,True
-0.028808495932799636,34.18803418803419,-3710.0181983189013,58.617281238101796,117,9,15,25,3.16,0.78,8,10:24,13:19,0.49,0.0079,25,76,33,11,22,True,True,False,1.4,25,True,False
0.42030983232840574,47.05882352941176,11870.206254039236,16.315670721033612,17,9,14,22,4.24,0.91,4,10:24,14:43,0.46,0.0099,11,78,29,17,30,False,True,False,1.4,56,True,True
-0.22200518749249537,38.775510204081634,-24205.108460532247,132.76595596138412,98,9,15,22,4.39,1.43,2,09:48,13:31,0.53,0.0136,29,74,23,17,24,True,False,True,2.3,20,False,False
0.09504343288364092,41.53846153846154,19484.18621448351,53.428342200445066,65,9,21,26,4.91,1.64,6,09:42,13:29,0.68,0.0076,13,67,33,14,18,False,False,True,1.5,64,True,True
-0.08456336446905846,42.10526315789473,-10218.804493462034,67.43981881549878,95,9,15,19,2.62,1.28,2,09:56,14:57,0.44,0.0103,25,73,24,20,26,True,False,True,2.4,86,False,False
-0.03618000730699304,46.15384615384615,-1136.5585101034594,44.97714476594169,39,10,20,21,2.81,1.5,5,10:21,13:16,0.45,0.011,13,66,35,20,24,True,False,True,2.3,83,False,False
0.13330610144085864,56.666666666666664,6202.880410442791,36.342594429218416,30,9,14,10,3.55,1.56,2,10:40,13:16,0.53,0.0129,29,79,27,15,21,False,False,True,2.6,40,True,False
-0.0800928405958933,38.297872340425535,-4387.569850347581,42.48639877270101,47,5,8,21,2.3,0.61,1,09:19,14:34,0.61,0.0126,12,78,35,17,30,False,True,False,2.6,16,True,True
0.17578164813461492,52.38095238095239,4993.536946976859,37.04591681435499,21,9,15,24,2.76,1.33,5,09:47,14:07,0.51,0.0079,10,75,35,14,25,True,False,False,1.5,73,True,False
-0.7465038411534748,27.27272727272727,-6155.642592341554,37.89119919546321,11,9,21,19,4.35,0.67,5,10:28,14:00,0.56,0.0076,26,73,22,16,26,True,False,False,2.0,100,True,False
0.8698273078930309,66.66666666666666,1950.252324449324,2.3976577567474955,3,10,20,21,2.05,0.69,1,10:49,13:41,0.44,0.0142,17,66,33,12,27,False,True,True,1.5,116,True,True
0.07055103755812303,43.506493506493506,19019.50050372728,58.7276976270046,154,8,20,17,3.6,1.07,4,09:38,14:10,0.45,0.0139,17,66,23,18,20,True,False,False,1.5,65,False,False
0.29810436633833653,45.45454545454545,12999.153479321947,17.70495261228651,33,9,15,22,2.36,0.71,5,10:46,15:00,0.45,0.0074,17,76,20,11,19,True,True,False,2.8,99,True,False
-0.06385485348621109,38.095238095238095,-1389.9414007167106,31.62153654088506,21,9,21,28,3.48,1.99,4,10:30,13:20,0.45,0.0115,23,76,20,19,28,True,False,False,2.2,51,False,False
0.11768404449704319,51.181102362204726,32936.28242017697,37.512982916976526,127,5,8,29,2.92,1.76,1,09:38,14:11,0.69,0.008,25,74,20,11,28,False,False,False,1.7,26,False,True
0.021825543098332314,50.98039215686274,5101.389241717548,68.3734233579001,51,8,20,18,3.89,1.68,3,10:39,13:30,0.66,0.0105,21,76,24,17,24,True,True,True,2.1,52,False,False
-0.21255254539413718,43.75,-5764.6852683033685,58.088213536328105,16,8,20,24,3.39,1.84,6,09:53,13:44,0.47,0.011,21,73,33,13,27,True,True,False,1.7,90,False,True
-0.41171906251272566,40.0,-3807.665186588827,25.676045368483162,5,8,14,18,1.8,1.21,8,09:59,13:26,0.64,0.0064,19,75,31,17,28,False,True,False,2.6,69,True,True
0.18096556995348104,36.93693693693694,44338.18791631103,31.15629999464303,111,5,8,22,3.54,0.75,6,10:54,14:42,0.63,0.0058,12,66,33,15,28,False,True,True,2.2,111,True,False
1.163147281148724,100.0,2682.855000000087,5.525533850509942,2,10,20,14,3.59,1.52,10,10:25,14:35,0.54,0.0091,10,71,34,20,25,False,False,False,1.7,58,True,False
0.06928441755264222,46.15384615384615,2154.48869609342,25.307773635739128,13,8,14,24,3.85,1.74,7,09:40,13:37,0.47,0.0065,13,75,34,19,26,False,True,False,1.6,53,True,True
0.013674542122579094,25.0,-244.10707631254263,15.439582721018038,8,9,15,17,1.63,0.86,1,09:38,13:17,0.49,0.0099,20,80,22,18,24,False,True,True,1.3,48,True,True
-0.07739485565341045,26.666666666666668,-1283.3626081044931,14.967669805018977,15,9,21,17,2.18,1.33,4,10:47,13:23,0.45,0.0054,26,74,33,14,24,False,True,True,1.4,52,False,False
0.30837743700809966,57.407407407407405,30806.9550762988,24.496923397910198,54,8,14,12,3.65,1.37,6,10:31,14:09,0.51,0.0144,17,70,28,16,26,True,True,True,1.5,86,True,False
0.039785382827460296,47.5609756097561,9817.485062651522,86.64230160832683,82,9,14,22,3.13,1.45,8,09:48,14:02,0.66,0.0123,13,66,31,13,20,False,False,False,1.4,77,True,False
0.30519962647740484,61.702127659574465,24337.725815781705,21.164840074335423,47,8,14,16,4.67,1.51,2,10:33,13:11,0.43,0.0078,27,70,30,16,29,True,False,True,2.0,110,False,False
0.15162189193166992,50.602409638554214,35699.31325043663,21.356514300817505,166,5,8,18,2.72,1.41,7,10:29,15:15,0.44,0.0117,14,80,34,10,26,False,True,False,1.0,96,False,True
0.07393456741571165,37.5,1266.0902636625433,17.511219201706055,16,9,21,26,3.43,0.67,7,10:45,15:08,0.52,0.0096,17,69,28,11,28,False,True,False,3.0,64,True,True
0.09474507322372683,43.75,1834.3303025092064,16.995428203438568,16,8,14,17,4.89,1.96,8,10:19,13:31,0.46,0.0112,27,69,21,15,19,True,True,True,1.1,75,True,True
0.8543456503610198,75.0,10755.958900627225,12.655751048775906,8,9,15,21,3.48,1.2,10,10:14,13:46,0.55,0.0072,15,65,20,10,24,False,False,False,1.6,43,True,True
0.00046764810113452743,48.61111111111111,730.5707355377963,45.119735308336075,72,8,20,13,2.58,1.6,4,10:49,14:27,0.44,0.0131,17,75,24,15,20,True,True,False,2.7,23,True,False
0.07857098140145397,40.86021505376344,14729.323736529674,57.329342366919114,93,9,14,16,3.66,0.94,2,09:15,15:13,0.59,0.0113,11,69,23,15,29,False,False,False,1.7,52,False,False
-0.02953149097571687,28.57142857142857,-151.73275610028213,14.191502721893896,7,8,20,29,2.59,0.8,2,10:43,14:23,0.54,0.0124,24,76,31,10,26,True,False,True,1.3,31,True,True
0.08348150905321594,60.0,5183.25282608407,32.245403387713395,25,9,14,11,2.19,1.5,8,09:22,13:37,0.6,0.0091,18,67,32,19,29,True,True,False,2.5,85,False,True
0.038139293164550635,52.41935483870967,13128.33961611904,54.58551047551102,248,8,14,28,1.58,1.67,3,10:16,14:47,0.57,0.0144,22,66,21,20,19,True,False,False,1.1,57,False,False
0.08958451440555787,25.0,624.0265813032456,8.140959220354853,4,8,14,25,4.53,0.97,10,10:31,13:45,0.42,0.0052,20,65,32,13,30,True,False,True,1.9,54,False,True
-0.11307815395326327,30.952380952380953,-4177.121575502382,65.53529045747378,42,10,20,18,3.16,1.8,10,10:32,13:36,0.51,0.0098,19,71,23,12,19,True,False,True,1.6,33,True,True
0.1258730569316754,42.857142857142854,31873.054894945424,37.20427673661142,154,8,14,26,2.35,0.85,5,09:57,14:22,0.66,0.0097,15,67,20,17,24,True,True,True,1.3,117,False,False
0.3230800469130052,52.63157894736842,22221.36415665177,17.537515347491144,38,5,8,16,1.97,0.98,6,10:06,15:11,0.59,0.0065,22,67,34,19,22,False,False,True,2.7,111,True,True
0.12693706799529408,45.08196721311475,31126.703320564644,41.084926929325825,122,9,14,16,3.42,0.92,2,10:09,13:01,0.6,0.014,22,65,31,18,21,True,True,True,2.5,63,False,False
-0.044457363452817394,47.05882352941176,-4108.296274637338,75.33604180224305,34,9,21,11,4.93,1.89,2,09:25,13:15,0.66,0.0116,13,80,33,18,27,False,True,False,1.7,83,False,False
-0.25747345500375285,25.0,-1066.9684404434447,8.711518032451286,4,9,21,10,2.1,1.35,10,10:55,14:25,0.54,0.0143,18,74,33,19,27,True,False,False,1.7,41,True,False
0.5114717568985804,69.23076923076923,11456.291737379746,13.904090060449874,13,8,20,19,2.98,0.77,10,09:29,14:01,0.59,0.0052,27,73,25,19,30,True,True,True,1.5,35,False,False
-0.14585076810696354,49.523809523809526,-22327.359075293836,132.56921419357448,105,9,21,29,1.58,2.0,2,09:32,13:03,0.46,0.0124,29,79,23,16,21,False,False,False,1.1,93,False,False
-0.017420960914978745,55.319148936170215,-654.6981242257607,44.374247462555985,47,9,15,23,2.75,1.6,5,10:49,13:32,0.59,0.01,28,65,22,14,27,False,True,False,1.6,85,False,False
0.23271946567131457,35.84905660377358,210174.98286737947,32.801768070423634,424,5,8,30,2.81,0.63,9,09:16,14:08,0.7,0.0082,16,78,31,12,20,False,False,False,2.0,98,True,False
0.48467388561756664,62.5,49120.47376504737,12.702496846625937,72,5,8,24,2.29,0.96,8,10:41,14:24,0.49,0.0082,28,69,27,16,24,False,False,False,2.1,99,True,False
-0.3370265757703636,40.0,-4820.701446255001,30.029886247286143,10,10,20,15,4.06,1.43,1,10:21,13:16,0.49,0.008,20,78,35,11,30,False,False,False,2.3,116,True,False
0.1713372336420332,52.083333333333336,15139.289351534746,27.45813305530602,48,10,20,23,2.97,1.84,3,10:59,13:31,0.57,0.007,27,75,21,17,19,False,False,True,2.2,80,True,False
0.05737654221385396,36.0,4961.480005862133,38.13026472299435,50,9,15,27,3.41,0.77,6,10:49,13:42,0.67,0.0128,15,78,24,17,28,False,False,False,2.6,97,False,False
-0.007411733357898475,45.36082474226804,-388.2848055024224,94.01975999852945,97,8,14,25,1.97,1.79,2,09:52,14:07,0.66,0.0057,20,71,33,16,21,False,False,False,1.8,35,False,False
0.22520669938927962,47.58064516129033,61665.89646303665,22.235938249793445,124,8,14,24,4.51,0.96,2,10:28,14:14,0.64,0.0073,26,76,31,14,24,True,True,True,1.9,90,False,False
0.06797290804983429,45.67901234567901,29675.03137534886,94.87916684228878,243,5,8,13,2.92,1.53,10,09:34,13:58,0.56,0.0136,29,65,31,17,30,False,False,True,2.9,26,True,False
-0.191671939276137,29.166666666666668,-6523.501249773082,81.13863724868202,24,9,14,21,3.18,1.61,8,09:33,13:03,0.59,0.0145,11,67,20,10,28,False,False,True,2.1,19,False,True
-0.33042244242698154,28.57142857142857,-2693.1739167816013,31.34458157155114,7,9,15,30,3.48,0.68,6,09:26,15:03,0.67,0.0062,19,67,21,17,30,False,False,True,2.2,97,True,False
0.12176962145952021,33.33333333333333,2086.9528481431735,21.08324671693717,9,10,20,15,4.69,1.11,6,09:57,14:09,0.56,0.0053,30,71,32,19,22,True,True,True,1.5,116,False,True
0.01946266351254175,49.23076923076923,7667.986666289165,75.75533563271823,260,5,8,28,1.7,1.33,4,10:35,13:49,0.63,0.0105,23,68,28,18,28,True,True,False,3.0,20,False,False
-0.02008355561728064,41.46341463414634,-99.7365017566517,134.20667760082893,164,10,20,24,3.57,1.36,4,09:50,13:11,0.52,0.0071,28,80,26,11,19,True,False,True,2.6,19,False,False
-5.161412517789731,0.0,-2789.145995942461,14.517925615126053,6,9,15,29,3.99,0.51,3,10:48,14:54,0.51,0.013,30,79,34,17,30,False,False,True,2.0,55,True,True
0.26412346343076637,47.82608695652174,11028.403082931458,35.39739403522583,23,9,14,11,4.73,0.56,3,09:22,13:47,0.64,0.0101,28,70,27,20,22,False,False,False,2.7,82,True,True
0,100.0,3510.675000000003,7.787109708795525,1,9,21,22,4.39,1.92,5,10:18,14:54,0.54,0.0143,11,70,33,19,19,False,True,True,2.6,108,True,True
-0.013869366412725143,30.64516129032258,1427.0577451623358,77.27722404940643,62,10,20,23,3.2,0.93,9,09:38,13:19,0.45,0.0118,10,73,27,11,26,True,False,False,2.3,70,False,False
0.21524825806487793,60.86956521739131,6039.012114402398,22.620819129031158,23,9,14,28,2.41,1.55,1,10:22,14:41,0.43,0.0064,17,79,24,16,26,True,False,False,1.3,98,False,True
0.05675585442650805,28.57142857142857,325.3122009676954,8.183324074238776,7,9,14,24,3.85,0.55,3,10:05,13:29,0.42,0.0114,27,76,27,18,24,True,False,True,1.8,45,True,True
-0.07771962691517931,42.857142857142854,-2743.3342863642865,40.86919549093022,28,9,21,21,1.5,1.74,1,10:19,14:23,0.41,0.0098,24,78,26,11,19,False,True,True,2.5,112,True,True
0,0,0,0.0,0,9,15,29,2.01,0.68,6,09:32,15:14,0.57,0.0051,13,73,29,12,28,False,False,False,1.7,55,True,False
0.022049005784844967,36.84210526315789,608.5054175931909,17.359220568843288,19,9,21,30,2.6,1.41,9,09:38,13:41,0.41,0.0057,18,68,30,10,26,True,True,True,2.9,117,False,True
0.41493805845770787,50.0,14512.89229845503,11.874553648428337,20,8,20,14,4.71,1.32,5,10:51,14:20,0.46,0.0062,22,72,23,20,22,False,True,True,1.3,120,False,True
-0.19186922601104145,40.0,-10068.252609600768,66.96650187337335,40,8,20,19,1.75,1.39,2,09:50,14:21,0.45,0.0057,15,73,26,15,24,False,False,True,1.3,109,False,False
0.17938841791558563,36.47540983606557,88404.05609110119,30.664212312490918,244,5,8,23,3.63,0.64,10,10:18,14:28,0.68,0.0149,15,74,30,16,20,True,False,False,2.5,63,False,True
0.015087098860431962,50.0,241.30932455580478,26.247362452430995,18,9,14,23,3.84,1.71,10,10:52,14:22,0.43,0.01,30,72,23,12,23,False,False,True,2.9,92,True,True
-0.029966318791903264,38.18181818181819,-2896.3892157465307,56.258496005411,55,8,20,21,4.0,1.06,7,10:00,14:06,0.55,0.0087,24,76,29,10,29,False,False,True,2.2,39,False,False
-0.04446077447311946,28.57142857142857,-1282.8218565840143,25.97732481627736,14,10,20,20,3.81,1.16,9,10:38,14:29,0.68,0.0083,17,70,34,14,18,True,False,True,1.7,116,True,False
-0.14414088778996542,25.0,-1858.2764154756405,20.914599092599392,12,10,20,24,3.89,1.24,9,09:38,13:24,0.52,0.013,18,75,24,16,28,False,True,True,1.1,31,False,True
0.2843357031915185,58.333333333333336,4780.32785382741,25.887300559151434,12,9,15,15,3.6,1.21,10,09:52,14:38,0.58,0.0095,18,77,26,12,27,False,False,False,1.2,31,True,True
0.09831920778361314,37.03703703703704,6007.793907797524,26.684144107547148,27,9,14,17,4.98,2.0,8,09:18,14:32,0.58,0.0147,23,73,23,16,30,True,True,True,1.2,88,False,True
0.4296420638687257,73.33333333333333,10221.455881670994,14.612685346057228,15,9,15,25,4.91,1.55,1,10:39,13:02,0.43,0.0087,23,73,35,10,25,True,True,False,2.1,79,True,True
0.2489585625124649,44.44444444444444,12922.706561139945,20.61729451793282,27,8,14,13,4.39,0.73,3,09:56,14:31,0.6,0.0064,30,73,21,16,21,True,True,True,1.6,102,True,True
0.013958069127031843,37.89473684210527,1882.246360807665,33.86933131839432,95,9,15,29,2.92,0.68,1,10:28,15:09,0.56,0.0087,22,79,27,19,25,True,False,False,1.2,82,False,False
1.7691041187882495,100.0,16860.689679586874,18.294124218689774,4,9,14,27,4.97,1.42,8,10:28,13:58,0.67,0.0106,25,68,20,15,30,False,False,True,2.5,74,True,False
-0.3093598740325706,29.333333333333332,-23099.998028731592,122.77639672688743,75,8,20,10,3.65,1.21,5,09:55,14:07,0.46,0.0082,16,76,31,15,24,False,True,False,1.5,28,False,False
0.41880436399882937,55.55555555555556,45691.66645812975,13.027336999185273,54,5,8,26,2.95,0.9,9,10:52,15:03,0.57,0.0114,24,78,30,10,20,False,False,True,1.9,105,True,True
-0.11612388538676668,47.2972972972973,-12377.759737152914,91.73117863010157,74,10,20,29,1.52,1.62,6,10:15,14:49,0.55,0.0097,24,79,20,12,25,True,True,False,1.4,89,False,False
0.22871882597693283,28.57142857142857,1520.9637524285135,8.000251782732008,7,9,14,15,4.49,0.5,8,10:15,14:26,0.49,0.0108,30,74,20,16,27,False,True,True,2.3,32,True,True
0.08956206759862012,42.22222222222222,13697.01298016507,86.78362454950091,45,10,20,18,4.92,1.47,8,09:23,13:41,0.54,0.009,27,74,24,10,26,True,False,False,2.7,93,False,True
0.14667158814258846,46.8421052631579,31773.631931763426,28.158563822890738,190,9,14,29,2.9,1.02,7,09:30,15:07,0.44,0.0074,15,70,22,17,19,False,False,True,1.9,28,True,False
0.10454726694431772,57.14285714285714,2941.415243885058,24.111602047762684,21,9,21,27,2.06,1.58,2,10:11,14:05,0.58,0.0139,16,76,27,20,28,False,True,True,1.1,104,True,False
0.14506924595866244,50.0,507.25690305145326,21.749889332249133,4,10,20,26,3.84,1.29,4,10:11,13:23,0.56,0.0143,28,80,24,19,28,True,False,False,1.5,41,True,True
0.13434554313712108,46.10687022900763,169637.67176937393,45.89487275231633,655,5,8,22,4.03,1.16,6,09:49,14:43,0.59,0.0089,19,67,24,17,20,False,True,True,2.1,51,False,False
0.02720141179478788,37.93103448275862,1842.1099467360145,46.51994182274755,29,8,20,21,3.06,1.15,5,09:21,13:15,0.54,0.0078,15,65,24,11,28,True,False,True,1.9,68,True,False
0.17400250431595313,50.0,4308.655242809411,20.999195705882347,10,9,14,22,3.67,1.35,9,10:07,15:04,0.67,0.0056,14,78,26,15,27,False,True,False,2.2,98,False,True
0.2091912360361768,50.0,5090.3273355881065,30.01433520555148,8,8,20,13,4.32,1.89,5,09:17,13:34,0.55,0.0095,18,74,21,12,25,False,True,False,1.1,32,True,False
0.4472920395787977,55.55555555555556,7506.345613761496,5.647178894527523,9,9,15,30,4.22,0.61,2,09:56,15:06,0.58,0.005,10,76,20,12,22,True,False,True,2.6,119,False,False
0.11106476082337163,50.0,52.02896259963745,6.909456148114122,2,10,20,11,3.78,0.97,9,10:17,13:13,0.45,0.0147,22,73,29,15,24,True,False,False,1.2,75,True,True
-0.337681464943634,24.59016393442623,-28315.495941486544,146.65744281497552,61,9,21,25,3.91,0.83,1,09:19,13:04,0.57,0.0076,14,79,22,20,24,False,True,False,1.4,81,False,False
-0.030166082043934107,38.46153846153847,-2007.097505052665,45.323444992706015,39,9,15,25,4.55,1.17,4,10:21,13:42,0.64,0.0108,30,75,26,14,23,False,True,True,2.8,37,False,True
0.07235828574777904,44.50261780104712,16068.331764641385,50.77190572950362,191,8,14,29,1.64,0.77,9,09:24,14:33,0.5,0.0137,18,78,31,15,23,True,False,False,2.3,71,False,False
-0.2654936626772779,33.33333333333333,-10985.623104145478,67.96294800280734,51,10,20,21,3.5,1.12,4,10:23,13:03,0.46,0.012,14,78,20,19,21,True,False,True,2.8,27,True,False
-0.23114027637905504,33.33333333333333,-2134.899349651525,23.785105473428892,6,10,20,15,3.9,1.63,4,10:51,13:12,0.6,0.0077,18,80,33,19,28,True,False,True,1.8,97,True,False
0.5794555995859366,71.42857142857143,3543.7971756434417,10.250785389352856,7,9,15,16,1.6,1.46,6,10:58,14:58,0.48,0.0064,22,67,20,19,29,False,False,True,1.0,77,True,True
-0.28810408355030925,30.434782608695656,-32194.94993436305,144.99299227292192,69,9,21,23,1.66,1.1,2,10:09,14:42,0.65,0.0103,30,69,20,13,25,True,True,True,1.3,117,False,False
0.29266587928133325,58.94736842105262,56826.60460106873,22.937966868731355,95,8,14,11,3.7,1.77,8,10:14,14:58,0.51,0.0082,14,72,25,13,27,False,False,True,1.9,110,False,False
-0.02711605318303166,32.142857142857146,-1337.5351383849593,66.27869744552453,84,9,21,26,3.57,0.56,7,10:13,13:39,0.56,0.0115,20,76,21,19,22,False,True,True,1.1,62,False,False
0.19653433168815726,53.84615384615385,9008.177040705697,28.829275125358873,26,10,20,20,3.6,1.55,5,10:47,13:13,0.55,0.014,24,78,28,18,21,False,False,True,2.0,76,False,True
-0.034330754351595126,30.76923076923077,-1957.8652040750894,42.72849720772653,13,9,21,17,1.9,1.09,3,10:13,13:55,0.7,0.0058,13,70,28,14,23,False,True,False,1.1,72,True,True
0.3914230949789382,50.0,569.4553959106997,5.110489485480543,2,8,20,20,3.56,0.71,6,09:53,13:15,0.49,0.0063,25,69,33,18,29,False,False,False,2.8,68,True,True
0.08191391260968234,49.122807017543856,11702.867680838928,71.58830098558684,57,9,15,13,2.6,1.59,8,10:55,13:06,0.53,0.0119,11,73,25,11,23,False,True,False,1.8,104,True,False
-0.11489467247866628,38.4180790960452,-27998.223520281237,201.70917626294812,177,10,20,22,1.77,1.08,2,09:50,13:28,0.61,0.009,25,72,29,15,18,False,True,False,2.5,60,False,False
-0.1035803871479818,27.500000000000004,-4198.17497262398,37.543444295455295,40,9,15,22,4.44,0.6,4,10:31,13:00,0.63,0.0072,15,78,31,20,22,False,True,False,2.9,60,False,True
-0.005754994402902151,47.82608695652174,425.3521102230734,54.814037589157984,46,9,15,10,3.7,1.41,8,10:57,14:10,0.54,0.0113,25,76,24,15,21,True,False,True,2.5,76,False,True
0.029385599974016414,40.0,1108.6096262189094,32.09563862002528,20,9,21,26,1.76,1.16,3,10:27,14:49,0.61,0.0065,24,71,31,14,19,False,True,True,2.5,45,True,False
0.1826714812352054,48.10606060606061,81567.7670979499,41.768708424510926,264,5,8,20,4.33,1.45,7,09:37,13:29,0.46,0.0137,30,76,22,17,20,False,False,True,1.3,63,False,True
-0.012730672820280174,37.878787878787875,-1268.03895573079,56.135379876013204,66,9,15,12,2.23,0.89,5,10:51,14:36,0.61,0.0089,15,65,21,12,22,False,False,False,2.6,100,False,True
-0.3099879187702024,28.57142857142857,-9974.160180860665,52.21646877185555,21,10,20,19,1.76,1.25,9,10:46,14:53,0.62,0.0127,16,75,21,20,25,True,True,True,1.7,62,False,True
0.13932318114403194,46.774193548387096,17756.35026053249,21.63960961419655,124,8,14,29,1.52,0.73,8,09:35,14:05,0.47,0.0101,14,67,23,19,26,False,False,True,2.3,87,False,False
0.07727766519365063,57.89473684210527,2826.866201447967,33.17376922783487,19,5,8,27,3.97,1.82,2,09:26,14:00,0.51,0.0093,10,77,25,17,29,False,True,False,2.5,113,True,True
0.15485966235177673,47.65625,131565.02400471678,52.57010521082969,512,5,8,12,3.87,1.23,1,09:52,14:24,0.4,0.0147,18,75,25,12,20,False,False,False,3.0,85,False,False
0.08677733449771124,45.20547945205479,15129.052137859275,67.1126421130478,73,9,15,29,4.29,1.83,4,09:18,13:14,0.48,0.0088,12,73,25,12,24,False,False,False,2.3,96,True,True
-0.004261125917552244,50.0,922.6635025642136,30.049394070416984,26,8,20,12,4.17,1.34,5,10:42,14:12,0.49,0.0093,27,80,27,17,24,False,False,False,1.7,39,False,True
0.1878252613294175,62.5,7454.503344507335,29.56914438093928,32,9,14,17,2.02,1.7,7,10:54,13:12,0.45,0.0113,18,80,23,18,20,False,True,True,2.8,64,True,False
0.08107700332314907,47.45762711864407,9320.93180374174,32.40099400169471,59,9,15,27,3.28,1.43,10,09:52,14:32,0.64,0.0114,29,67,22,17,23,False,False,False,2.4,37,False,True
0.14400623827473058,41.32492113564668,71129.43096876086,37.610669634033975,317,8,14,20,3.0,0.93,7,09:35,14:07,0.45,0.0145,26,76,30,14,19,False,True,False,1.4,96,True,False
0.04682816730655964,37.5,686.1564182757647,35.46924757367066,8,8,14,26,3.45,1.59,4,09:28,14:24,0.58,0.0082,30,73,24,15,29,False,False,False,2.5,118,True,True
0.13767121114144662,36.36363636363637,6150.329465410563,34.63054697587668,33,8,14,15,3.63,0.6,4,10:44,13:23,0.47,0.0091,15,80,27,13,25,True,True,False,2.8,112,False,True
0.0202882068087808,41.17647058823529,2786.545300726255,81.66502590767671,51,8,14,24,4.97,1.44,10,09:22,13:32,0.69,0.0056,14,72,28,13,25,False,False,False,2.6,34,True,False
0.15724184465777083,50.51546391752577,24288.29750040196,27.927485693948682,97,5,8,11,2.39,1.76,3,09:22,13:03,0.55,0.0139,24,77,27,13,30,True,False,True,1.2,44,True,False
0.19862703088390132,38.59649122807017,32236.707023960684,35.52392590864697,57,10,20,30,4.42,1.83,5,09:59,13:35,0.67,0.0081,14,70,35,11,20,False,False,True,1.0,100,True,True
0.14469255907540587,36.97478991596639,94875.93260708223,34.08576401130714,476,5,8,10,2.82,0.67,9,09:47,15:14,0.49,0.0077,17,67,30,20,25,False,False,False,2.7,72,False,False
-0.4122781521584425,30.0,-3111.4325336046204,28.272409317419662,10,8,20,14,3.39,0.62,7,09:52,13:49,0.55,0.0119,24,71,30,19,24,True,True,False,3.0,77,True,False
-0.04742816220753029,36.0,-3426.1285920367663,52.984700008793006,25,9,15,18,2.87,1.19,9,09:29,14:37,0.65,0.0086,27,65,20,13,29,True,True,False,2.5,74,False,True
-0.09264584067263752,34.04255319148936,-3970.5812730349808,49.40277337149484,47,9,14,18,2.96,0.67,4,09:31,13:37,0.42,0.0079,19,73,22,13,25,False,True,False,2.4,33,False,True
0.1301057817165694,39.39393939393939,9322.626141386652,26.071292736754963,66,9,15,18,4.41,0.6,8,10:27,14:13,0.43,0.0092,22,80,25,18,28,True,False,False,1.4,74,False,False
0.23297125863161702,40.0,12888.65388863052,15.856529020109079,25,9,21,21,4.86,0.62,3,10:37,13:11,0.64,0.0059,11,75,29,14,18,True,True,True,2.7,32,True,True
0.42034333346088143,47.5,27056.992247590853,13.258067764278012,40,9,14,14,3.86,0.55,10,09:51,13:55,0.53,0.0086,10,76,21,20,22,False,False,True,1.4,72,True,True
2.186875442679337,100.0,2415.0,15.920808187404647,2,9,21,12,2.14,1.44,3,09:52,14:26,0.5,0.0113,18,78,24,14,18,True,False,False,1.1,73,True,True
-0.34119000241067343,21.73913043478261,-9812.402661464552,62.000689634544784,23,8,20,12,1.84,0.64,7,10:15,14:12,0.68,0.0105,26,71,33,14,30,True,True,False,1.6,79,False,False
0.3897368101805364,61.29032258064516,26065.287251243884,21.66456774701862,31,9,14,27,3.8,1.37,9,10:21,14:01,0.59,0.0139,13,75,32,17,25,False,False,True,2.9,100,True,True
0.39402326625122175,66.66666666666666,13164.28695620635,23.15519049304155,15,9,14,23,3.97,1.89,8,10:35,13:49,0.65,0.0051,14,78,30,18,23,False,True,False,2.0,103,False,False
-0.232694055064435,27.906976744186046,-10218.294074712361,69.89875835950492,43,8,20,16,2.59,0.72,2,09:32,14:47,0.42,0.0117,15,79,21,13,29,False,False,False,2.6,114,False,False
-0.013954833315105478,47.2972972972973,-1122.9068594649507,75.62700675339734,74,8,14,21,4.59,1.96,10,10:19,15:02,0.49,0.0131,27,74,35,14,30,True,True,False,2.4,35,False,False
-0.07263324455525143,44.09448818897638,-14899.856209224861,136.47295146547972,127,8,20,13,2.52,1.39,5,10:21,14:43,0.65,0.0124,21,67,30,15,21,True,False,True,1.1,30,False,False
0.44178816607512494,60.526315789473685,22168.28979557287,12.662444202960932,38,5,8,29,2.3,1.38,10,10:55,14:13,0.62,0.0063,17,78,31,19,26,True,False,True,1.5,35,True,False
0.15250271047677366,32.94117647058823,32162.438969980612,34.35181562317914,85,9,14,11,3.71,0.54,1,10:12,13:26,0.67,0.0133,30,78,21,10,24,True,False,True,1.8,89,True,False
-0.0795353599943349,38.095238095238095,-3517.4637341225316,34.34213253185115,21,8,20,22,1.9,1.24,5,09:37,15:00,0.52,0.0062,15,77,22,15,25,True,False,True,2.5,61,False,True
0.3045911397233226,50.0,3960.710279824136,18.82149805111779,8,8,20,24,2.22,1.56,4,10:32,13:32,0.57,0.0123,22,67,26,16,29,False,True,False,2.8,114,False,True
0.1997348494102955,54.285714285714285,14106.271730809269,23.601464011129362,35,9,14,30,4.89,1.29,6,10:21,14:21,0.49,0.0095,20,69,23,10,27,False,False,False,2.3,83,False,True
0.07980307314684008,30.952380952380953,5811.2573166069815,32.93842874120342,42,9,21,24,2.43,0.91,8,10:00,14:24,0.58,0.0097,18,70,32,11,19,False,False,False,2.4,118,True,False
0.07456155948352365,50.0,1408.7733333078904,21.799441264575627,12,8,20,30,1.58,1.92,7,10:54,13:38,0.67,0.0054,15,66,22,20,19,False,False,False,1.4,84,False,True
0.07448494764234959,38.88888888888889,8161.805443098929,44.52104673932843,54,9,14,11,3.78,1.43,7,10:13,15:12,0.54,0.0075,11,75,21,13,24,False,True,True,1.3,106,False,True
0.2973470880047406,60.97560975609756,16357.232022233686,20.79818757980746,41,9,14,27,2.57,1.66,4,09:32,14:11,0.44,0.0093,21,72,34,17,24,False,True,True,1.4,120,True,False
0.1993754124788688,42.857142857142854,1046.8416777655548,14.706185279336658,7,8,14,17,2.37,0.83,1,10:59,14:23,0.61,0.0103,22,66,24,10,30,True,True,True,1.7,26,True,True
0.21692270261991498,47.05882352941176,4834.872791084803,11.701368816357576,17,8,14,10,3.7,0.88,3,09:17,14:30,0.46,0.013,25,65,28,19,27,True,True,True,2.0,31,True,True
0.10565252177220766,42.99065420560748,45498.32524562809,35.386251202751794,214,5,8,27,2.68,0.89,9,10:02,14:02,0.68,0.0082,29,70,35,16,21,True,True,False,2.0,83,False,True
-0.24837472015352638,29.411764705882355,-9032.274206693952,51.23983477701339,34,9,21,30,4.51,1.25,6,09:34,14:21,0.5,0.0068,24,74,20,19,22,True,False,True,1.1,80,True,True
0.04909830140148755,33.92857142857143,4769.384137642544,51.30123060995375,56,8,14,20,4.4,0.72,10,10:01,13:01,0.51,0.0143,19,77,26,20,23,False,False,True,2.4,95,False,True
0.17175343429749818,46.666666666666664,27635.23761106757,18.793392618856544,165,5,8,29,2.46,0.54,5,10:51,14:24,0.49,0.0058,12,76,34,10,25,False,False,False,1.0,20,False,False
-0.013131409133179658,43.93939393939394,-977.0146766923026,50.60665391073916,66,9,14,27,2.59,1.89,6,10:04,15:03,0.55,0.0067,30,68,22,11,28,True,False,False,1.0,51,False,False
0,0,0,0.0,0,10,20,16,4.65,1.36,8,09:35,14:42,0.44,0.0058,20,76,32,20,26,False,False,True,2.2,39,True,False
-0.05952466259615293,38.46153846153847,-1962.4845018534652,32.949227108104,13,9,21,24,2.35,1.82,9,09:29,14:21,0.63,0.0054,30,72,29,10,27,False,True,False,2.0,52,False,True
0.15080631059194782,39.130434782608695,5016.194868209754,17.70755753919303,23,9,21,20,4.97,0.89,9,10:49,13:40,0.63,0.0094,21,66,20,20,26,True,True,True,1.5,97,True,False
0.01862681516452192,50.588235294117645,1488.132247954305,27.549421466324265,85,9,15,16,1.94,1.15,2,10:54,14:46,0.42,0.0128,25,70,20,11,25,False,True,False,2.7,58,True,False
0.017084315733913644,33.33333333333333,694.8062913154972,23.761308030245047,24,9,15,28,1.6,0.62,6,09:27,13:17,0.52,0.0149,29,67,32,20,29,True,False,False,2.1,92,False,True
0.17679557522244196,52.38095238095239,4937.981284245638,17.338817845406844,21,9,15,30,2.02,1.38,2,10:28,13:48,0.48,0.0105,13,75,30,14,27,True,True,True,2.6,66,False,True
-0.010777389149544585,46.15384615384615,-650.8919161077574,32.69474296467611,39,8,20,29,3.55,0.84,3,10:33,13:12,0.67,0.0139,29,80,27,17,18,True,True,False,1.1,44,True,False
0.3341041803381152,62.5,6366.969934531662,17.178244455297083,8,8,14,28,4.84,1.48,10,09:32,13:53,0.53,0.0124,22,71,22,12,28,True,False,True,2.8,78,True,False
-0.03735128582181388,34.61538461538461,-2332.144211637631,41.38248563466326,52,9,15,27,2.43,0.72,2,10:56,13:14,0.62,0.0137,29,73,22,13,20,False,False,False,2.0,55,True,False
0.23985668214099046,60.0,3814.352795293704,13.520573134527833,15,10,20,24,4.83,0.69,5,10:36,13:56,0.49,0.0087,15,73,33,15,28,True,False,True,1.9,50,True,False
-0.6371693034747498,11.11111111111111,-3296.3981371441296,27.15037397143581,9,8,20,26,3.58,0.68,7,10:16,13:54,0.47,0.0115,19,78,29,15,28,True,True,False,1.7,80,True,True
0.03301053609451417,46.808510638297875,4104.709143852768,49.6988637662499,47,9,21,25,1.57,1.08,4,10:45,13:00,0.67,0.0076,24,73,21,14,19,True,True,False,1.0,67,True,False
0.19450036171784776,44.537815126050425,43047.40583502961,33.53612999985217,119,5,8,28,3.59,0.83,5,09:56,14:35,0.49,0.0124,23,80,28,19,27,False,True,True,2.8,78,True,True
0.06626011317231782,32.926829268292686,8157.919757050389,48.154497372363416,82,9,15,13,3.99,0.55,3,10:24,13:58,0.68,0.0099,15,71,31,16,25,False,True,True,2.2,94,False,False
0.014204192850087788,51.09489051094891,3979.9023061394983,66.83067597676468,137,8,20,15,2.22,1.5,5,10:13,14:20,0.49,0.0079,18,65,33,16,20,True,True,False,2.1,52,True,False
0.13693081923384373,48.57142857142857,8519.687978343245,42.9829182856938,35,9,15,15,2.67,1.34,10,10:51,13:04,0.68,0.0077,12,78,21,15,24,False,False,True,1.3,75,True,False
0.07917305887002093,40.95744680851064,24677.046365758833,56.34916616286619,188,10,20,22,4.45,0.7,6,10:19,14:06,0.56,0.0118,21,71,23,13,19,False,False,False,1.3,33,False,False
0.5277380344849816,71.42857142857143,6504.8817865448,19.404079818104027,7,9,15,29,4.38,1.62,4,10:19,13:14,0.51,0.0076,16,79,32,19,26,False,False,False,1.4,59,True,False
0.03197750151912888,42.5531914893617,2229.9948992041973,38.93700710891296,47,9,15,23,4.67,0.71,7,10:58,13:40,0.65,0.0123,15,75,35,13,21,True,True,True,2.4,28,False,True
0.3346355130732716,57.89473684210527,8369.127534351712,14.48910739826689,19,9,15,19,4.75,1.17,10,10:30,14:11,0.42,0.0123,19,66,35,20,23,True,True,False,1.8,50,True,True
0.1367916592144687,41.57303370786517,21532.63168567363,39.90438601026378,89,9,14,17,3.02,0.7,1,10:27,13:42,0.59,0.0125,28,68,25,12,23,True,False,False,2.2,80,False,False
-0.004709596245570726,42.857142857142854,-315.2559208925668,22.487521096391326,7,9,15,16,2.44,1.38,2,10:52,14:02,0.47,0.0128,20,70,26,19,27,False,False,False,1.4,63,True,True
-0.0405043283358531,28.57142857142857,-756.094119206813,26.659624878979443,21,8,20,20,3.76,0.72,6,09:41,13:29,0.59,0.0064,17,75,28,19,25,False,False,True,2.6,20,False,True
0,0,0,0.0,0,9,21,29,2.75,0.64,3,09:41,13:38,0.61,0.0148,13,70,29,19,25,False,True,True,2.6,29,True,True
0.10734972250088044,36.774193548387096,26095.933138090935,31.367484827602325,155,8,14,21,2.77,0.8,1,10:31,13:30,0.58,0.0069,19,69,23,20,20,False,True,False,1.5,99,False,False
0.13076534764720232,50.0,5752.693561143606,33.98499311817816,42,9,14,10,1.81,1.08,1,10:24,13:57,0.55,0.0086,11,75,23,12,28,True,False,False,2.7,38,False,False
0.2704548675029517,56.19047619047619,51002.23662533867,31.668564935473455,105,5,8,28,3.17,1.59,9,10:10,15:01,0.46,0.0128,16,72,33,13,30,False,True,False,2.4,99,True,False
0.19234058734595633,55.55555555555556,5881.118476028274,13.550340224351428,18,9,14,27,3.83,1.5,3,09:56,15:07,0.56,0.013,12,67,23,11,20,False,True,True,1.3,19,True,True
0.10392558314635279,50.72463768115942,77704.1927474181,86.94850985622102,414,5,8,23,1.92,1.43,1,10:21,13:28,0.52,0.0123,23,71,25,11,20,True,True,True,2.9,94,False,False
-0.05240098719088516,42.74809160305343,-9767.993101564769,155.63305658161067,131,9,21,11,3.19,1.62,7,09:21,14:57,0.62,0.0071,17,73,32,16,22,True,True,False,2.8,27,True,False
-0.9773603609793701,25.0,-3713.099466303789,18.565497331518944,4,8,20,25,4.59,0.99,6,10:41,13:34,0.41,0.0121,20,76,20,10,23,True,False,False,1.8,79,True,False
0.14162656081382705,45.45454545454545,24461.01338094142,38.5252268815355,165,5,8,16,2.65,0.66,2,09:52,14:02,0.53,0.0105,21,79,27,16,18,False,True,False,1.3,16,True,False
-0.10027184485632845,40.6015037593985,-16912.53615700955,177.7277642227053,133,8,20,12,2.34,1.47,5,09:26,13:59,0.46,0.0074,14,78,20,15,21,True,False,True,2.8,109,True,False
-0.1715872618102806,35.294117647058826,-8353.99407170324,66.50850811517175,17,9,15,22,2.81,1.83,10,09:26,13:09,0.66,0.015,10,70,32,12,28,True,False,False,1.2,85,False,True
0.39904560719382015,66.66666666666666,7644.400996505148,20.859343217398468,9,8,20,15,3.43,1.29,3,09:25,14:19,0.61,0.0051,24,76,35,18,24,True,False,False,1.0,99,False,False
0.039972726447018006,45.1219512195122,5541.551700482771,54.90880296323748,82,9,15,11,2.93,1.02,1,10:01,14:04,0.57,0.014,10,78,29,19,19,True,True,False,1.2,43,False,True
-1.0624474101253105,0.0,-11928.18974949242,64.27113751496668,12,10,20,19,2.55,1.89,4,09:51,13:58,0.52,0.0112,29,75,21,20,30,True,False,False,2.7,23,False,False
0.02999742566856647,50.177935943060504,12695.990942826833,44.3972495778676,281,9,14,19,2.73,1.91,7,10:59,15:11,0.53,0.0125,19,68,32,14,19,False,False,False,2.9,26,False,False
-0.04245717680039165,39.6551724137931,-3495.294150216032,51.493385583194204,58,8,14,21,2.47,0.75,10,10:50,13:59,0.63,0.0119,28,65,21,15,22,True,True,False,1.8,36,False,True
0.5121746248863124,61.76470588235294,29178.213578091687,13.941158952067944,34,5,8,21,1.9,1.08,10,10:47,13:21,0.62,0.0111,15,68,22,14,29,False,False,False,2.3,90,True,False
0.024182470751763573,40.0,-305.45550169824855,15.978170172186989,5,9,21,16,2.29,1.21,2,10:24,14:27,0.56,0.0118,16,72,29,12,25,True,False,False,2.2,72,True,True
-0.14092797960169798,52.63157894736842,-12769.107480950017,127.11196005779013,38,9,14,22,2.5,1.93,7,09:47,13:00,0.69,0.0065,25,71,24,13,23,False,True,False,1.7,94,True,True
0.04179460028687937,45.84717607973422,18805.541675959452,76.89756633907479,301,5,8,30,2.13,1.21,4,10:54,13:03,0.64,0.0068,30,68,34,13,20,True,False,True,1.5,23,False,False
-0.03161713472671862,40.0,-615.5798108748459,27.143034667701006,15,8,14,18,2.85,1.88,1,10:00,14:39,0.47,0.0052,25,79,29,14,28,False,True,False,2.8,76,False,False
0.0890780861206706,54.83870967741935,10821.451623358524,31.54795881834021,62,9,15,14,2.11,1.55,8,10:31,15:14,0.63,0.0087,27,69,20,19,22,False,True,False,1.7,93,False,True
0.13550388003239167,52.94117647058824,2793.8843862954345,17.116128654881717,17,8,14,10,2.32,1.57,10,10:38,14:15,0.51,0.0056,14,65,35,16,22,False,True,False,1.0,46,False,True
0.1867529762280686,28.57142857142857,4331.072117526288,29.372752643712076,14,9,14,24,3.02,0.53,10,09:55,13:11,0.58,0.0112,23,71,29,13,27,False,False,False,1.3,105,True,False
0.004550618964766767,38.983050847457626,-686.4751951830367,34.84371262205271,59,9,15,30,4.28,0.9,1,10:59,14:28,0.47,0.0112,22,80,26,12,21,True,False,True,1.5,31,False,True
0.09140762736597613,39.743589743589745,13195.826870173703,55.14222791809886,78,5,8,18,4.85,1.86,1,10:14,13:31,0.6,0.0134,10,67,25,16,30,False,True,True,1.0,23,False,True
-1.6200872105219177,0.0,-2188.394093701576,11.321867587761798,4,8,20,13,3.61,1.02,6,10:02,13:49,0.48,0.0065,13,73,28,13,28,False,False,True,2.7,27,True,True
0.17628997806578428,55.55555555555556,6265.091109257006,47.482785230235166,9,10,20,10,3.9,1.61,7,09:23,14:23,0.57,0.0067,30,78,25,20,30,True,True,False,1.6,61,True,False
-0.24432940258048536,50.0,-969.1384393534827,19.749527127787537,4,10,20,11,2.19,1.76,7,10:57,14:27,0.45,0.0142,18,70,32,13,29,False,True,False,2.0,67,False,True
0.07655559192619028,50.0,8252.208464534404,32.74845139459489,58,9,14,29,4.58,1.76,5,09:45,13:57,0.41,0.0119,29,80,31,18,22,True,False,True,2.1,66,False,True
-0.17111169199905474,34.285714285714285,-6606.156355972964,49.34891468058434,35,9,14,27,4.3,1.22,5,09:48,13:36,0.44,0.0109,26,77,26,19,26,False,False,False,1.2,23,False,True
-0.025169056761413445,36.08247422680412,-2671.086657892036,105.82291972550517,97,9,21,19,3.38,1.33,5,09:37,15:15,0.66,0.014,11,66,30,16,19,True,False,True,1.9,112,False,True
-0.0044747889518611935,45.28301886792453,-1248.4864581738839,61.16133786689196,53,9,15,14,3.84,1.71,1,09:24,13:57,0.57,0.0066,22,80,35,20,23,False,False,False,2.7,55,False,True
0.2549293437482867,50.0,12064.884934975042,35.431042029874206,18,8,20,25,3.53,1.69,4,10:49,13:56,0.63,0.0148,21,76,27,11,25,True,True,True,1.9,112,True,True
-0.01621840553923839,26.744186046511626,-466.30803721472694,79.49787705925365,86,9,21,11,4.26,0.64,3,10:38,14:07,0.6,0.0079,25,72,25,11,23,False,True,False,1.2,64,False,False
0.07712485488988559,46.666666666666664,2791.565960087839,26.643051489566833,30,9,14,30,2.3,0.83,4,10:55,13:27,0.44,0.0066,11,77,24,17,23,True,True,True,1.2,92,True,False
-0.720712962119424,33.33333333333333,-7580.428651893162,41.811876043273614,6,8,14,22,2.02,1.91,9,09:17,14:37,0.7,0.0052,17,79,33,10,25,False,True,True,2.3,37,True,True
0.5675329670725197,77.77777777777779,12418.396955673972,20.50962018326802,9,9,14,20,4.45,1.54,3,10:25,13:26,0.61,0.0097,21,72,20,16,22,True,True,True,1.7,76,True,False
-0.10461411307329319,36.61971830985916,-7725.076256020649,58.896409906920525,71,5,8,30,2.6,1.63,5,09:52,15:10,0.4,0.0074,20,72,26,16,18,False,True,False,2.5,17,True,False
0.10463780407113618,45.02923976608187,32886.73242862236,30.30018784816615,171,9,14,16,2.75,1.01,9,10:07,14:43,0.61,0.0064,16,68,20,19,19,True,False,True,1.3,55,False,False
0.014823155255802759,45.45454545454545,4586.5318617600715,67.88756868519206,77,9,21,29,2.69,1.45,10,10:33,13:11,0.63,0.0095,26,66,22,16,19,True,False,False,2.6,118,True,False
0.13520108871606318,43.529411764705884,18935.930499204886,44.61460425564939,85,8,20,28,3.32,1.18,7,10:35,14:40,0.44,0.0085,18,71,32,20,18,False,True,True,2.7,105,True,False
0.2306133907544613,52.94117647058824,5786.639320887731,20.81141111550856,17,8,20,29,2.22,0.68,7,10:25,13:05,0.51,0.0082,12,77,25,18,25,True,False,True,2.8,114,True,False
0.20285739881239134,52.12765957446809,32838.4786683082,26.583006169040846,94,5,8,14,3.66,1.52,3,10:26,15:05,0.44,0.0076,10,74,34,18,30,False,True,True,2.6,79,False,True
-0.07062495378399296,45.45454545454545,-3930.721536639232,45.09134421676105,33,9,21,18,2.94,1.98,9,10:06,14:07,0.63,0.0125,14,75,21,19,23,True,True,True,2.0,46,False,True
0.16428866202649955,52.63157894736842,12703.823253163406,28.65960726739872,38,9,14,16,3.48,1.82,4,10:56,13:18,0.51,0.0148,10,74,32,11,28,True,True,True,2.7,48,False,False
0.19438049929116435,52.63157894736842,7265.541111304832,25.86912024292302,19,9,21,13,2.94,1.51,7,09:29,14:10,0.55,0.0132,12,71,26,16,30,True,False,True,1.2,118,False,False
-0.017643466262209893,22.429906542056074,-1419.1223113518136,77.37468715158865,107,9,21,26,3.96,0.55,6,10:21,14:05,0.5,0.0138,23,69,22,16,21,True,True,True,2.8,87,False,False
0.1121984974503379,44.5945945945946,6044.752388924819,20.465693776782693,74,8,14,13,2.22,0.6,4,10:49,14:41,0.51,0.0142,10,78,24,15,22,True,True,False,2.6,22,False,True
0.2491746309023586,36.666666666666664,30979.99710413471,26.281022366776707,90,8,14,16,3.06,0.52,4,09:28,13:42,0.44,0.0086,17,70,32,11,28,False,True,False,1.3,52,False,False
-2.2900145533047898,0.0,-4608.956932818948,26.801252868451876,5,8,20,23,4.55,0.73,5,10:33,14:25,0.69,0.0099,24,74,33,12,30,False,True,True,1.7,105,True,True
-0.05298069726506524,40.54054054054054,-2973.7924828587784,37.7637729810376,37,8,20,29,2.45,1.07,10,09:33,15:09,0.59,0.0144,29,67,20,15,25,False,False,True,1.8,33,False,True
0.07639998938121004,41.77215189873418,11973.740249610186,40.39775201244475,79,9,21,24,3.29,0.9,4,09:34,14:01,0.51,0.0072,28,73,25,10,23,False,True,False,2.3,52,False,True
0.30602243516470795,57.14285714285714,25286.78160960402,24.45858163052873,42,8,20,17,4.9,1.99,9,10:35,13:17,0.55,0.0085,28,78,34,10,23,True,True,True,1.4,44,False,True
0.037855752528193336,33.33333333333333,-76.05873540027824,21.394924064046354,6,9,15,11,4.76,0.89,3,10:52,14:56,0.62,0.0062,22,73,21,11,29,False,True,True,2.9,106,True,False
0.7120989293767548,75.0,6732.183770444466,9.996919501573661,8,10,20,21,3.41,1.32,10,10:47,14:52,0.46,0.0064,26,73,24,10,25,False,False,False,2.7,41,True,True
0.13522158233547818,46.913580246913575,19417.335711275802,28.203657244887196,81,5,8,16,3.37,1.46,9,10:03,13:18,0.48,0.0126,26,72,27,13,30,True,False,True,1.3,65,True,True
0.07449353935499195,43.333333333333336,4041.116857405461,37.566590473230484,30,9,15,15,2.67,1.61,4,09:23,15:12,0.58,0.0138,19,80,34,11,29,False,True,True,1.8,76,False,True
0.07032912990157825,50.0,2675.4976282137104,46.84995010270404,22,9,14,21,2.36,0.9,1,09:51,13:46,0.66,0.0088,20,77,26,15,26,False,False,False,2.2,67,True,False
0.3021042684499157,60.86956521739131,22362.99113670322,50.769708055337674,23,5,8,16,3.75,1.68,10,10:50,13:09,0.58,0.0133,13,66,30,15,20,False,False,True,2.8,101,True,False
0.17942251564543713,39.84375,38868.00677144684,39.871275451214046,128,5,8,30,4.34,0.74,8,09:43,15:11,0.43,0.0139,21,80,21,17,30,False,True,False,2.3,88,False,True
-0.10131681934086065,44.44444444444444,-1389.5804916408888,31.164339740088543,9,9,15,18,3.78,1.42,1,10:56,13:35,0.61,0.0057,25,66,26,16,23,False,True,True,1.5,45,True,True
-0.03545869681214534,40.0,-5628.96807855997,61.685121442350834,65,8,14,16,3.4,1.15,1,10:23,14:11,0.58,0.0144,18,65,23,14,22,False,False,True,1.8,26,False,True
0.30427455670094367,47.540983606557376,44427.31042367884,22.645630091919955,61,8,14,27,4.6,1.19,6,10:32,13:30,0.58,0.0068,10,73,29,16,21,True,False,True,1.7,120,True,False
0.03166180714075953,43.15789473684211,2173.03282115655,43.98078241437513,95,8,14,28,2.12,0.98,2,09:41,13:53,0.49,0.008,29,78,33,20,18,False,True,True,1.8,35,True,False
-0.06597386211243275,50.0,-3086.6491683329878,35.30530648121535,26,8,20,18,3.6,1.23,10,10:10,14:28,0.61,0.0089,30,69,26,20,26,False,False,True,2.7,37,True,False
0.3637872374286721,47.61904761904761,18043.36791233893,16.849856968378397,21,8,14,17,4.81,0.77,8,09:59,14:05,0.47,0.0066,28,77,27,12,22,False,False,True,1.5,53,True,True
0.1356598382263266,47.61904761904761,5912.100656410432,32.592719795376865,21,9,14,20,3.86,1.65,6,10:52,15:06,0.57,0.0133,18,80,24,13,20,False,True,True,1.7,98,True,True
0.26341225785647854,53.03030303030303,29623.255121984133,22.63948794212628,66,5,8,20,2.67,1.12,1,10:48,13:16,0.49,0.007,20,72,35,11,28,False,False,False,2.1,89,False,True
0.17254000934001498,53.57142857142857,5226.852854715664,22.795386616241885,28,9,15,17,4.03,1.32,5,09:30,15:12,0.43,0.0107,11,69,29,14,30,False,True,False,2.3,24,True,False
0.23366511877433857,46.42857142857143,11736.500865923052,14.677426834425273,28,10,20,10,3.37,0.85,6,10:48,14:48,0.66,0.0054,18,76,29,13,22,False,True,False,1.7,77,False,False
-0.8719139463079854,7.6923076923076925,-7282.449188340992,38.38334282499896,13,5,8,11,2.68,0.58,1,10:17,14:05,0.62,0.0052,22,75,33,10,30,True,False,False,2.3,92,False,True
0.1688352143755653,56.57894736842105,28122.126292786343,24.508212468569944,76,8,14,27,3.46,1.53,6,09:19,13:16,0.64,0.0112,23,74,30,18,29,False,False,True,2.8,55,False,False
0.430334802748101,60.0,8173.052742739215,16.3800659659592,10,8,20,16,4.98,1.13,9,09:27,14:32,0.59,0.0112,20,80,30,20,25,True,True,True,1.1,62,True,False
-0.013647812593223315,40.909090909090914,-1135.8603445947301,39.77724001484903,66,8,14,12,2.71,1.2,2,10:01,15:01,0.45,0.007,28,76,25,17,23,True,True,True,1.3,29,True,True
0,0,0,0.0,0,9,15,11,1.99,1.09,1,09:53,13:24,0.56,0.0051,20,72,20,14,27,True,False,True,2.1,30,False,True
-0.00044892534021782947,41.935483870967744,190.60162322420365,31.083810994161375,31,9,15,11,2.72,1.91,3,10:40,13:05,0.47,0.0139,15,68,28,18,23,False,True,True,1.3,100,False,True
0.18081023775647137,33.33333333333333,1264.7166505873429,6.746108731209357,6,9,21,12,4.77,0.52,7,09:30,15:08,0.58,0.008,14,78,29,16,24,False,False,False,2.1,21,True,True
-0.05310067974386491,34.375,-2098.2668869577137,49.13141587975438,32,10,20,23,3.44,0.83,9,09:21,14:11,0.54,0.0082,11,67,31,14,28,False,False,False,2.9,39,False,False
0.37780966045023917,50.0,1964.2014974505837,19.004706057025857,2,9,14,18,2.96,1.92,5,09:56,14:00,0.7,0.0052,23,76,32,18,24,True,True,False,2.6,94,True,True
-0.013840884407407491,31.932773109243694,-949.2678803030976,58.503517338983194,119,9,15,19,2.97,0.69,7,09:47,14:50,0.48,0.0082,11,65,28,14,19,True,False,False,1.1,50,False,True
-0.031398544722359145,39.285714285714285,-482.86062603498794,29.67695848470438,28,9,14,23,3.41,1.16,4,10:27,14:00,0.48,0.0104,17,76,29,19,28,False,True,False,1.0,29,False,True
0.05276724620553806,48.99598393574297,27654.271110930982,128.21516015136075,249,8,20,23,2.97,1.77,10,09:15,14:09,0.49,0.007,26,70,26,20,18,False,True,False,1.7,72,False,False
0.08702953037756032,35.294117647058826,42220.51748211074,91.33935656871034,255,9,21,11,3.85,0.74,10,09:34,14:33,0.51,0.0135,18,76,26,13,19,True,False,False,1.0,77,False,False
0.03540517307504098,46.590909090909086,17315.412613888424,59.21239746767179,264,9,14,29,3.69,1.33,2,10:24,14:01,0.69,0.0118,10,78,27,13,18,False,True,True,2.0,23,False,False
-0.7652281157453015,33.33333333333333,-4485.873878656374,22.57448416633288,6,9,21,29,2.37,1.21,5,10:16,13:31,0.63,0.013,15,69,21,12,28,False,False,True,1.6,64,True,True
0.2818818063907075,52.27272727272727,16849.768281403485,21.510064221159244,44,8,14,16,2.73,0.89,10,10:54,15:10,0.42,0.0126,22,71,35,13,29,False,True,True,1.1,117,True,False
0.0017611909590805575,44.44444444444444,228.10078871382575,49.486572197078445,18,9,21,14,3.69,1.23,8,09:19,13:53,0.65,0.0054,12,73,23,11,28,False,False,False,1.8,24,False,False
-0.2587383269517573,14.285714285714285,-4276.517798693678,29.089090287889185,14,10,20,10,1.92,0.94,9,09:42,14:34,0.48,0.0066,13,70,29,17,30,False,True,False,2.7,51,False,False
-2.0608163218973763,0.0,-5113.019498121457,25.565097490607286,5,8,20,10,2.11,0.99,7,09:24,14:38,0.41,0.0055,13,78,22,20,29,True,True,False,2.8,69,False,True
0.12545847056141374,50.36764705882353,53727.785794757074,46.2372498977655,272,5,8,16,3.1,1.33,3,10:00,13:53,0.46,0.0128,18,69,24,14,28,True,False,False,1.2,64,False,False
0.050825580536319866,33.33333333333333,4024.805190431216,32.924649797356956,51,8,20,22,4.86,0.6,7,10:35,15:05,0.47,0.0073,28,76,26,15,26,False,True,True,1.8,100,False,False
-0.00021420178491009446,43.75,1046.3780033054863,66.08320892857226,80,9,15,22,3.09,1.26,3,09:45,14:33,0.54,0.0093,14,70,24,17,21,True,False,False,1.3,80,False,True
0.1225678812361662,36.61971830985916,40304.7822715118,73.91334969493111,142,9,15,12,2.7,0.87,9,09:18,14:20,0.61,0.0086,26,79,30,10,22,False,True,False,1.6,102,False,True
0.28260856570816495,59.09090909090909,12997.353475696873,28.613284733615735,22,10,20,25,2.93,1.56,9,09:30,14:28,0.43,0.0063,21,66,31,11,25,True,False,False,1.9,80,True,False
-0.38618649872213784,31.03448275862069,-17144.84463849304,108.65431943233249,29,9,21,15,4.01,0.92,7,09:16,13:19,0.64,0.0114,22,74,29,13,28,False,True,False,2.5,85,True,False
0.3088619290954872,55.55555555555556,2870.760043290087,15.178940360714096,9,9,15,13,3.1,0.96,2,09:48,14:01,0.42,0.0063,18,70,29,16,30,False,False,False,2.4,112,True,False
0.1692900273972928,49.828178694158076,125406.35715975481,61.31389230057326,291,5,8,16,3.5,1.2,7,09:26,13:37,0.66,0.0146,24,79,21,17,27,False,True,True,2.9,94,False,False
-0.03682246077193239,50.0,-1798.577143416307,51.44131040857379,46,9,21,15,1.55,1.84,6,09:34,14:03,0.49,0.008,14,73,23,12,19,True,False,False,2.6,61,True,False
-0.17145974411555595,28.57142857142857,-1838.6611041907563,18.724590566093696,14,9,15,21,4.05,0.83,2,09:58,13:19,0.51,0.0089,27,67,20,12,29,True,True,True,2.8,15,False,True
-0.23336585103046031,36.36363636363637,-3066.639613711286,38.67373556855726,11,5,8,28,3.63,1.93,10,09:30,14:44,0.53,0.0053,25,72,33,15,28,False,False,False,1.9,83,True,True
-0.10336294929139395,30.434782608695656,-12843.415827621517,98.8992333800495,69,9,21,14,2.14,0.98,10,09:45,14:31,0.65,0.0093,27,65,31,12,22,True,True,False,1.2,109,False,True
0.168308667677973,33.33333333333333,2605.96107230306,18.840806747446003,12,9,14,24,4.12,0.5,5,10:05,13:47,0.46,0.0079,30,79,30,15,26,True,True,True,1.4,47,True,True
0.1056092676607369,50.0,4944.96793993457,29.52263028727808,26,9,15,22,3.22,1.45,3,10:05,13:03,0.48,0.008,24,71,21,18,27,False,True,False,2.8,118,False,True
0.5447248226996124,75.0,6825.770754216366,19.47027715313372,8,9,14,21,3.41,1.99,1,10:53,13:47,0.68,0.0124,29,74,27,13,23,False,True,False,1.5,56,True,False
-0.04708837544357811,35.41666666666667,-4536.933026905306,44.24225830793484,48,10,20,20,1.95,1.01,9,09:19,13:53,0.63,0.0086,29,80,22,18,22,False,False,True,2.9,98,False,True
-0.003772131139457595,36.36363636363637,-48.18120971310054,16.6966002999691,11,10,20,23,2.22,1.0,6,10:55,14:31,0.55,0.0052,28,65,26,10,19,True,True,False,2.6,53,True,True
-8.25228989517884,0.0,-3183.511026733948,15.917555133669739,3,9,21,23,3.7,0.99,1,10:10,13:19,0.52,0.0056,29,80,33,14,30,False,False,False,1.1,117,False,False
0.1708690806091928,39.39393939393939,15699.566910685353,41.19584945551412,33,9,21,20,4.65,1.33,1,10:57,15:11,0.53,0.0096,18,77,27,15,18,False,True,False,2.2,77,True,False
-0.10441656088258566,46.478873239436616,-11575.542482787385,83.13683203302962,71,9,14,30,3.06,1.9,9,09:58,14:54,0.56,0.0148,15,67,26,18,22,True,False,False,1.0,22,False,True
-4.05932991178497,0.0,-3901.134595548863,21.22879312806783,3,9,21,28,4.03,1.1,3,09:36,15:09,0.5,0.0114,20,78,23,12,28,False,True,False,2.9,59,True,False
-0.07007632239035225,33.33333333333333,-1120.2239744195322,24.156569539428297,6,8,14,29,2.21,1.31,3,10:25,15:01,0.6,0.006,28,72,20,12,27,True,False,False,2.1,104,True,False
0.24605326816179401,40.909090909090914,53341.00531594749,39.51421649285962,110,5,8,26,2.49,0.7,5,10:22,13:25,0.62,0.0071,17,65,23,18,26,False,False,True,2.9,117,False,True
-0.005040279864425698,46.230158730158735,-3062.3738923728815,107.3978663571904,504,5,8,27,4.96,1.88,2,10:03,14:16,0.68,0.0076,25,79,34,16,22,False,False,False,1.0,21,False,False
-0.01785893058760042,36.12903225806451,-3330.0890481794377,80.91862658318193,155,10,20,23,3.05,1.05,9,09:59,13:59,0.51,0.0131,26,69,33,20,18,True,False,False,2.6,72,False,False
-0.40284907260233177,16.666666666666664,-4043.611133085644,29.625196410803124,6,8,20,23,4.87,1.28,3,09:55,14:55,0.62,0.0103,18,77,22,14,28,True,True,True,1.9,108,True,False
0.36906319959239264,42.857142857142854,14922.433315733331,14.009361912279894,14,5,8,12,4.94,0.5,2,10:29,15:06,0.61,0.0131,19,80,35,10,26,False,True,True,1.3,105,True,True
0.014021649723939565,44.54545454545455,1790.4150235859233,73.03367075743665,110,8,14,25,3.55,1.04,9,10:02,13:58,0.41,0.0086,12,80,33,16,26,True,True,True,2.6,35,False,False
0.3251750171314814,58.97435897435898,53669.67510779915,24.683115782739208,78,5,8,23,2.79,1.34,10,10:20,14:46,0.63,0.0078,25,65,21,20,18,False,False,True,1.5,108,True,False
0.03324879176217503,37.142857142857146,1951.0789165309434,37.602957519024415,35,9,21,13,4.45,1.1,6,09:23,15:02,0.58,0.0143,14,72,21,18,23,True,False,True,2.4,95,True,True
-0.05804832523986851,44.44444444444444,-1434.4408860141411,35.49226342898072,18,9,14,13,2.2,1.16,8,10:20,14:02,0.48,0.0056,10,74,20,14,23,True,True,True,1.0,40,False,True
-0.0007208070657954653,25.806451612903224,664.8743821079515,67.25341689419741,31,8,14,21,2.99,0.52,3,09:23,13:23,0.62,0.0057,10,78,21,18,23,True,True,True,2.7,73,False,True
-0.11966617930538644,20.51282051282051,-5285.666169684904,67.1861652416879,39,10,20,22,3.88,0.58,1,10:01,13:47,0.54,0.0117,21,80,28,13,26,True,True,False,1.5,91,False,False
-0.049034849468658305,40.0,202.68321212345472,23.578805993416747,5,10,20,12,2.87,1.88,6,10:29,13:28,0.57,0.0076,14,68,24,13,30,True,True,False,1.7,50,False,True
0.45057153897688956,57.14285714285714,18081.027426347544,31.96462097142726,14,9,15,12,4.56,1.69,3,09:41,15:12,0.64,0.0109,12,79,25,10,21,False,True,False,2.6,101,True,True
0.357384583934178,54.54545454545454,21807.070563682544,16.81475227849632,33,5,8,21,3.65,1.6,10,10:25,15:09,0.47,0.0058,22,66,35,10,28,False,False,False,2.8,23,True,False
0.06225924073013798,49.45054945054945,8795.424006752655,37.43252583980568,91,9,21,27,4.26,0.96,7,10:27,15:13,0.46,0.0097,28,66,20,18,22,True,False,True,1.2,49,True,False
-0.25871823570884595,33.33333333333333,-2100.3663536045715,16.18462296842846,3,9,14,17,1.58,1.25,1,09:30,13:28,0.65,0.0065,27,71,32,11,27,False,False,True,2.1,64,True,True
-0.03209379161757817,42.76315789473684,-3699.98376891676,86.76989717486188,152,8,20,14,1.75,1.08,8,10:15,14:29,0.43,0.011,18,73,29,14,20,False,True,False,1.0,103,True,False
0.1119580526103996,41.988950276243095,33926.98417849757,35.890233243669364,181,8,14,25,3.29,1.24,7,10:12,13:04,0.55,0.0088,29,77,33,18,19,True,True,True,1.2,87,False,False
-0.23351236267684838,35.0,-7871.489676384388,58.830383512723515,20,9,21,12,3.76,1.47,9,10:42,13:50,0.61,0.0102,22,66,34,20,25,True,True,True,2.3,92,False,True
1.3326986179734848,100.0,5447.211930594865,2.8294363546399075,4,5,8,27,2.17,1.82,5,09:58,13:12,0.63,0.0051,11,68,29,12,20,True,False,True,2.2,23,True,True
-0.4335090473985143,33.33333333333333,-1373.7547925575454,16.656284826093394,3,9,21,18,2.02,0.8,7,10:21,13:12,0.58,0.0144,19,77,29,20,30,True,False,True,1.3,45,False,True
-0.00936400795086163,41.0,-7.89816589710972,86.4723406352587,200,10,20,17,4.44,1.14,7,10:05,15:01,0.46,0.0081,25,68,23,13,18,True,False,False,2.6,22,True,False
0.06522406905790747,33.33333333333333,7014.130106114004,36.58324809937447,39,10,20,20,2.6,0.8,4,09:42,14:02,0.66,0.009,26,75,24,10,26,True,True,False,2.4,73,False,True
0.1691492728363393,47.194719471947195,79320.0170591904,59.950251631529525,303,5,8,21,3.06,1.09,5,09:52,14:39,0.44,0.0129,29,66,24,19,27,True,False,True,1.8,101,False,False
0.051807716638109375,47.5609756097561,9857.61698045491,50.041891131457604,82,8,14,29,4.03,1.02,4,10:31,13:44,0.7,0.0142,22,68,30,12,20,True,False,False,1.1,28,False,True
0.03471069917711768,50.0,2701.406517137646,28.399227110966617,98,9,15,26,1.69,1.93,6,10:57,15:05,0.46,0.0072,25,80,22,13,20,False,True,True,1.3,16,False,True
0.10455883246796953,39.473684210526315,9142.592704902389,32.66424299317188,38,10,20,28,1.72,0.9,8,10:28,13:28,0.68,0.0078,29,77,28,11,19,False,False,False,1.3,94,True,False
-0.2524452322502529,40.0,-1896.3890486660712,24.058479163138298,5,8,20,13,3.17,1.92,2,09:47,14:04,0.4,0.0091,27,68,24,16,24,True,False,True,2.6,40,True,False
0.29687851962772477,46.42857142857143,14771.326310496559,29.098464888692305,28,8,14,20,4.56,0.86,5,10:04,14:54,0.46,0.0149,12,68,26,18,27,False,True,True,2.3,102,True,True
0.050026891188350735,42.028985507246375,22595.480767705354,166.60621466826916,138,9,21,18,4.34,1.31,6,09:19,14:21,0.67,0.013,28,66,33,10,20,True,False,False,2.5,89,False,True
0.2319868349314205,38.46153846153847,7897.043905407005,15.541172804248657,26,5,8,26,3.43,1.47,3,10:10,13:57,0.41,0.009,20,66,33,20,29,True,True,True,2.9,21,True,False
0.02799041660049277,43.333333333333336,539.688545835852,34.794177535006995,30,10,20,22,3.32,1.36,5,10:00,13:09,0.54,0.0101,14,79,29,17,23,False,False,True,1.3,69,True,False
0.25078580243901266,50.0,2718.9179336637208,21.69792736145951,4,9,15,10,3.14,1.55,2,09:37,14:36,0.67,0.0067,26,74,25,13,30,True,False,True,2.8,84,True,True
0.018717533357545613,52.94117647058824,1326.1436104003405,34.024145634927336,34,9,14,10,1.5,1.61,7,10:28,14:40,0.42,0.0079,22,74,30,10,26,True,True,True,2.8,79,False,True
0.16388289511199894,55.55555555555556,10062.414442386951,23.205367873478462,27,9,21,24,3.98,1.35,7,09:26,14:39,0.47,0.0113,13,79,27,12,22,True,True,False,1.1,36,True,True
0.22327346348354302,40.0,4810.908419274616,18.373162384717855,10,9,14,18,2.92,0.61,3,09:56,13:03,0.64,0.0062,12,76,28,15,19,True,True,False,1.6,33,True,True
-0.06976244607093017,48.57142857142857,-16786.38837762637,123.62045838108044,140,9,21,26,1.76,1.68,2,09:25,15:14,0.69,0.0134,24,76,34,10,22,True,True,False,2.4,23,False,True
-0.02257222715467918,45.98930481283423,-4801.24874658664,109.65001735407334,187,8,20,19,3.17,1.31,3,10:05,14:45,0.69,0.0071,29,65,21,15,20,False,True,True,2.8,37,False,False
0.33938201900100623,50.0,8101.166738115768,13.566654030632098,26,9,14,21,2.49,0.58,5,10:44,13:21,0.41,0.0054,27,70,24,17,26,False,True,False,1.2,47,False,False
0.06305449816179806,41.221374045801525,8732.03848910864,29.193750660311295,131,9,15,16,3.77,1.6,3,10:58,13:07,0.4,0.0147,13,76,21,11,19,False,False,True,1.2,40,False,False
0.1907445313774198,37.857142857142854,62917.799998738235,46.36880158108519,140,5,8,22,4.48,0.67,9,09:25,14:56,0.65,0.0079,18,65,21,13,29,True,True,True,2.9,54,False,True
-0.965281796459789,0.0,-4911.45346729672,30.08552959254782,4,8,20,29,3.36,1.83,9,09:27,15:00,0.58,0.0114,29,70,20,16,30,True,False,True,1.8,33,True,False
0.06417707468804604,45.94594594594595,14780.407477005014,56.88733693009777,111,9,15,13,3.25,1.9,9,10:21,15:03,0.44,0.0074,28,71,28,15,19,False,True,False,1.6,107,False,True
0.4924475634584144,80.0,3240.7077139446374,21.062039487981732,5,9,15,21,1.82,1.64,10,10:42,13:07,0.65,0.0104,15,67,31,16,28,True,False,False,2.5,46,True,False
0.16472317481598084,52.59259259259259,40081.00835200248,35.07319195628544,135,5,8,27,2.86,1.02,8,09:22,14:22,0.64,0.0072,30,77,34,13,27,True,False,False,1.6,50,True,False
0.0908834371615044,28.57142857142857,239.26583149443104,17.597305605904143,7,8,14,19,2.03,0.56,9,09:41,14:57,0.65,0.0139,18,73,33,10,30,True,False,True,1.0,110,True,True
0.11305440293166129,56.310679611650485,20439.463014466266,49.34525071811177,103,8,14,14,3.85,1.91,3,09:23,14:32,0.53,0.0132,23,74,24,15,25,False,False,False,1.5,48,True,False
0.010499984853639921,50.0,126.25527251051244,16.41470811521499,12,8,20,23,2.17,1.74,8,09:30,14:46,0.45,0.0108,19,77,24,20,29,False,True,False,2.9,60,True,True
0.2435452732486761,54.929577464788736,22309.331138196743,17.991252558104957,71,5,8,25,4.81,1.36,10,10:52,13:35,0.46,0.0133,26,69,27,18,23,False,True,True,2.7,39,True,True
0.0410179722819029,37.77777777777778,7476.1350284816945,51.27546440724778,90,9,21,22,4.2,1.11,7,09:55,14:17,0.45,0.009,19,79,33,17,18,True,False,True,1.1,31,False,True
-0.23100408475085535,47.05882352941176,-9054.724612625289,63.82439696824189,17,8,14,20,4.25,1.85,3,09:47,13:24,0.55,0.0137,11,78,23,11,28,True,False,False,1.2,93,False,True
-0.11724562996696061,40.0,-5268.606520953079,44.97422188622585,30,9,14,25,4.9,1.53,1,10:13,14:18,0.49,0.0122,17,74,30,12,25,True,False,True,1.4,15,False,True
-0.08014792557186448,50.0,-5297.248562676399,42.1990006054822,60,10,20,30,1.64,1.5,7,10:56,14:14,0.41,0.0073,20,74,24,18,18,False,False,False,3.0,49,False,True
0.04845330837531514,51.64835164835166,10503.519949911988,54.3288890550635,91,8,14,30,2.85,1.55,7,10:53,14:00,0.68,0.0115,17,75,32,15,18,True,False,False,1.1,86,False,True
-0.7440180628570293,11.11111111111111,-4179.950770471811,23.62629511669311,9,10,20,15,4.12,0.91,8,09:44,14:15,0.48,0.0103,17,65,25,14,29,True,True,False,2.1,16,False,True
-0.010955000155755382,32.758620689655174,596.2921459090394,75.65472999102029,116,10,20,25,3.37,0.97,1,09:51,14:13,0.49,0.0079,29,75,24,17,19,True,True,False,3.0,115,True,False
0.04028232519760875,49.696969696969695,8741.425672780519,43.65651815524977,165,9,14,17,4.29,1.98,9,09:42,14:53,0.42,0.008,13,80,32,17,18,False,False,False,2.0,25,False,True
0.2991712671112373,48.148148148148145,9867.078616010116,11.951174985815918,27,10,20,26,2.91,1.03,10,10:09,14:35,0.42,0.0088,10,67,29,10,18,False,False,False,2.3,55,True,True
-0.007263984686843686,42.857142857142854,-1094.5327464970833,32.9495903448469,49,9,15,26,1.7,1.07,2,09:22,14:37,0.57,0.0061,13,70,31,14,24,True,True,True,1.3,47,False,True
-0.11517202494898161,44.339622641509436,-12836.712114145561,84.43523361962916,106,9,21,13,1.76,1.96,6,09:34,14:42,0.42,0.0147,15,76,32,20,18,False,True,False,2.7,25,False,True
0.18838244285842284,33.88235294117647,152415.4719437041,19.611215240635268,425,8,14,17,3.36,0.66,2,10:00,14:56,0.56,0.0137,13,77,31,12,18,True,True,False,1.2,103,True,False
-0.023817781333558562,40.0,-1397.2938971845833,61.6652720830688,45,9,14,17,4.81,1.12,2,10:38,13:07,0.6,0.0133,17,69,22,10,27,True,True,True,1.4,26,True,False
0.05258008851425787,47.22222222222222,12971.90134379526,56.76530106896295,216,8,14,11,2.12,1.08,2,09:40,14:32,0.47,0.0118,27,72,34,16,22,False,False,False,1.1,91,False,False
0.08448436401372106,44.57831325301205,7876.247411963217,30.477581077685613,83,8,14,27,3.25,0.64,7,09:46,14:16,0.52,0.0133,30,78,27,13,22,True,False,False,2.8,24,False,True
0.46368689713158157,58.333333333333336,15973.485129458699,18.886911349554893,12,10,20,26,4.2,1.07,7,09:18,13:56,0.66,0.0086,19,80,24,13,23,True,True,True,2.9,80,True,True
0.0963207820798402,30.0,771.3953085263565,15.520013091868886,10,10,20,28,4.82,0.63,4,10:44,13:41,0.43,0.0113,16,75,23,13,26,True,True,True,1.8,114,True,True
-0.03694006789869537,46.15384615384615,-81.35798852829248,41.00897297923189,13,9,14,23,2.95,1.71,3,10:48,13:51,0.56,0.0122,17,75,35,14,22,True,False,True,2.7,90,True,True
-0.18092835443616664,44.230769230769226,-12793.901658623337,83.29670234629245,52,9,21,14,1.71,1.26,9,09:25,13:27,0.49,0.012,17,68,24,14,26,False,False,False,2.2,62,False,False
-0.18314183157502678,37.5,-8778.398284449851,51.23974978630482,24,9,21,27,2.36,1.24,10,09:53,14:18,0.65,0.0119,13,69,26,19,25,True,False,True,1.5,116,False,True
0.9054670351752006,80.0,15774.406604291871,19.655532986666177,10,9,15,29,2.24,1.9,10,09:56,13:37,0.66,0.0075,28,72,22,16,20,False,True,False,1.8,120,True,False
0.1192749627802205,30.120481927710845,59714.83420875155,57.01906231868823,249,9,21,30,3.91,0.58,1,09:37,14:04,0.69,0.0083,25,70,35,12,18,False,True,True,1.5,69,False,False
0.11858072698679463,60.0,2601.7408222018894,24.62100719127727,10,8,20,29,3.0,1.57,5,10:18,13:25,0.58,0.012,20,70,28,20,29,False,False,False,2.7,27,False,True
0.17667531029463956,51.75438596491229,64620.78581936633,31.111391053894486,228,5,8,19,4.31,1.33,2,10:59,13:53,0.52,0.0109,17,76,21,19,18,False,False,False,1.0,45,False,True
-0.837777438788065,33.33333333333333,-2263.7691654756272,14.545233327378265,3,9,21,27,4.03,1.21,1,10:10,14:57,0.51,0.0124,24,68,25,16,21,False,True,True,2.2,17,True,True
0.40201554529472716,80.0,3043.021696216805,17.9794951553935,5,8,20,23,2.1,1.14,10,10:41,14:10,0.47,0.0116,12,69,21,18,20,False,True,False,2.8,54,True,False
0.08947954260405419,40.65934065934066,10703.944939953366,43.96617980587241,91,8,14,10,2.36,1.51,7,10:52,13:49,0.52,0.0067,26,67,25,16,18,False,False,True,1.2,85,False,True
0.17102350488710347,53.92156862745098,61317.05626584178,23.726008343530726,204,9,14,29,3.47,1.39,7,10:51,14:58,0.56,0.0092,15,73,20,19,19,True,False,False,1.8,52,False,False
0.06455601305679863,45.94594594594595,8610.19541424093,31.62890033269025,74,8,20,19,1.91,1.37,2,10:40,13:43,0.45,0.0092,21,74,29,10,20,False,False,False,1.7,99,True,False
-0.014320204281827315,39.39393939393939,-1113.241060358905,71.27980958999271,66,9,14,22,3.46,1.37,4,09:59,15:14,0.51,0.0056,14,71,32,11,25,False,True,False,2.1,24,False,False
0.043327951109511834,37.5,3653.5099232421344,33.76381605162948,56,9,21,13,2.1,1.29,2,10:23,15:04,0.67,0.0061,19,75,35,19,18,False,False,True,1.0,105,False,True
-0.6453832616202138,18.75,-5756.129846622911,34.80574258699887,16,10,20,25,2.66,0.51,10,10:03,14:19,0.48,0.0105,17,77,28,17,30,True,False,False,2.7,97,False,False
0.18161855918747352,36.13707165109034,113470.69465905681,46.727919694681255,321,8,20,27,3.5,0.62,6,09:42,15:01,0.62,0.01,22,73,30,11,19,True,False,False,2.7,53,False,False
0.17332115221221947,54.6875,19133.04070783296,27.106696198486997,64,9,21,16,3.87,0.93,2,09:36,13:26,0.55,0.0119,26,68,25,10,18,True,False,True,2.5,24,True,True
-0.5508992675444228,42.857142857142854,-2445.4664536170676,13.882238662406374,7,8,20,14,3.18,0.79,6,10:41,13:09,0.43,0.0114,22,68,32,15,22,True,False,False,2.6,15,True,False
0.12415346247888194,60.526315789473685,20073.97571721203,54.57703258529701,76,8,20,18,3.7,1.91,8,09:38,14:19,0.63,0.0109,13,70,30,20,21,True,True,False,2.2,46,True,False
-0.08918252924674451,44.0,-4560.923442517867,47.907086196001565,50,9,14,16,2.26,1.44,3,09:26,14:51,0.4,0.0056,30,74,28,20,19,True,True,True,1.4,38,False,True
-0.31119681395303095,26.923076923076923,-4052.4771984859453,27.113934090129387,26,10,20,21,2.89,0.63,4,09:49,14:51,0.44,0.0117,30,66,21,14,28,True,False,False,2.1,17,True,False
0.05687904097842123,50.0,1580.8990310054214,45.140791717156866,12,9,15,25,1.88,1.53,2,10:25,13:49,0.63,0.0054,30,70,23,13,21,True,False,True,2.1,84,False,True
0.018129104308427353,30.76923076923077,5795.542808358343,62.22429535577659,65,9,21,17,2.95,0.84,5,09:53,14:57,0.7,0.0106,16,66,22,10,25,True,True,True,2.9,71,False,True
0.029122388671258822,40.51724137931034,10133.801959259261,117.6981063371142,116,9,15,21,2.62,1.0,10,09:34,13:19,0.62,0.0142,23,67,30,11,24,True,False,True,2.6,109,False,False
-0.013680668825601032,25.0,304.3469295557625,32.92704491333019,12,9,14,17,3.26,0.7,5,09:45,14:20,0.53,0.0069,11,67,34,17,27,True,False,False,2.6,97,True,True
0.1001966870650535,39.189189189189186,13884.310526955742,47.56579430853123,74,8,20,12,2.05,0.7,9,10:25,13:27,0.57,0.0087,26,77,26,17,18,False,True,False,2.1,93,False,True
-0.09488653300474974,25.0,-1442.9419646531533,43.994591808222445,28,9,15,15,2.78,0.58,9,09:55,13:57,0.51,0.0096,19,71,34,18,29,True,True,False,1.3,111,True,True
0.3520223813778043,56.41025641025641,46461.12785435225,17.90483478078296,78,9,14,29,2.4,1.28,2,09:42,14:51,0.48,0.0145,20,66,23,11,19,False,False,False,2.9,106,True,True
0.34930441329521955,54.83870967741935,20084.650752433758,35.50435581635757,31,9,14,15,2.81,1.21,5,10:06,14:41,0.5,0.0092,22,68,21,11,18,False,True,False,2.9,119,True,True
-0.29413635137529354,33.33333333333333,-916.5748287275492,12.791982820761994,3,9,21,16,2.62,1.17,3,10:40,15:15,0.55,0.0124,15,76,26,19,30,False,True,True,1.3,90,True,True
0.02951289424094711,45.90163934426229,5047.6274286060725,44.59136646971963,61,10,20,29,2.6,1.19,3,09:21,13:20,0.68,0.0148,26,79,23,11,19,False,False,False,2.8,20,True,False
0.09854929444892616,47.87234042553192,18484.528761481823,55.12865366042652,94,8,14,15,3.18,2.0,2,09:15,13:06,0.59,0.013,29,74,20,18,28,False,True,True,1.5,76,False,False
0.21500242391838537,56.00000000000001,25342.257497758314,51.684858559369886,50,8,20,22,2.02,1.73,4,09:24,15:07,0.54,0.0125,21,79,22,15,20,True,True,False,1.9,53,True,False
0.009710650356897365,29.629629629629626,4887.106168650334,114.82240898676099,81,9,14,16,4.07,0.64,4,09:37,13:01,0.58,0.0094,14,74,35,13,21,True,True,True,1.3,81,False,True
0.38362702958401285,50.0,4260.400990547558,16.690875508368578,8,10,20,19,3.63,1.67,5,10:33,13:31,0.46,0.0102,11,69,33,14,27,False,False,False,1.2,58,True,True
0.2087515070563681,58.744394618834086,76176.08069056699,22.148355619653422,223,5,8,17,1.69,1.45,6,10:40,14:26,0.49,0.0063,18,66,30,19,24,False,False,False,1.9,100,False,False
0.6013965982791487,63.1578947368421,16006.857933658408,13.909928727176728,19,8,14,26,3.97,1.82,8,10:24,14:07,0.44,0.0124,27,69,31,19,19,False,True,True,1.7,60,True,True
0.231088800332831,37.5,9335.128445205188,29.629855550776547,16,8,14,16,3.44,0.5,6,10:04,14:11,0.62,0.0104,29,69,29,14,19,True,True,True,2.5,51,True,True
-0.1190458883076986,40.19607843137255,-19798.78737130361,114.97783467150722,102,5,8,15,1.63,1.56,1,10:02,13:16,0.66,0.0077,28,65,20,18,25,False,True,False,1.7,21,True,True
-0.11356140714948117,42.5531914893617,-11421.057357375123,89.78283627729868,94,10,20,15,2.94,1.79,4,10:29,13:31,0.5,0.01,16,68,23,19,20,True,True,True,3.0,29,False,False
-0.02325050365208425,47.31182795698925,-3631.4451596312556,82.77361956348524,93,9,15,18,3.73,1.41,1,09:15,14:01,0.53,0.0087,19,67,26,16,27,True,True,True,1.9,48,False,False
0.09005236962673036,49.21875,16147.542926449307,27.1583449842061,128,9,14,22,2.52,1.13,5,09:33,13:33,0.52,0.0085,30,65,23,18,18,False,False,True,2.4,29,False,True
-0.2984170323584201,14.285714285714285,-5923.182386854161,39.95189320845496,14,10,20,11,2.34,1.08,1,09:44,14:56,0.63,0.0072,25,74,20,16,27,False,False,True,1.7,32,False,True
-1.0070271857353603,20.0,-2452.5179149894066,14.973077800812625,5,9,21,28,3.82,0.66,10,10:38,14:10,0.46,0.007,27,68,20,12,18,False,True,False,1.8,62,True,True
0.015433313367375414,43.83561643835616,4059.5083565917594,76.74674872049874,73,8,20,18,2.76,0.8,9,10:50,14:34,0.68,0.0146,24,71,28,20,24,True,True,False,2.3,72,False,False
0.1943781290978381,45.0,8834.209589109785,38.94466884202778,20,8,14,10,4.8,1.07,10,09:55,14:54,0.64,0.0059,13,68,27,16,27,False,False,True,1.2,78,True,True
0.08403183443272905,32.5,4433.654645135131,36.354658427019565,40,9,14,29,2.09,0.5,9,10:56,13:35,0.53,0.0142,23,72,24,16,30,False,True,False,1.6,92,False,False
0.20352079446036994,62.365591397849464,21609.2805654122,18.417880734488648,93,8,14,23,1.95,1.25,3,09:33,13:23,0.43,0.0133,23,67,24,19,27,True,True,False,2.1,44,False,False
0.008517446657405362,43.65079365079365,957.8739965810055,31.87303962853605,126,8,20,23,1.51,1.61,6,10:49,14:41,0.52,0.0071,27,67,20,10,20,False,False,True,1.5,81,False,True
-0.004635681572760455,34.61538461538461,495.73456989843544,25.86443909027541,26,9,15,26,4.09,1.23,7,10:39,13:04,0.46,0.0085,14,74,21,16,23,True,False,True,2.5,19,True,True
-0.04253406675841815,40.54054054054054,-5942.062111604639,92.60193779840303,74,10,20,21,3.32,1.72,9,10:48,14:26,0.62,0.0125,10,79,26,14,18,False,True,True,2.4,105,False,True
0.1914957607823157,27.27272727272727,21905.84412023671,17.301605503261232,88,5,8,25,2.72,0.51,8,10:16,14:21,0.45,0.0055,19,80,21,14,18,True,True,False,2.9,91,False,True
-0.11813502224474069,46.42857142857143,-4359.4084671373275,43.213335913695694,28,10,20,19,3.68,0.97,7,10:43,13:36,0.65,0.0135,13,76,23,20,26,True,False,True,1.7,35,False,False
-0.024707094050356013,40.476190476190474,-505.6914856492331,33.33691778221687,42,8,20,22,1.59,0.84,7,10:08,14:44,0.42,0.0131,24,80,33,18,22,False,True,True,1.4,24,True,False
0.1870600108347846,59.32203389830508,18137.574762808377,30.910434909487456,59,9,14,29,2.85,1.42,8,10:41,13:27,0.52,0.0134,20,67,24,17,26,True,False,False,2.8,92,True,False
0.13839402288806352,43.655413271245635,119986.51808129891,19.867134378116063,859,5,8,12,1.7,0.58,10,09:57,15:12,0.55,0.0103,17,80,22,17,19,False,True,True,2.1,25,False,False
0.2664711599031198,58.82352941176471,9458.693344109728,24.49754999999983,17,8,20,19,3.04,1.75,10,10:09,14:02,0.66,0.0078,27,67,26,19,27,True,False,True,1.8,105,False,True
-0.11072380579185043,41.37931034482759,-7985.074688916657,59.06532124391345,29,8,20,23,1.68,1.63,10,09:31,14:24,0.66,0.0149,14,65,29,15,25,False,False,False,3.0,87,False,True
-0.06584804412108375,45.033112582781456,-11044.424467119865,131.23129905472354,151,8,20,24,2.16,1.21,5,09:41,14:48,0.48,0.0123,18,70,25,16,21,True,False,True,2.8,52,False,False
0.4334075957478467,60.0,5175.422098820796,13.314826029398802,10,9,21,27,4.78,0.82,8,10:09,14:06,0.42,0.0116,20,77,35,12,20,False,False,False,2.8,107,True,True
0.32012534499891043,64.0,9655.687100168743,13.274898593159904,25,8,14,23,1.64,1.94,5,10:34,13:54,0.45,0.0115,14,68,34,15,27,False,False,False,2.0,58,False,True
0.11522337735917569,35.57692307692308,30385.471681656752,64.8109156391417,104,9,15,10,4.33,0.75,2,09:15,13:11,0.61,0.0086,28,74,32,10,24,False,False,True,2.9,77,False,True
0.054103807184364784,44.29530201342282,22132.051061966304,80.25645675409862,149,8,20,19,3.62,1.16,9,10:48,14:35,0.66,0.0097,23,70,31,20,19,False,True,True,1.5,88,False,False
-0.14948077389626324,57.14285714285714,-1420.5738305309933,32.302843588979755,7,8,20,25,4.6,1.73,3,10:13,14:29,0.5,0.0052,30,65,30,11,29,True,True,True,2.5,88,False,False
0.2051151035765902,60.91954022988506,21714.633797390583,19.19373896347324,87,5,8,29,1.93,1.69,9,10:59,14:35,0.54,0.0092,30,71,21,18,23,True,False,True,2.1,32,True,True
-0.28845350518480173,23.076923076923077,-3502.2632025763305,19.23888587145824,13,10,20,11,1.54,1.46,4,10:37,15:14,0.42,0.0147,16,80,32,18,27,True,True,True,1.1,89,False,True
0.062062999513742605,46.06741573033708,15017.610619295534,57.73524043157193,89,9,14,22,4.93,1.37,8,10:13,13:31,0.64,0.0079,20,67,27,18,18,True,True,False,2.5,99,False,True
0.1431127646372927,33.86004514672686,92028.67195862744,35.577578488371046,443,5,8,15,2.31,0.66,2,10:24,13:40,0.52,0.009,13,75,23,19,20,False,True,True,2.8,119,False,False
-0.40690331321618983,33.33333333333333,-1786.57135866709,19.978998095289445,3,9,21,15,3.58,1.29,9,10:48,13:34,0.66,0.0083,29,78,30,14,18,False,True,False,2.7,59,True,False
-0.4498957660738906,26.229508196721312,-36431.9501407203,204.949866332516,61,9,21,10,2.31,1.0,2,09:34,14:58,0.58,0.0065,22,72,29,14,25,True,False,True,1.8,35,False,False
0.1378350745387959,51.724137931034484,6500.426364585845,24.082363630855856,29,8,14,28,2.05,1.17,10,09:37,14:18,0.56,0.0101,26,69,20,17,29,True,False,True,2.0,102,True,False
0.034246974114084526,47.82608695652174,1163.1299087598272,28.938283354390382,23,9,21,28,1.54,1.43,4,09:56,14:24,0.63,0.0055,18,65,26,11,22,False,True,True,1.4,48,False,True
0.2606652207691137,69.23076923076923,4353.776124474891,17.40906966185832,13,8,14,17,2.06,1.84,7,09:17,13:28,0.51,0.0079,13,71,20,17,23,True,False,False,1.5,27,True,False
-0.07547735910310724,34.61538461538461,-3040.252549083132,55.32136061762763,26,8,14,20,4.63,1.18,5,09:48,13:21,0.51,0.006,27,80,25,11,25,True,True,False,2.5,29,True,True
0.4585608429041821,66.66666666666666,31335.58333840326,15.081215835790305,45,5,8,19,3.32,1.16,5,10:27,13:35,0.42,0.0115,25,68,26,10,23,True,True,True,2.7,60,True,False
0.23616687083686047,37.07865168539326,48702.70838978588,23.469745215893294,89,8,14,13,3.38,0.62,2,09:29,14:45,0.69,0.0099,11,71,20,15,18,False,False,True,2.8,73,True,True
0.023620271912815762,36.58536585365854,6918.75054750737,91.2043802459477,205,8,14,25,2.44,0.92,1,09:37,13:15,0.59,0.0105,10,78,30,13,20,False,True,False,2.5,108,False,False
0.1487412878032859,51.02040816326531,80661.60380836875,38.762791004416535,294,5,8,30,3.61,1.83,3,09:25,14:40,0.45,0.0083,16,69,33,19,18,False,True,True,2.7,96,False,True
0.5652220009790803,61.53846153846154,11932.148059398278,17.031302864826912,13,9,15,11,4.55,1.21,1,09:41,14:28,0.44,0.0074,10,79,20,11,27,False,False,True,2.0,73,True,True
0.1483556779267853,42.62295081967213,19227.106576174963,31.518557450668933,61,8,14,28,2.07,1.03,3,09:42,14:18,0.66,0.0119,20,67,33,10,21,True,False,False,1.4,43,True,True
0.17761836730072955,38.46153846153847,2742.251118057964,16.039161987176545,13,10,20,19,4.42,1.88,7,10:59,14:45,0.57,0.0149,26,73,29,20,30,False,True,True,1.3,53,False,False
-0.03952876323112344,25.0,-2261.2103203637016,41.66460256112426,24,9,14,21,3.16,0.66,3,09:21,14:28,0.57,0.0122,23,77,34,11,28,True,False,True,2.7,49,False,True
-0.019765625749491866,48.64864864864865,-316.2403726782359,37.368622296011,37,9,14,28,4.9,1.55,1,09:38,15:15,0.42,0.0109,10,77,28,19,28,True,True,False,2.0,50,False,True
0.11675140737372733,48.45360824742268,25628.617535618454,42.50184140812637,97,8,14,11,3.09,1.3,9,09:22,14:13,0.64,0.0111,18,67,26,14,28,True,True,True,2.3,80,False,False
0.2555427179207791,52.307692307692314,29227.468359351362,25.244212366632674,65,5,8,12,1.87,1.92,1,10:29,13:14,0.64,0.0116,15,80,32,10,21,False,True,True,1.8,75,True,False
0.17363266693143165,52.94117647058824,5041.9574723209225,31.913102441324565,17,8,14,20,3.28,1.53,10,09:34,14:47,0.52,0.007,23,68,31,10,30,True,False,False,2.4,81,True,True
0.19510355115935518,38.40104849279161,215661.8150522432,17.15539382289641,763,5,8,28,4.92,0.61,8,10:44,15:01,0.48,0.0099,24,68,21,20,18,False,False,False,1.1,60,False,False
-0.027597083048594716,54.385964912280706,-1773.0287656855726,50.03215628590688,57,9,15,28,3.81,1.89,7,10:35,15:09,0.46,0.0115,24,66,34,12,23,True,False,False,1.9,63,False,True
-0.3299053527075077,25.0,-1226.504999748522,9.36265906588149,4,10,20,23,2.91,1.8,10,11:00,15:15,0.45,0.0087,10,72,35,14,30,True,True,True,1.3,102,False,True
0.05116405169752172,46.22641509433962,11684.201682774728,69.08547653666487,106,9,14,12,3.41,1.84,3,10:01,13:15,0.59,0.0116,14,78,26,18,23,False,True,True,1.7,88,False,False
0.0116391898453104,50.0,2889.0916503174376,48.01555950809642,52,10,20,21,4.74,1.94,8,10:15,13:40,0.5,0.0098,16,65,33,19,19,False,True,False,2.4,82,True,False
0.03751600368755974,30.0,861.0708583285705,35.17695510422757,20,9,14,30,4.84,0.67,5,10:53,14:56,0.66,0.0067,16,78,27,12,27,False,False,False,1.8,114,True,True
0.025175012014572857,41.904761904761905,4839.871552351142,70.73052483334072,105,9,15,14,4.13,1.08,2,09:32,13:56,0.45,0.0066,17,67,30,16,23,True,False,True,2.1,111,False,False
0.2899208605921747,60.0,10316.546467619319,15.271742876069874,30,9,15,27,1.7,1.46,5,09:46,14:35,0.41,0.0078,28,76,33,10,26,False,True,True,1.3,106,True,True
-0.30224033951929047,43.75,-11418.059041689723,80.57139286781972,16,10,20,10,2.6,1.88,2,10:00,13:50,0.67,0.0096,21,71,27,13,27,False,False,False,2.3,70,True,False
-0.16198414265134517,45.45454545454545,-2413.345056244445,36.08711910575103,11,8,20,22,2.5,1.58,7,09:54,13:45,0.55,0.0138,12,73,32,12,29,False,False,False,2.5,90,False,True
-0.06989790723537793,40.0,-5912.303518969324,49.08401087666924,70,9,14,14,2.8,0.82,5,09:17,14:04,0.49,0.0062,17,69,20,15,22,False,True,False,2.9,25,False,True
-0.005271840225673773,45.45454545454545,-846.37577997462,26.43371270940506,33,8,20,21,3.8,0.87,9,10:04,13:42,0.48,0.0068,18,73,27,20,23,False,True,False,1.9,26,True,False
-0.0018278709822111448,40.28776978417266,2428.282430378691,76.04119365569885,139,9,21,15,4.6,0.92,2,09:46,15:11,0.67,0.0119,29,74,30,20,21,True,True,False,2.5,64,False,False
0.05972057071791381,40.57971014492754,3570.8728539961303,23.311851046344422,69,8,20,23,1.62,0.72,5,10:26,13:43,0.58,0.0061,26,70,35,17,18,False,True,False,1.5,24,True,False
0.37990212695969167,60.71428571428571,16923.47893010923,14.899629662734542,28,9,15,21,3.09,1.77,6,09:29,14:16,0.61,0.0121,21,74,22,20,24,False,False,True,1.7,16,True,True
0.32505898437921565,66.66666666666666,2557.8641272319874,14.775699816627139,3,10,20,22,2.14,1.8,10,10:44,14:23,0.67,0.0075,21,67,29,16,30,True,False,False,1.1,98,False,True
0.18369682983252927,30.76923076923077,22440.346314355957,25.15665117475149,52,8,20,27,3.74,0.58,6,09:56,14:46,0.66,0.0102,27,75,34,10,20,False,True,True,2.5,114,True,True
-0.30278440995201333,28.57142857142857,-4963.003435691513,27.85963273427437,21,9,21,23,4.86,1.27,6,10:49,13:55,0.51,0.0138,14,74,31,19,28,False,True,True,1.6,23,False,False
0,100.0,1686.3525000000445,2.334422833735823,1,8,14,27,2.96,0.88,5,10:29,15:09,0.43,0.005,15,72,22,15,27,False,False,True,2.1,28,True,False
0.16469269490863367,41.30434782608695,18536.168347161904,24.78282163317215,92,9,14,16,2.15,0.72,10,10:40,14:40,0.52,0.0141,26,76,21,15,26,False,False,True,2.9,70,False,False
0.2878233229840998,62.5,4104.211761733663,17.774080389908118,8,8,14,13,2.56,1.42,2,09:31,13:49,0.46,0.0149,15,71,23,14,23,True,False,True,2.6,88,True,True
0.12483381341404035,36.58536585365854,8189.797576882174,22.607148832203,41,5,8,26,4.87,0.87,2,09:42,13:13,0.42,0.0054,23,69,34,19,22,True,False,False,2.4,82,True,True
-0.16713027976037886,30.76923076923077,-3839.3688642469315,36.37612575820472,13,9,21,19,3.83,1.92,9,09:38,14:32,0.59,0.0127,20,74,29,17,28,True,True,False,1.9,35,False,True
0.2388964933790301,44.44444444444444,29568.6902033055,17.604662867466025,90,5,8,11,1.98,0.7,6,10:30,13:59,0.55,0.0137,18,65,21,11,28,True,True,True,2.9,108,True,False
0.11618357564180948,46.666666666666664,2184.7916967073106,20.069230187238706,15,9,14,12,2.84,1.22,5,10:33,13:52,0.54,0.0053,21,72,25,20,18,True,False,True,1.6,48,True,True
-0.09442939768104436,20.833333333333336,-2477.955008951125,24.06521419764223,24,9,21,22,1.67,0.54,10,09:28,13:31,0.55,0.0082,10,79,24,10,20,False,False,True,1.4,65,True,False
0.10110231410489712,29.629629629629626,8481.021732882866,47.2932629762757,54,9,14,16,3.83,0.51,5,10:33,15:10,0.58,0.0057,28,77,35,14,19,False,True,True,2.6,92,False,True
0.15299097297796035,56.30252100840336,31441.128751255237,36.99295334741157,119,8,14,21,3.2,1.52,6,10:42,14:58,0.47,0.014,24,68,29,11,25,True,True,False,1.0,85,False,False
-0.17331478970347822,44.44444444444444,-1816.0456796617946,32.04530523777988,9,9,21,16,3.62,1.67,4,10:59,13:42,0.55,0.0115,19,72,28,16,27,False,True,True,2.5,39,False,True
0.009449520452180825,43.75,90.13093050389216,23.695976095714432,16,9,14,18,2.26,0.92,5,09:37,14:33,0.5,0.0143,18,73,33,15,26,False,True,False,2.7,38,True,True
-0.13720977471399717,44.26229508196721,-17735.69514620752,124.47611031575765,61,9,21,27,1.63,1.89,1,09:22,13:30,0.6,0.0108,30,72,29,19,25,False,True,False,1.9,110,False,False
-0.10535429358652083,26.47058823529412,-3147.2973249512834,28.332038716066815,34,8,20,14,2.06,0.71,2,10:09,13:06,0.42,0.0101,28,76,24,17,22,False,True,True,1.2,75,False,True
0.3219461671449116,40.0,4383.58795557301,17.70238364761228,5,8,20,22,2.47,0.54,10,09:57,15:11,0.61,0.0131,15,69,33,15,29,False,False,False,2.0,42,True,False
0.01641912719021727,47.22222222222222,1493.2681996705142,47.778622008109856,36,9,21,25,2.95,1.15,4,10:59,13:11,0.66,0.01,30,78,35,18,23,True,False,True,1.5,94,False,False
0.3806420814376005,58.82352941176471,12096.571912803352,15.025291859863096,17,8,14,26,4.79,1.91,4,10:31,13:19,0.49,0.0051,22,66,33,12,20,True,False,False,1.4,83,False,False
0.14387756558532133,46.57534246575342,14835.150668538292,24.75183727923456,73,8,14,30,4.07,0.69,1,10:50,14:49,0.52,0.0102,19,65,29,18,28,True,True,True,2.1,44,False,False
0.09561726892766433,20.0,987.59493566522,17.35166217148894,5,9,21,29,4.67,1.01,9,10:40,13:18,0.66,0.0062,18,76,20,20,28,True,False,False,2.8,21,True,True
0.15395704680545397,47.05882352941176,3872.5557066537804,22.140825943877356,17,8,14,24,3.65,1.01,5,09:40,13:04,0.43,0.0149,10,76,23,18,27,True,True,True,2.8,63,True,True
0.1332875442245748,42.56410256410256,46482.45714381666,37.21986976552636,195,5,8,21,2.93,1.01,10,10:55,13:53,0.54,0.0148,29,74,34,15,19,False,True,True,2.6,102,False,True
-0.9104828413343129,18.75,-7756.286506411596,51.46512719620484,16,9,21,19,2.65,0.51,2,09:20,14:26,0.7,0.0111,10,77,33,19,25,True,False,False,1.6,115,True,False
0.13919374778222748,41.40625,36721.30708489942,45.82145811437744,128,9,21,16,3.55,0.95,10,10:37,13:35,0.59,0.0097,19,77,23,13,19,True,False,False,2.8,67,False,False
-0.3645750298700015,24.137931034482758,-9744.26236017545,55.02539413007914,29,10,20,24,3.42,0.95,9,10:06,13:50,0.46,0.0077,19,77,25,13,28,True,True,False,2.4,43,False,False
0.2509112311341777,33.33333333333333,1708.8841874971731,23.97274752049268,3,10,20,10,3.65,1.65,6,10:32,14:58,0.58,0.0111,17,71,23,10,21,True,True,False,2.7,105,True,True
0.23116370074457948,35.0,136465.15977946488,23.703045797780003,360,5,8,17,3.51,0.57,2,09:52,14:39,0.5,0.0142,19,78,28,13,18,True,True,True,2.4,69,True,True
0.06414594182192457,31.979695431472084,22380.290207763857,59.79026125558276,197,8,20,30,4.15,0.66,8,09:45,14:50,0.52,0.0126,20,80,20,20,20,False,True,False,1.8,102,False,False
0.2125028181146009,40.243902439024396,48230.932096712466,67.28836513560094,82,8,20,28,4.07,0.99,2,09:16,14:33,0.63,0.0059,20,78,25,15,18,False,False,True,1.7,85,False,True
0.06075840120616482,33.33333333333333,5333.951432279282,27.03806088936912,48,10,20,20,4.55,0.58,7,10:52,15:04,0.7,0.0075,28,78,26,11,23,True,True,False,2.6,26,False,True
0.1329426911830076,50.110864745011085,82057.44893630719,49.356123193607104,451,5,8,13,2.33,1.38,6,09:23,14:12,0.42,0.0133,18,73,29,11,18,False,False,False,1.3,72,True,True
0.22069619349445066,50.0,7002.920066993316,19.737930900993046,28,8,14,12,4.26,1.37,6,10:00,13:39,0.58,0.0147,17,80,23,20,24,True,True,True,2.3,26,True,False
0.05826828747183168,35.84905660377358,9080.598933465179,50.056376699068096,106,8,14,26,2.27,0.61,2,09:51,13:02,0.65,0.0114,28,80,24,14,24,True,False,False,2.9,84,False,False
0.17083200502329018,54.761904761904766,21921.383519665695,54.793126556445884,42,9,14,17,3.13,1.6,8,09:47,13:18,0.69,0.0149,28,68,33,15,18,True,False,True,2.7,84,True,False
0.15203854796283828,45.83333333333333,47961.34102931156,55.462009452883066,192,9,14,17,3.73,1.29,6,10:57,14:09,0.41,0.0103,19,73,26,13,19,True,True,True,2.7,99,False,False
0.021338176421394395,34.90566037735849,7015.371783153416,94.66320943557768,106,9,21,15,4.04,1.06,5,09:18,13:18,0.53,0.0073,29,74,26,15,18,True,True,False,2.5,117,False,True
-0.14656373710038834,37.93103448275862,-5612.707155690094,49.05589647711864,29,8,20,29,4.16,1.0,1,10:12,13:23,0.62,0.0122,18,76,31,15,23,False,True,True,1.6,32,False,True
0.16688693531866794,55.670103092783506,87687.79999195861,65.43810980301494,291,5,8,26,2.34,1.56,6,10:19,13:56,0.56,0.0074,19,75,23,20,24,True,True,True,2.5,76,True,False
0.14591314299129568,41.935483870967744,29122.22643330296,50.67585720276395,93,9,15,26,2.96,1.03,7,09:20,13:10,0.64,0.0116,13,75,31,12,27,False,False,True,1.5,90,False,False
0.5470938549785525,65.38461538461539,27421.97889191071,12.411915738802042,26,9,15,28,2.64,1.53,9,09:30,14:31,0.63,0.01,19,73,26,17,20,False,True,True,1.1,74,True,False
-0.3822401310826442,50.0,-3453.258649551386,27.742278272719386,10,9,21,30,4.23,1.48,6,10:09,14:58,0.45,0.0091,18,78,23,11,30,False,False,True,2.6,70,True,True
0.5447881104266827,63.63636363636363,11834.667786041591,18.210952341739628,11,9,14,25,3.44,1.85,9,10:02,14:16,0.5,0.01,23,70,35,14,28,False,False,True,2.5,116,True,False
0.2139558741642713,49.01960784313725,48032.268352323415,44.10881943826855,102,5,8,11,3.82,0.99,6,09:55,13:43,0.51,0.011,30,74,28,17,30,False,False,False,3.0,85,False,True
0.8315838290461502,77.77777777777779,19741.11757039283,9.798037477255235,9,8,14,18,4.41,1.96,4,10:09,13:06,0.69,0.0093,12,67,21,17,23,False,False,False,2.0,102,True,True
0.3130730852157286,57.534246575342465,41193.61482079709,25.317812319628953,73,5,8,26,2.35,0.9,8,10:06,14:22,0.65,0.0058,30,69,23,13,19,False,True,False,1.1,31,True,False
0.2111037680990765,55.932203389830505,18156.840164260022,36.22922245421254,59,9,14,12,3.5,1.27,7,10:26,14:19,0.45,0.01,15,74,31,14,28,False,True,False,2.4,62,False,False
0.21704916553137646,48.275862068965516,58560.7954367042,66.98295354670101,87,8,20,13,3.41,1.59,2,09:36,15:00,0.64,0.0144,14,74,24,11,19,False,False,True,1.5,80,True,False
0.01018737497886936,34.42622950819672,1900.714931515413,42.21478705076405,61,10,20,25,4.66,1.33,2,09:52,14:57,0.54,0.0075,24,71,31,17,21,True,True,True,1.0,87,False,True
0.29142002029882413,57.36842105263158,103976.7674012572,24.631518931647662,190,5,8,29,3.38,1.23,3,10:40,13:25,0.65,0.0103,14,70,21,19,24,True,True,False,1.2,51,True,False
0.05244066499719727,44.339622641509436,6929.105869605319,25.196682779571656,106,8,14,17,2.89,1.25,6,10:28,15:03,0.58,0.0118,18,76,20,12,21,True,False,True,1.0,22,False,True
0.045791948224120124,47.368421052631575,2531.1830253058797,35.028396243741945,38,5,8,15,4.14,1.51,5,09:56,14:04,0.52,0.0054,14,77,34,14,25,True,False,True,2.1,29,True,True
-0.7270414881594885,8.333333333333332,-8058.774385010163,58.03213987506217,12,9,14,29,4.38,0.68,9,09:43,13:48,0.62,0.0109,10,67,32,10,29,False,True,True,2.7,99,False,True
0.16060401277730585,30.967741935483872,37723.02166202775,32.18280463136178,155,9,15,17,3.26,0.51,10,09:21,13:02,0.52,0.0109,10,66,33,19,20,False,True,True,2.0,74,True,False
-0.26091875238102946,40.0,-5014.339952009443,50.28153430684773,10,9,21,30,3.3,1.76,10,09:24,13:50,0.64,0.0103,14,65,34,18,26,False,True,False,2.0,52,True,False
-0.02981597209768857,32.0,-303.7393947852506,21.676622936088723,25,9,14,29,1.91,0.66,8,10:27,13:52,0.46,0.0054,28,72,25,10,26,False,False,False,1.1,30,False,False
-0.13505563029660606,46.15384615384615,-4303.461929765675,46.057774875122654,13,9,14,14,1.95,1.95,8,09:15,14:22,0.64,0.0148,14,71,27,18,24,True,False,False,1.9,65,True,True
0.1588379003067235,53.84615384615385,2106.6606497300054,20.39128795762231,13,8,14,10,1.95,1.71,6,09:16,13:50,0.65,0.0143,11,79,32,14,23,True,False,False,2.2,28,True,True
0.10493015486790477,48.484848484848484,88672.56904871608,86.0165831222648,363,5,8,19,2.46,1.54,9,10:07,13:08,0.68,0.0139,25,76,33,19,21,False,False,True,1.8,100,False,False
-0.2008283996921196,31.25,-9800.333954154836,103.04186082367193,32,9,14,27,3.44,1.08,2,09:37,13:38,0.55,0.0067,26,66,25,12,26,False,False,False,1.7,92,False,True
0,0,0,0.0,0,9,15,11,4.33,1.12,6,10:59,14:31,0.65,0.0051,20,73,31,18,30,False,True,True,1.0,48,False,True
0.15872623937222038,52.38095238095239,55958.60752872133,114.30191886715984,126,10,20,19,3.79,1.92,10,09:20,13:17,0.51,0.0145,23,67,20,14,21,False,False,False,1.6,101,True,False
0.06913245126409891,43.22033898305085,12232.851606450913,58.60027700254881,118,8,14,15,2.74,0.96,3,09:44,14:59,0.64,0.0141,22,79,31,16,21,False,False,False,1.7,31,False,True
0.20070385697408535,32.31046931407942,223000.30560956363,30.642873376835013,554,5,8,26,3.68,0.54,8,09:16,14:59,0.67,0.0113,23,70,29,10,18,False,True,False,1.1,74,True,True
0.017609182183028597,55.072463768115945,2772.553354832191,56.287959144588626,69,8,14,26,1.76,1.16,7,10:06,14:46,0.56,0.0062,13,73,35,20,28,True,True,True,2.4,80,False,False
0.06831773527856666,53.333333333333336,2022.954407832065,12.638634601327286,15,10,20,22,2.69,1.99,5,10:32,13:59,0.43,0.0128,14,67,30,17,19,True,True,True,3.0,52,True,True
0,100.0,1073.4227495455707,6.9417991669372014,1,10,20,10,3.92,1.71,2,10:31,13:22,0.41,0.0057,12,68,34,18,28,True,True,True,2.0,105,True,True
-0.03907664758451421,42.857142857142854,-1278.792548851863,28.396781496390066,28,10,20,11,2.84,0.89,10,10:33,14:13,0.51,0.0081,28,66,21,19,28,True,True,True,1.2,95,False,False
0.06534512501213786,53.191489361702125,3817.3006851189784,19.42217853172589,47,9,21,22,2.98,1.14,1,10:45,14:14,0.43,0.0079,18,79,34,17,24,False,True,True,1.1,50,True,False
0.19117359634537467,34.66666666666667,71181.31359579215,19.006939078124063,300,5,8,14,2.34,0.54,9,09:32,14:26,0.45,0.0096,15,79,26,10,23,True,True,True,2.1,76,False,True
-0.0062897277010278045,47.368421052631575,220.73526120224778,37.093428314849874,38,9,21,12,3.57,1.68,10,10:34,13:33,0.53,0.0072,25,78,27,14,21,True,False,True,1.4,18,False,True
0.03524070137030912,44.44444444444444,5603.982967349119,49.735012718495355,135,5,8,18,4.86,1.3,3,09:26,14:41,0.46,0.0053,13,77,27,17,22,False,False,False,2.7,36,False,False
-0.016750943566744562,50.0,-716.9380664246019,70.99450266090493,94,10,20,28,2.56,1.34,5,10:37,14:04,0.7,0.0076,30,77,27,20,19,True,False,False,2.3,44,True,False
0.3254146091818446,66.66666666666666,3096.8607456537793,19.4290514485945,6,9,15,10,3.97,1.86,8,09:32,13:33,0.46,0.0076,25,75,27,12,21,True,False,True,2.9,96,True,True
0.178569970520061,43.95061728395061,107652.71136088253,29.27066913685511,405,5,8,13,4.78,0.89,3,09:22,13:44,0.43,0.0089,26,70,29,13,25,True,False,False,2.1,62,False,False
0.04145120211715448,36.56716417910448,9669.433798532056,42.70893925132506,134,9,15,22,2.1,0.76,7,10:39,14:35,0.7,0.0077,10,69,25,11,19,False,True,True,1.9,53,False,True
-0.5064971566872652,30.0,-5256.834576795998,31.84012108733635,10,9,21,27,2.7,1.44,1,09:40,15:07,0.42,0.0092,26,70,20,15,25,False,True,True,2.2,42,True,True
-2.833477635246501,0.0,-3797.822632711752,19.876401889039762,5,9,21,27,2.65,0.71,8,09:41,13:31,0.56,0.0052,12,72,29,20,23,True,False,False,1.9,58,True,True
-0.023701173052465534,38.13559322033898,-1008.4690338732689,124.90497016233559,118,10,20,26,3.37,0.96,4,09:17,13:39,0.57,0.0132,14,73,22,18,21,False,True,False,1.9,52,False,False
-0.5168406324300084,25.0,-3626.4880784162287,25.428140764207154,8,8,20,15,3.43,1.19,8,10:50,14:45,0.48,0.0083,11,71,24,20,23,True,False,False,1.5,34,True,True
0.4288174182128736,33.33333333333333,1585.7632845443404,8.033234320585542,3,8,20,16,2.43,0.91,9,10:38,13:44,0.41,0.0094,19,68,25,16,28,True,False,False,1.1,35,True,True
0.19313679809229026,36.36363636363637,26557.441874542812,30.62936899238445,44,9,15,15,4.33,0.86,1,09:56,13:27,0.6,0.0056,15,73,22,12,24,False,True,True,1.7,52,False,False
-0.05421621053940088,52.112676056338024,-5718.619180395564,50.2059436119931,71,10,20,26,2.21,1.47,4,10:41,13:22,0.65,0.01,19,75,27,14,21,False,True,True,2.3,47,False,False
0.09194883753895383,47.61904761904761,1832.995959013424,18.037188551285176,21,9,14,16,4.65,1.21,2,10:58,13:24,0.49,0.0079,16,76,28,16,25,True,False,True,2.9,15,False,True
0.16247527454125385,33.33333333333333,3072.535096689222,16.55818471032689,15,8,14,14,3.03,0.96,2,10:21,13:12,0.5,0.0105,27,68,31,15,25,False,False,True,2.8,18,True,True
0.13979548406943668,33.33333333333333,5925.537455101028,35.279529649300315,24,9,14,22,1.65,0.65,5,09:43,14:27,0.7,0.0053,15,79,32,15,20,True,True,True,1.5,96,False,True
-0.4459397940319681,25.0,-1253.8855534377544,12.03321255068304,4,10,20,19,3.29,0.7,5,10:40,13:04,0.42,0.0145,30,69,21,19,26,False,False,False,2.3,119,True,False
0.12176235498425719,54.736842105263165,14627.111312798006,31.481601365527563,95,8,14,20,1.82,1.13,7,09:38,15:15,0.49,0.011,11,80,29,16,29,False,True,False,2.0,100,False,False
0.2683341542080466,42.30769230769231,20345.92035649311,12.86445688360201,52,8,14,16,4.52,0.67,9,10:58,14:53,0.47,0.0144,11,66,27,17,24,True,True,False,2.3,90,False,True
0.12943546325314687,53.84615384615385,6781.375255679821,35.96550895492233,26,9,15,17,2.4,1.28,7,10:08,13:42,0.67,0.0054,24,65,25,12,19,False,True,False,1.8,42,False,True
-0.1422421455228437,40.0,-818.9957501878816,13.117311534626147,5,9,21,15,4.56,0.69,5,10:23,13:40,0.43,0.0104,22,76,29,10,18,True,False,False,1.2,26,True,True
0.037300048292724985,49.6124031007752,12240.001580461132,79.14481608372495,129,8,20,25,2.29,1.98,5,10:44,13:57,0.56,0.0086,29,66,30,11,21,False,False,True,2.4,65,False,False
0.07312275357738268,45.5,63810.14686662229,55.46359514629514,600,5,8,28,1.93,1.28,8,09:24,14:25,0.51,0.0099,24,65,33,12,23,False,False,True,1.8,52,False,False
-0.6688777585101884,33.33333333333333,-1921.3350968963387,9.89759362905178,3,9,14,19,4.1,1.02,5,09:32,14:01,0.45,0.0134,16,74,29,17,27,True,False,False,1.5,32,True,True
0.32932718694687874,66.66666666666666,8908.864150869937,19.02841521567172,15,8,20,14,2.36,1.2,4,10:17,13:00,0.67,0.0126,10,70,27,17,19,False,True,False,2.5,16,True,True
-0.017827154346773347,44.303797468354425,-2591.020160218359,140.94759468644605,158,10,20,20,2.46,1.73,6,09:58,14:33,0.59,0.0094,18,66,27,10,18,False,True,False,2.2,94,False,True
-0.051632314467027256,46.15384615384615,-4040.03608295463,96.94909388891024,52,10,20,13,2.92,1.43,5,10:23,14:50,0.57,0.0093,19,74,25,16,25,True,True,True,2.0,35,False,False
0.01009231053221591,46.26865671641791,461.8352980662821,43.705079302826164,67,8,14,30,1.72,0.94,5,10:07,14:10,0.7,0.0138,27,80,30,14,29,True,False,True,2.3,52,True,False
0.15844750148662048,46.48648648648649,63846.153042211736,50.19101991742363,185,5,8,19,2.82,1.13,8,10:42,14:01,0.62,0.0114,26,67,35,18,20,False,False,False,1.1,115,False,True
0,0.0,-1438.4866068413576,8.713977053919285,1,8,14,27,2.85,1.29,7,11:00,14:11,0.43,0.0055,30,69,21,10,26,False,True,False,1.6,90,True,True
0.10828770740437572,51.76470588235295,14879.850925310253,24.458687501974325,85,9,15,28,3.28,1.54,1,10:20,13:35,0.45,0.0102,18,77,32,10,21,False,False,True,2.9,24,False,True
0.036406399380425926,49.122807017543856,7603.257460707555,45.977062073922454,114,5,8,21,2.97,1.8,6,09:24,13:34,0.68,0.007,27,71,22,15,29,True,True,True,1.7,31,False,True
-0.03585556828942797,45.09803921568628,-7333.013094623433,76.76353080069241,102,9,14,28,3.94,1.73,1,10:33,14:34,0.6,0.0149,15,79,23,14,24,True,True,True,2.2,25,False,False
0.18245336816689264,50.0,1243.9978714724566,14.360167816188538,4,8,14,26,2.52,1.14,8,10:03,13:29,0.49,0.0052,28,76,27,14,29,True,True,True,2.3,104,True,True
0,0,0,0.0,0,9,15,19,3.02,1.53,8,10:27,13:56,0.56,0.0111,13,65,23,10,30,True,False,True,1.1,61,True,True
0.20037688812859322,43.47826086956522,8204.969824536987,22.620261351553644,23,9,21,28,4.0,1.58,7,10:54,14:40,0.49,0.0118,21,74,23,12,19,False,True,True,1.9,57,True,False
0.13309918973818333,49.629629629629626,56190.56174591214,188.78744937027022,135,10,20,13,4.68,1.86,2,09:20,13:55,0.54,0.0082,13,80,26,11,23,True,False,True,2.6,100,False,False
-0.24103991777501144,35.714285714285715,-10371.191440939363,63.7027302652036,28,10,20,18,3.54,1.43,1,09:56,13:16,0.47,0.0097,15,75,24,14,23,False,True,False,2.7,93,False,True
0.189012163752071,50.0,18687.29797200427,36.4077200919746,44,8,14,29,4.34,1.81,6,10:12,13:27,0.69,0.0143,28,67,35,18,25,False,False,True,1.3,101,False,True
0.157075145110184,45.843828715365234,128566.4566731627,47.45699307076653,397,5,8,11,3.45,0.96,5,09:49,13:37,0.61,0.0081,19,69,22,16,23,True,False,True,2.9,78,False,False
-0.5378634949395492,23.52941176470588,-8948.3061360749,46.424140333552224,17,8,14,17,1.92,0.82,7,10:03,14:19,0.59,0.0097,14,72,28,11,30,False,True,True,1.3,25,False,True
0.5664117844921014,69.23076923076923,14333.335930693727,18.26351794786138,13,9,15,27,3.77,1.96,2,09:56,14:32,0.61,0.0131,22,69,25,10,24,False,False,False,2.8,54,True,True
0.47191442444094583,57.14285714285714,6105.418564475709,15.791290308330511,7,8,14,24,2.72,1.39,6,09:19,14:04,0.58,0.0094,13,76,35,15,27,True,False,True,1.3,55,True,False
0.08964790661410443,51.70454545454546,35014.4012643858,79.41477555761189,176,8,20,22,4.9,1.84,10,10:56,15:12,0.49,0.0127,20,67,24,16,19,True,True,False,2.4,83,False,False
0.3835335600955045,50.0,6366.703414023403,14.144252515892186,6,8,14,13,4.7,0.87,7,10:40,13:15,0.64,0.0055,16,67,20,13,25,True,True,False,2.3,119,False,True
0.4252949916594307,54.54545454545454,11977.505768414972,20.40980585613791,11,8,14,10,4.3,1.83,6,10:42,14:06,0.57,0.0069,16,74,23,14,19,True,True,True,2.3,111,True,True
0.03907254626226168,41.935483870967744,2398.433340743635,29.62160122494748,31,9,15,26,2.23,1.38,2,09:16,13:36,0.63,0.0078,10,70,29,19,28,False,False,True,2.0,78,True,True
0.3709610905069254,55.55555555555556,3634.696252664933,14.350814900033503,9,8,20,15,3.25,0.72,9,10:57,14:42,0.51,0.0116,18,78,28,16,23,True,False,True,1.6,43,True,False
0.12639732023049707,34.26573426573427,46662.617282227264,63.2265204280678,143,9,15,16,2.83,0.8,9,09:20,14:00,0.68,0.0104,29,69,30,11,21,False,False,False,1.2,116,False,True
0.14097534787087448,41.66666666666667,1854.203927664017,11.891813388344799,12,8,14,11,1.91,0.58,2,09:59,14:07,0.5,0.012,25,79,30,18,23,False,True,False,2.3,34,True,True
0.1726702421280731,51.31578947368421,27350.947002663976,51.56254423798126,76,8,20,29,3.18,1.74,9,10:36,13:54,0.59,0.0077,17,75,32,13,19,False,True,False,1.4,57,False,True
0.318878529204331,59.09090909090909,8896.289219604681,15.1854958971889,22,10,20,15,1.58,1.2,6,09:20,14:09,0.48,0.0108,20,70,24,18,21,True,False,False,2.7,92,True,True
-0.022086424717230168,42.22222222222222,-592.8648168472755,81.7322447134263,45,9,21,14,3.62,1.99,7,10:32,14:38,0.68,0.0121,20,75,29,15,19,True,False,True,2.1,89,True,False
-0.16415067174936307,50.0,-259.9793985053693,9.371735473200314,2,9,21,16,4.32,1.18,2,09:55,13:30,0.44,0.0129,20,65,32,12,25,False,False,True,2.6,116,True,True
-0.045529310732159475,35.714285714285715,-1605.0284530526224,38.53390440783182,42,9,14,25,2.79,0.5,5,10:59,13:57,0.44,0.0111,27,72,23,10,24,False,True,False,2.5,35,False,True
-0.07038498394391912,47.61904761904761,-3373.4186099922663,45.77409019314697,42,8,20,15,3.81,0.85,2,10:38,14:36,0.41,0.0136,21,68,29,20,28,False,False,True,2.0,84,False,False
-0.3082619082246103,50.0,-669.8949098495759,17.439779671971184,2,8,20,25,1.76,0.58,2,10:47,14:26,0.63,0.0107,13,69,34,14,25,True,True,False,1.4,69,True,False
0.10959330992891608,35.55555555555556,7859.097573727613,37.08501354200516,45,9,15,14,2.2,0.69,8,10:52,14:22,0.68,0.0065,12,68,24,18,22,True,True,False,1.4,111,True,False
0.06460376867893032,48.837209302325576,29876.223643453377,72.41556279099237,215,8,20,29,3.39,1.43,7,09:24,14:33,0.69,0.0117,20,70,34,10,18,False,True,False,2.4,24,False,True
-0.23019961629751037,36.666666666666664,-7599.9629133975195,56.95891535899392,30,9,21,18,4.94,1.49,8,09:43,13:52,0.44,0.0066,24,80,29,16,27,False,False,False,1.2,34,False,False
-0.010360777818187967,27.472527472527474,-865.4737962895961,48.10875194340696,91,8,14,20,1.94,0.54,8,09:23,13:18,0.44,0.0148,28,65,28,15,21,False,True,True,2.0,78,False,True
-0.11403502322626907,37.735849056603776,-8817.569845051907,55.96295592521662,53,9,21,21,2.71,1.32,3,10:38,13:51,0.58,0.0072,16,78,28,16,23,False,True,False,2.7,24,True,False
0.2689910642793268,57.14285714285714,17178.168667413323,25.151496463387062,42,9,15,16,1.72,1.11,4,09:53,13:55,0.59,0.0063,20,77,22,14,20,False,False,True,1.5,24,True,True
0,0,0,0.0,0,10,20,24,4.64,0.52,3,10:48,13:33,0.6,0.0054,21,72,33,15,20,True,False,False,2.9,58,True,True
-0.05580870171236798,35.714285714285715,-9889.794272195533,127.57673683805237,112,10,20,15,3.35,1.47,7,09:48,14:22,0.6,0.0108,19,72,32,17,21,True,True,True,1.4,115,False,False
0.1277836493940433,35.61643835616438,20077.914613677895,51.39649361579235,73,8,20,17,4.74,0.88,4,10:49,13:40,0.53,0.0145,27,78,34,12,19,False,True,False,1.4,118,False,True
0.08994043172892485,45.0,2979.094862480106,16.76774521473251,40,9,21,30,2.28,0.64,9,09:59,15:15,0.49,0.0052,19,80,30,20,20,True,False,True,1.8,46,False,False
0.1512390709601077,54.71698113207547,19546.142373948795,54.82003625511993,53,9,21,11,3.61,1.94,10,10:50,13:04,0.54,0.0084,21,73,35,11,23,False,True,True,2.7,58,False,False
-0.1821832765744861,25.0,-3511.542423564828,32.12182968884035,20,10,20,21,1.95,1.59,3,10:25,13:09,0.43,0.0115,19,74,21,19,25,True,True,False,1.2,31,False,True
-0.35819965670179565,33.33333333333333,-3868.3283677934887,21.264394842759316,6,9,15,21,2.3,1.95,3,09:35,14:41,0.63,0.0052,25,79,27,12,30,True,True,True,2.4,72,True,False
0.05786890444934585,41.02564102564102,2658.9603818168835,36.996356162699165,39,8,14,20,2.0,0.78,5,10:59,14:28,0.6,0.008,26,78,21,11,23,False,False,False,2.6,65,True,True
0.2246071508718977,46.2962962962963,55215.93373817325,18.302087359170066,162,8,14,12,3.79,0.7,9,10:53,13:35,0.56,0.0128,26,77,27,17,21,True,True,True,1.7,41,False,False
0.020935307897784687,37.5,-54.52619708206112,23.61071990013829,8,10,20,24,4.31,0.91,2,10:17,14:46,0.63,0.0086,17,67,30,17,27,False,False,True,1.8,106,True,True
-0.05232863051934846,47.72727272727273,-2121.1851622076865,29.56311717082265,44,8,14,16,1.56,1.03,3,10:02,13:19,0.42,0.0068,25,69,24,13,30,True,False,False,2.3,45,False,False
-0.08073439329480132,28.57142857142857,-614.8815961180189,32.49467109174107,7,9,21,11,1.58,0.97,1,09:28,13:45,0.54,0.0139,27,78,32,10,28,False,True,False,2.5,77,True,False
-0.011171264093967691,46.64310954063604,-2857.5942192275397,102.07503026298951,283,8,14,27,3.39,1.96,1,10:25,13:49,0.57,0.0095,30,71,26,11,18,True,True,False,1.7,28,False,False
0.12194556323758349,52.77777777777778,42112.376271825226,45.27164366922714,216,5,8,14,1.63,1.75,2,10:38,14:11,0.62,0.0068,24,67,31,12,28,True,True,True,2.0,51,False,False
-0.3294513793320615,20.0,-1621.9237595517297,26.609743035538493,5,9,15,11,4.23,0.77,5,10:32,14:22,0.55,0.0055,14,73,32,16,21,True,True,False,1.4,52,True,False
0.425154757013819,50.0,1336.6932845979645,7.243193572872802,2,9,14,28,2.43,0.75,3,10:40,14:18,0.61,0.0067,26,75,29,19,27,True,False,False,2.6,114,True,True
0.11226300567049449,52.27272727272727,8128.399538664122,29.28313968013569,44,8,14,24,2.62,1.28,4,10:57,13:42,0.54,0.0145,21,71,21,17,22,True,False,False,1.4,94,False,True
-0.17148461896896702,33.33333333333333,-12104.773626031329,102.10109883220628,48,8,14,17,1.8,1.38,7,09:47,14:26,0.55,0.0056,21,68,25,10,22,False,False,True,1.9,33,False,True
0.061885028876373545,41.66666666666667,1631.9901217178813,20.717972449308956,24,8,14,12,4.38,1.82,10,10:06,14:30,0.48,0.0052,19,78,27,18,29,True,True,True,1.7,24,True,False
-0.012372715956194276,50.0,-43.18019337120859,42.947272199815174,28,9,15,14,4.55,1.83,4,10:03,13:06,0.59,0.0131,21,75,31,14,25,True,False,True,2.1,98,False,True
0.24968239777731993,35.18518518518518,27506.908549191954,29.099927071037378,54,9,15,11,2.4,0.51,3,09:20,14:26,0.61,0.0062,11,74,27,13,20,True,False,False,2.4,79,True,True
0.8704286365166629,87.5,12605.61326476279,16.708173310653073,8,9,14,20,2.97,1.45,7,10:15,13:49,0.66,0.0139,28,79,24,15,24,False,False,True,2.5,119,True,False
0.41345223550173743,66.66666666666666,3969.785175936835,16.968384715272617,6,9,15,30,4.26,1.52,7,10:20,13:59,0.45,0.0062,30,79,21,13,27,True,False,True,2.7,61,True,True
0.05228499855598378,44.79166666666667,18302.257702948096,134.84029197834272,96,9,14,30,4.53,1.26,7,09:41,13:32,0.65,0.0114,29,73,34,11,21,True,True,True,2.2,86,False,True
-0.11983414966917663,23.076923076923077,-2001.0001308942992,51.10474699203527,13,10,20,27,4.79,0.95,5,09:25,13:38,0.59,0.0127,12,77,22,14,29,True,True,True,1.7,89,True,False
-0.010061531893262225,40.909090909090914,-2151.5912561657497,49.69887149946706,66,8,14,12,2.34,1.53,5,10:23,14:26,0.69,0.0092,18,75,34,14,20,True,False,False,2.6,19,True,False
0.13386136730867745,43.50282485875706,64117.3516295757,47.00928296697239,177,9,14,17,3.31,1.05,7,09:42,14:19,0.69,0.0129,14,68,25,15,21,True,False,False,2.4,111,False,False
0.34336341158123235,56.52173913043478,21351.39943635153,22.19176980864865,23,9,14,29,4.36,1.38,5,10:15,15:04,0.6,0.01,24,69,22,18,28,False,True,False,1.1,98,True,False
0.09227537348692919,57.14285714285714,72103.39268038604,61.28437723327165,322,5,8,22,1.7,1.78,3,09:25,13:27,0.68,0.0149,14,72,30,14,26,True,False,False,1.3,88,False,False
0.026235881192557618,41.21621621621622,5806.437609364191,56.36420646317881,148,9,14,25,3.6,0.92,1,10:10,13:08,0.42,0.0131,16,68,26,13,20,True,True,False,3.0,36,False,False
0.2751304202398242,51.92307692307693,28675.531110110118,27.806684587210917,52,5,8,23,4.08,1.15,6,10:26,14:38,0.56,0.0102,22,69,30,13,21,False,False,False,2.9,22,True,True
-0.2493249423273557,38.775510204081634,-20663.57843477392,156.7004855175855,49,8,20,18,4.17,1.87,5,09:39,13:45,0.53,0.0105,27,71,27,11,28,True,False,True,1.9,90,False,False
-0.2855897646773449,28.57142857142857,-4569.79321065162,32.44402963188611,14,9,15,11,2.9,1.66,6,09:25,14:58,0.5,0.0124,21,69,35,16,22,True,True,False,1.6,15,True,True
0.07620856363575569,44.44444444444444,11933.066829257703,55.69720490658152,117,9,14,23,2.84,0.84,8,09:43,14:14,0.56,0.0101,29,71,32,18,25,True,False,True,2.8,34,False,False
0.25780015946306567,49.404761904761905,102661.86712274297,19.315511055872204,168,8,14,19,3.81,0.97,2,09:20,14:12,0.65,0.0074,11,80,22,14,19,False,False,False,2.5,50,True,False
-0.5007860794507494,27.27272727272727,-4333.805000000084,22.97676401221867,11,10,20,26,4.94,1.49,1,09:59,14:06,0.49,0.0067,13,73,29,17,30,False,True,False,1.0,16,False,False
0.2239742751146108,40.98360655737705,33998.25879950728,34.99499529451201,61,9,15,15,3.36,0.87,5,09:25,14:16,0.61,0.0059,21,77,28,17,19,False,True,True,2.1,114,True,True
-0.12231487835135334,33.33333333333333,-676.9635274281609,20.149277251401543,3,8,20,19,2.69,1.85,6,09:52,13:01,0.62,0.0063,10,78,21,18,29,False,False,True,1.4,66,True,False
0.12772756591778006,42.35294117647059,14402.116675592486,19.840297652898624,85,9,14,14,4.74,1.13,3,10:57,14:32,0.52,0.0132,25,75,25,18,19,False,True,False,2.0,33,False,True
-0.8497466554375663,33.33333333333333,-2014.7039926957586,10.749719963478219,3,10,20,19,4.74,1.45,9,10:10,14:02,0.56,0.0053,16,68,23,15,22,True,False,True,2.3,23,True,True
0.1702127944235441,61.36363636363637,11698.125207777197,30.111315738794513,44,8,20,11,2.11,1.93,4,10:34,13:50,0.43,0.006,28,73,24,19,21,True,True,False,2.2,103,False,False
0.116327354307288,42.30769230769231,32717.232872861336,29.226577467409655,156,9,21,18,4.04,1.53,4,10:32,14:36,0.48,0.011,22,80,22,14,20,False,False,True,1.8,98,False,False
0.21231139308151176,43.01075268817204,26882.905336594726,29.243190423547606,93,9,14,28,4.68,0.58,5,09:56,14:50,0.62,0.01,17,67,35,20,25,False,False,True,1.8,29,True,False
-0.09205102790400395,43.75,-1610.8998123036872,27.941205248210093,16,9,21,17,2.28,1.73,5,10:27,14:28,0.44,0.0099,22,74,30,20,27,False,True,False,1.3,119,True,True
0.2334947740110111,56.75675675675676,25094.509128256468,19.197626559649937,74,5,8,28,3.06,1.51,2,09:24,14:23,0.57,0.0113,13,74,23,20,19,True,True,True,2.8,30,True,True
0.3214927867002472,55.00000000000001,57252.84493560901,14.116650595629618,100,5,8,15,3.3,1.32,7,09:37,14:49,0.54,0.0132,28,66,34,10,22,True,True,True,1.1,74,True,True
0.25432295371678293,63.63636363636363,3514.4815082891146,27.126405841405337,11,8,20,23,2.73,1.25,6,10:27,13:36,0.51,0.0136,20,69,27,20,28,False,False,False,2.0,102,True,True
-0.11054886394089716,45.83333333333333,-4545.771323576439,45.807543502020806,24,9,15,12,3.27,1.69,1,09:44,13:12,0.56,0.0091,27,67,34,19,28,False,True,False,2.1,79,False,True
-0.09225929528970937,46.875,-19688.69440337425,132.1044940630838,192,9,15,11,1.98,1.45,9,09:53,14:48,0.41,0.0089,12,72,27,18,21,True,False,False,1.4,67,False,False
0.03034398461968715,30.23255813953488,1318.6099329578356,28.151854018606787,43,9,15,21,1.67,0.8,9,10:21,14:37,0.51,0.0052,14,70,35,17,18,True,False,True,1.0,69,True,False
0.21806895577163163,47.05882352941176,6667.920370531745,20.27314031154756,17,8,20,23,3.76,1.32,5,10:20,13:03,0.4,0.0056,30,69,30,16,19,True,False,True,1.8,36,False,True
-0.34863748744942574,27.77777777777778,-10160.271255050606,51.89408219812262,18,9,21,11,3.17,1.68,3,10:11,13:39,0.55,0.0064,12,75,27,15,24,True,False,True,1.3,97,False,True
0.16255783559467563,52.5974025974026,93826.18141322397,28.468606183330348,308,5,8,20,2.55,1.71,3,09:36,13:18,0.53,0.0111,19,78,34,11,26,True,False,True,1.7,92,False,False
0.21732531646561318,45.45454545454545,3139.4999999998763,14.857833092800968,11,8,14,23,4.22,1.08,6,09:25,14:10,0.46,0.0095,12,67,29,14,22,False,False,False,2.5,21,True,True
-0.2875958723913453,14.285714285714285,-4251.639750833188,36.08764441382792,14,8,20,30,3.53,0.51,9,09:58,15:12,0.63,0.0068,27,74,35,17,28,True,False,False,1.5,120,False,True
0.0904197933696937,47.176079734219265,62045.27856931924,96.85457445238963,301,5,8,25,4.14,1.45,4,09:15,14:41,0.49,0.0098,14,76,20,18,29,True,True,False,2.1,97,False,False
0.008838009201422033,25.0,-215.5905203650982,13.621894677503674,4,10,20,22,3.62,0.9,10,10:58,13:13,0.64,0.0112,12,69,33,11,28,True,True,True,1.6,92,True,True
-0.09326725046454024,29.629629629629626,-4681.866950030035,43.59893351829055,54,9,15,10,1.73,0.67,7,10:54,14:14,0.56,0.0106,30,71,33,16,21,False,True,True,2.4,99,False,True
-0.06754362416167475,47.540983606557376,-3758.054457322887,43.414192539130916,61,9,15,25,2.35,1.19,8,10:53,13:01,0.41,0.011,29,66,22,17,23,True,False,False,2.5,84,False,False
0.4648867261876325,70.0,14063.64457576481,18.17623672748686,10,8,14,20,4.34,1.89,4,09:18,15:15,0.69,0.0122,29,77,32,13,24,False,True,True,1.8,116,True,True
-2.397706233140651,0.0,-675.3600000000697,9.883697957141155,2,8,20,10,2.58,1.52,3,10:10,13:38,0.67,0.0124,23,70,20,12,26,False,False,False,1.2,31,True,True
-0.2683827784948231,11.11111111111111,-3298.5606199174326,17.69459780920091,9,9,21,20,3.31,0.76,6,09:25,13:06,0.52,0.0053,11,75,31,15,24,False,True,True,2.8,104,False,True
-0.14387215366783096,23.076923076923077,-2651.1210013328055,30.626711207060314,13,9,21,24,4.97,1.77,5,11:00,14:12,0.58,0.0061,14,78,27,16,28,True,True,True,1.7,56,True,False
0.08842111099058084,42.45810055865922,47983.270688219316,105.98039386191573,179,8,20,30,3.57,1.45,4,09:23,13:03,0.67,0.0145,16,75,30,18,18,True,True,False,2.7,98,False,False
0.003171080133256279,45.76271186440678,1188.562438812074,61.15565875698782,59,9,14,22,2.89,1.27,6,09:45,13:09,0.67,0.0069,13,77,27,12,23,False,False,False,1.2,15,False,True
-0.218614285969048,31.16883116883117,-23608.460236945743,125.31954244562922,77,8,20,21,4.68,1.31,9,09:47,14:11,0.48,0.0085,19,78,23,13,25,False,True,True,1.5,114,False,False
0.14515514298645307,42.857142857142854,35947.14220495007,30.276534749773166,154,8,14,25,4.57,0.76,10,09:17,14:27,0.48,0.0068,21,75,21,19,25,False,True,True,1.5,73,False,False
-0.08550801175368801,39.53488372093023,-3946.021187700713,39.28361846512083,43,9,21,26,2.01,1.05,10,10:58,14:07,0.44,0.0115,18,75,30,12,24,False,False,False,2.2,118,True,False
-0.2689097484496877,33.33333333333333,-10665.009115017918,57.94351998447458,24,9,21,15,3.11,1.98,4,10:01,13:17,0.53,0.0143,16,79,21,13,25,True,True,True,2.6,26,False,True
-0.15822631723769243,33.33333333333333,-13729.230098991893,83.76342743997525,30,10,20,19,4.3,1.75,7,10:10,14:49,0.69,0.007,11,80,32,13,23,False,False,False,2.4,119,True,True
-0.1626135655025633,28.57142857142857,-1647.0084997016602,14.442346068996622,7,9,21,28,1.8,1.28,8,09:37,14:58,0.52,0.0097,26,76,30,12,25,True,True,True,1.0,87,True,True
-1.3957827274576988,20.0,-4237.880652975604,32.40365506075777,5,10,20,25,3.81,1.45,3,09:33,14:18,0.49,0.007,25,65,28,20,30,False,False,False,1.3,78,False,True
0.083925101268743,44.761904761904766,11879.652271261777,32.75169596394408,105,9,14,21,3.3,1.06,8,09:27,14:38,0.43,0.0149,22,72,25,12,23,False,False,True,2.7,29,False,True
0.1496389184575905,47.05882352941176,87669.52695988807,65.59807871891006,221,5,8,16,4.76,1.26,4,09:51,13:01,0.6,0.0105,17,71,26,15,29,False,False,True,3.0,97,False,False
0.03442068918982312,50.0,230.37656064106704,12.607037507397342,2,9,14,14,3.51,1.3,1,10:50,14:43,0.65,0.0052,18,69,20,10,22,False,False,True,2.6,31,True,False
0.12555817180638115,45.2991452991453,22026.177736525897,34.8209364064251,117,9,21,10,4.32,0.71,5,09:30,14:19,0.58,0.0061,27,78,21,17,20,False,False,True,1.5,15,False,False
0.22758205321776873,36.486486486486484,46272.08248280715,33.162061634452975,74,8,14,28,4.96,0.81,2,09:51,14:53,0.59,0.0067,24,79,27,12,22,False,False,True,2.6,95,True,False
-0.1989631155330299,37.5,-2793.645303811205,32.25636753105717,8,10,20,13,2.96,1.29,9,10:18,13:49,0.62,0.0065,22,71,26,17,27,False,True,True,1.3,87,False,True
0.11036880271009462,43.47826086956522,4579.215516039803,15.860324338215511,23,9,21,11,4.12,1.06,8,10:48,13:26,0.55,0.009,29,72,22,20,28,False,True,False,1.6,107,False,False
0.049680328711797214,36.36363636363637,582.9008347777599,28.57425619234601,11,10,20,24,3.59,0.95,6,09:19,14:25,0.62,0.0146,19,78,30,14,25,True,False,False,2.8,80,True,True
0.10161717523228052,52.27272727272727,10275.42841064314,30.156528645881103,44,9,15,23,3.96,1.86,8,10:47,14:47,0.62,0.0124,27,79,23,14,23,True,False,False,2.7,51,False,True
0.10768088279468883,46.075085324232084,51066.4554621251,34.94848143906271,293,9,14,28,4.92,1.14,2,09:35,14:53,0.5,0.0115,15,73,34,19,19,False,True,True,1.9,31,False,False
0.1307952939109784,48.05194805194805,19155.86631722255,49.035501938274294,77,9,15,23,3.24,1.21,10,09:59,14:08,0.59,0.0111,22,77,23,15,19,True,True,True,2.3,35,True,True
0.10225279747850721,50.0,6033.533952530008,29.03671847818593,28,9,15,17,3.22,1.63,8,10:19,13:50,0.58,0.0126,18,73,28,14,25,False,True,True,1.6,75,False,True
0.16488413951037154,53.70370370370371,17846.639276536596,28.658986725607043,54,9,21,20,4.24,1.26,6,09:55,13:05,0.44,0.0121,27,77,22,11,21,False,False,False,1.7,87,True,True
0.012880481364742721,50.74626865671642,2311.146102166429,66.01594344268301,67,9,15,21,4.72,1.91,8,10:13,13:38,0.6,0.007,27,72,32,19,19,True,False,False,1.9,80,False,True
0.06316106347610986,44.776119402985074,6036.280362025245,28.286393391175537,67,8,14,28,2.15,1.59,6,09:45,15:00,0.54,0.0144,25,72,22,19,21,True,False,False,1.3,21,True,False
0.050957813282348496,47.265625,25820.751854982453,56.41366746097239,256,8,14,15,4.89,1.47,3,09:31,15:00,0.57,0.0061,12,76,26,18,18,False,False,False,2.0,37,False,False
-0.044361199343044985,44.44444444444444,-9315.42957806447,195.94423587410057,153,8,20,30,2.69,1.91,2,09:46,14:44,0.48,0.0068,11,69,27,10,18,True,False,True,3.0,95,False,True
0.20809182205347887,46.783625730994146,79858.06839364137,30.218280867249327,171,8,14,25,2.86,1.48,2,09:48,13:54,0.67,0.0133,11,75,25,12,18,True,True,True,1.1,84,False,True
-0.9375634136524105,6.666666666666667,-8224.472490609985,43.22954071327862,15,8,20,21,2.74,0.59,9,09:48,13:31,0.53,0.0088,21,78,20,18,25,False,False,False,2.6,81,True,True
-0.4567071436234014,22.22222222222222,-4340.122500000349,25.12255085221303,9,10,20,28,4.0,1.75,8,10:47,13:19,0.57,0.0116,24,67,22,20,27,True,True,True,1.9,25,True,True
0.09983815749807853,35.714285714285715,17442.93930092392,31.445448410350608,126,8,14,22,2.11,0.65,3,09:49,14:06,0.52,0.0064,21,68,34,17,23,False,True,False,1.5,103,False,False
0.21472778947493013,42.0,133879.6144616554,39.22917457962809,250,9,15,22,4.06,0.9,5,09:19,14:11,0.65,0.0099,30,74,34,18,19,True,True,True,2.3,87,True,False
0.2463999913753503,50.0,5070.021871948098,18.33405609616859,16,9,15,27,4.99,0.59,5,10:23,13:09,0.53,0.0087,14,75,33,17,22,False,True,True,1.2,118,True,False
0.37030316262114715,61.111111111111114,21803.741444839863,16.05721635608691,36,5,8,30,4.03,1.24,9,09:54,13:11,0.42,0.0084,11,66,33,17,18,True,False,True,2.8,90,True,False
-0.37874566233125734,35.294117647058826,-15319.10987498326,86.99535630961587,17,9,21,22,2.9,1.9,1,09:36,14:19,0.69,0.0095,17,76,27,14,26,True,False,False,2.8,32,True,False
0.12171501892296795,45.348837209302324,74180.29670864108,52.60683492660901,258,9,15,16,4.84,1.04,6,09:20,14:48,0.69,0.0134,17,79,34,10,24,False,False,True,2.8,35,False,False
0.2709802166405414,60.0,2310.8036922626234,17.44056996877029,5,9,15,16,2.25,1.55,10,10:43,13:02,0.56,0.0079,14,69,31,13,28,False,True,True,2.2,73,True,True
-0.09576702044773996,38.88888888888889,-2950.058887115956,53.538488858638246,18,9,21,30,2.16,1.79,1,09:55,13:26,0.57,0.0116,20,72,24,10,27,True,True,True,2.2,66,True,False
-0.4534150713978204,33.33333333333333,-3267.7037856657153,22.83988308863045,9,9,21,28,4.21,0.57,1,10:25,14:59,0.57,0.0117,18,78,25,11,25,True,True,True,2.1,113,True,False
-0.0884395070055333,44.73684210526316,-6749.891803586885,85.90841111566428,38,10,20,11,1.65,1.12,9,10:32,15:07,0.67,0.0109,23,76,29,18,27,True,True,True,2.9,78,False,False
0.1076035045374017,49.47916666666667,31203.4825006018,26.89706101458691,192,5,8,13,1.78,1.3,1,09:38,14:55,0.52,0.0066,28,78,23,19,18,False,True,True,2.0,64,False,True
0.15719405468314673,48.484848484848484,26775.649553049996,34.01014001766385,99,8,14,16,2.91,1.08,10,09:44,13:10,0.52,0.0125,20,71,25,12,26,True,True,True,2.2,78,False,False
-0.20966063392327547,33.33333333333333,-7493.319273512023,56.83223814431073,30,10,20,17,4.7,0.96,2,09:28,13:13,0.45,0.0148,16,67,21,20,22,False,True,False,1.0,73,True,False
0.22276407446980473,52.63157894736842,18724.20720949229,24.504471629972972,38,8,14,29,4.06,1.0,8,10:50,13:58,0.66,0.0149,28,66,28,17,24,True,False,False,2.1,86,False,True
0.437511028446589,50.0,25915.033236968957,18.57523229469068,34,8,20,25,2.75,0.87,3,10:59,13:59,0.62,0.006,25,75,25,11,18,False,False,True,1.1,70,True,True
-0.040786505562872,36.84210526315789,-1463.2939548342001,38.58661582651234,38,9,21,18,3.13,1.81,3,10:44,14:56,0.43,0.0064,25,67,32,10,21,True,True,False,2.5,76,True,True
-0.2161579144951686,34.48275862068966,-8369.535355371707,58.48909392533209,29,10,20,26,2.61,0.82,7,10:12,13:46,0.56,0.0148,30,78,26,18,25,False,False,False,1.2,100,True,False
0.04941630759261476,37.096774193548384,14806.578038257983,55.27869990715495,124,10,20,24,3.23,1.03,1,09:44,14:24,0.64,0.0134,23,80,25,15,20,False,False,False,1.7,68,True,False
0.09862468189658483,60.0,1178.449999999997,14.685518780580436,5,9,14,20,4.26,1.81,10,10:50,13:11,0.52,0.0076,26,76,22,10,30,False,True,False,2.9,66,False,True
-0.0625660521905206,43.97163120567376,-22477.373857345963,171.33376993362103,282,10,20,24,2.5,1.32,8,10:48,14:58,0.65,0.011,20,68,20,12,18,False,False,False,2.1,16,False,False
0.1635962306225029,43.05949008498583,67671.30100003805,27.139223164881294,353,5,8,24,2.25,0.77,3,09:52,15:06,0.45,0.0068,16,76,25,12,28,False,False,True,2.6,62,False,False
0.06349965303518978,41.509433962264154,6988.3459026467135,34.13058292683257,53,9,21,27,3.12,1.14,6,09:43,13:30,0.5,0.0062,11,72,23,12,18,False,True,False,1.6,118,True,False
0.17908175313855784,46.601941747572816,22396.528272527998,37.310639565631426,103,10,20,19,3.02,0.66,3,09:19,13:26,0.43,0.0089,29,69,29,14,18,False,True,True,1.1,17,True,True
-0.051979566672540924,14.285714285714285,-511.7616113404656,18.47199611554694,7,10,20,10,4.12,0.53,2,10:11,13:58,0.56,0.0061,23,66,22,18,29,False,True,True,1.2,46,False,True
0.025168467729375147,57.14285714285714,1435.6988454617676,61.77345587109537,14,9,14,28,4.11,1.8,10,09:39,14:03,0.53,0.0059,29,77,32,16,27,True,False,True,2.7,83,False,True
0.3682870084767796,57.14285714285714,3717.2062111081723,13.402102906893793,7,9,15,17,3.69,0.77,9,10:36,13:15,0.43,0.0129,28,70,23,15,18,False,False,True,1.7,91,True,True
0.12350216004151732,38.88888888888889,12252.891228066677,32.54573451032237,36,10,20,21,4.7,1.22,8,10:22,14:08,0.62,0.0058,27,70,32,12,18,False,False,False,1.7,47,True,True
-0.17761697484872369,20.833333333333336,-5514.303213863161,52.48671999098562,24,10,20,30,4.65,0.56,7,10:04,13:48,0.68,0.008,18,77,35,18,22,True,True,False,2.0,83,True,True
0.07953770259606174,50.66666666666667,21856.27948523972,52.62296065289552,150,9,14,23,2.83,1.83,8,10:16,14:16,0.49,0.0133,30,70,32,16,21,True,True,False,2.0,113,True,False
-0.5397299337279842,35.714285714285715,-10757.190898475781,63.83666925335238,14,9,21,14,2.18,1.22,8,09:57,14:45,0.64,0.0103,14,71,20,11,30,False,True,True,2.6,50,False,True
0.02176010495071396,55.55555555555556,419.9449190446394,55.4439295992227,18,10,20,15,2.18,1.51,3,09:22,15:04,0.68,0.0113,20,80,24,19,30,False,True,False,1.7,110,False,False
0.2261392980541739,51.5527950310559,114081.49318942736,37.51111349605803,161,8,14,22,4.53,1.89,4,09:53,14:31,0.67,0.0074,14,72,31,11,20,True,False,True,2.2,105,True,False
-0.005056651031815602,43.75,-595.7165663846645,20.826174098582324,16,8,14,17,3.57,1.28,5,09:15,14:10,0.48,0.0076,11,66,21,12,27,True,False,True,2.6,32,True,True
0.19625438621633742,51.162790697674424,7166.7170519086685,15.318649148569785,43,8,20,18,2.58,0.55,4,10:56,14:38,0.56,0.0069,26,73,26,16,22,False,True,False,2.4,32,True,False
0.12490440614042207,51.5625,12879.852158463756,26.330590324758752,64,5,8,24,3.51,1.18,5,10:33,15:03,0.55,0.0054,17,79,31,19,29,True,False,False,2.4,102,False,False
-2.7805159267408057,0.0,-4385.30980029214,21.9265490014607,2,9,21,13,4.07,1.84,4,10:08,14:26,0.62,0.0093,24,68,20,10,30,True,True,True,2.8,58,True,True
0.11763427159483633,51.98776758409785,80741.67711145041,49.09999479849886,327,5,8,28,2.79,1.69,1,09:57,15:09,0.59,0.0136,26,73,20,11,26,True,False,True,2.9,66,False,False
0.01965421892476326,41.17647058823529,645.3044169445202,47.314108328238895,51,8,14,19,1.94,0.8,8,09:54,13:42,0.56,0.0065,20,78,24,15,23,False,False,True,1.8,113,False,True
-0.6264116506990873,25.0,-5707.220881157309,33.95256814484133,8,10,20,25,3.1,1.32,8,09:53,13:23,0.55,0.0105,22,77,23,14,29,False,False,True,2.7,89,False,True
0.053559974093407244,34.54545454545455,26482.074384976404,90.90176989159472,220,10,20,15,4.38,0.8,2,10:31,14:54,0.59,0.0129,22,78,28,13,18,True,False,True,1.5,65,False,False
-0.15789406141394755,41.935483870967744,-9854.495323503845,63.563381706312136,31,10,20,15,2.2,1.58,6,09:51,14:02,0.6,0.0131,23,66,20,19,23,False,True,False,1.8,99,False,True
-0.060865334563190786,40.42553191489361,-3914.0155722534437,53.78755072961747,47,10,20,17,1.9,1.2,2,10:25,13:08,0.55,0.0102,22,74,32,10,26,False,True,False,2.3,105,False,False
0.21225456189247657,49.31506849315068,21172.475039596553,33.08335790145975,73,8,20,11,2.94,1.4,2,09:19,13:55,0.4,0.0108,14,69,29,14,23,False,False,True,1.4,24,True,False
0.22131450212286982,51.48514851485149,44774.89395065799,22.986632305488552,101,8,14,13,3.78,1.13,8,10:17,15:14,0.61,0.0088,29,73,21,18,23,True,False,False,2.1,71,True,False
-0.04848005654549933,50.0,-2661.8846125335367,56.3646739122181,50,9,15,12,3.07,1.46,3,10:46,13:26,0.53,0.011,10,69,28,14,25,True,False,False,1.1,68,False,False
0,0,0,0.0,0,10,20,21,3.94,1.87,1,09:32,15:13,0.5,0.0085,13,70,22,15,25,False,True,False,2.5,27,True,True
-0.03628982770470852,47.2972972972973,-4684.068396075403,68.57199169425682,74,9,15,20,2.37,1.39,8,09:49,13:23,0.49,0.0134,23,73,27,20,26,False,True,True,2.8,119,False,False
-0.07481281965814691,44.70588235294118,-18739.990126212382,157.27026247999387,170,10,20,28,3.19,1.99,2,11:00,15:06,0.64,0.0074,19,71,33,16,18,True,False,False,2.8,23,False,False
-0.0538103025940683,56.09756097560976,-1647.0843892384582,44.27304353157033,41,9,15,15,2.28,1.65,9,10:48,14:16,0.46,0.0126,29,70,26,12,23,False,True,False,1.5,94,True,True
0.013877041961109159,27.586206896551722,490.6965371252372,34.97472689703668,29,9,21,20,3.71,0.66,6,09:19,13:38,0.47,0.0067,13,74,20,15,22,False,False,False,1.9,100,True,True
-0.007470830147401397,46.03174603174603,-439.7348047795822,101.47476366152478,189,9,15,30,1.74,1.49,9,10:28,15:08,0.49,0.0097,30,73,31,19,21,False,True,True,2.1,33,False,False
-0.03142502092090917,16.666666666666664,-306.60000000027503,28.831052767462452,6,9,21,18,4.88,1.56,3,09:17,13:15,0.6,0.0139,24,67,26,14,27,True,False,True,2.3,35,True,True
-0.031067361263603346,43.94904458598726,-4289.9650831938325,94.15077688369841,157,8,20,20,3.14,1.46,2,09:54,15:00,0.41,0.0084,23,79,35,17,21,True,True,False,3.0,105,False,False
0.125842851550265,53.333333333333336,3676.875949571422,25.939275224430286,30,9,15,25,2.44,0.96,7,10:33,14:24,0.42,0.0126,16,77,27,15,25,False,True,True,1.6,69,False,True
-1.4825349357256892,0.0,-4006.8709785835945,21.762042392918392,3,9,14,27,4.43,1.87,2,09:18,13:18,0.55,0.005,24,75,23,17,25,False,True,True,2.9,32,False,True
-0.01315639557493874,38.88888888888889,-3799.266158047425,58.066329779004874,180,9,15,24,1.9,0.64,10,10:51,13:40,0.7,0.0075,30,71,33,16,18,False,False,False,1.9,38,False,False
0,0,0,0.0,0,9,21,15,4.88,1.1,3,10:19,13:59,0.49,0.0117,22,65,35,17,24,False,True,True,2.1,103,True,True
0.01366798451293059,30.434782608695656,700.7281467343237,24.286827289315084,23,8,20,17,2.17,0.88,3,10:43,13:44,0.42,0.0101,18,80,23,14,23,False,True,True,2.7,112,False,True
0.13208096058597038,51.724137931034484,45536.79128860413,55.70843578853771,145,9,15,17,3.85,1.89,10,09:43,14:13,0.58,0.0119,10,68,27,17,21,True,True,False,2.0,66,True,False
-0.09830092719283233,31.88405797101449,-11282.420699451108,82.31926494422562,69,8,20,16,2.35,1.0,9,09:40,14:46,0.57,0.0071,25,69,34,11,23,True,False,False,2.6,75,False,True
-0.045097158268790634,23.333333333333332,-2594.108266577681,43.34487875801697,60,10,20,24,3.51,0.58,7,10:19,15:11,0.44,0.0125,25,80,24,14,25,True,True,False,2.3,81,False,False
0.0466995766781373,51.38121546961326,16910.24385702281,56.067694131749334,181,8,14,16,2.03,1.66,9,10:56,14:12,0.64,0.0128,14,72,24,17,20,True,True,False,2.4,111,False,False
-0.15940671861350536,57.14285714285714,-1663.969999999943,20.49170027712672,14,8,14,12,4.32,1.86,10,09:38,13:50,0.44,0.0107,21,79,29,19,22,False,True,True,1.8,15,True,False
-0.09855473825183138,55.55555555555556,-1204.9569790313071,27.72186059932158,9,10,20,13,1.75,1.58,10,10:42,14:46,0.67,0.0055,22,77,30,16,29,True,True,True,2.3,96,True,False
0.15433355651362454,38.23529411764706,9052.044068159914,24.18146258844286,34,8,14,19,3.94,0.6,3,10:56,13:10,0.63,0.0144,10,73,21,17,24,False,False,False,2.2,77,False,True
0.0876017741200214,47.706422018348626,22685.166559875455,84.01767716156978,109,8,20,10,3.84,1.4,4,09:32,14:21,0.48,0.0104,11,79,29,11,21,True,True,False,1.5,72,False,True
-0.22941756830308088,35.714285714285715,-25578.999573580815,145.68584951571447,56,10,20,20,3.8,1.92,4,09:24,14:28,0.6,0.0119,27,73,20,10,30,False,True,False,1.1,36,False,False
-0.09364786397018676,15.789473684210526,-3697.5451451954705,38.15690012960653,19,9,21,13,3.21,0.54,1,09:29,14:46,0.61,0.0101,12,69,23,14,30,True,True,False,2.7,64,True,False
-0.07305383525769005,45.588235294117645,-5054.638416534137,50.75415206535465,68,9,14,30,1.9,1.99,5,10:22,13:34,0.44,0.0104,28,65,24,17,19,True,False,False,2.2,55,False,True
-0.2769455820709577,30.0,-14043.652348057834,93.87962277121838,30,9,21,26,2.13,1.55,3,09:42,13:07,0.65,0.0114,11,68,20,10,27,True,True,False,1.5,35,False,True
0.09900639356244463,46.478873239436616,16101.423258829032,60.27302585508443,71,10,20,16,3.14,1.4,1,10:28,13:19,0.59,0.0147,13,76,27,11,18,False,True,True,1.4,47,False,True
0.14280463619574116,32.83582089552239,18650.067582010954,30.245197899587744,67,9,14,13,3.81,0.62,3,10:28,14:19,0.65,0.0112,29,69,23,18,18,False,True,False,1.0,75,True,False
0.0388652474627051,25.0,1144.4968648819704,28.21384828270418,8,9,14,24,4.27,0.75,5,10:24,13:17,0.59,0.0068,24,79,35,11,28,True,True,True,1.8,101,True,True
0.19990897019429138,57.14285714285714,2259.408728554492,13.894431891028924,14,8,20,25,2.71,1.93,7,10:35,14:24,0.4,0.0098,24,78,23,15,27,False,False,False,1.6,35,True,True
-3.0671879315566626,0.0,-6410.463242037424,33.503892978414505,4,9,21,14,1.73,1.32,8,10:00,14:59,0.63,0.0116,12,65,32,19,30,True,True,False,1.8,77,True,True
-0.002820305363066752,48.091603053435115,-1649.0703465609586,108.41421593530029,131,9,14,26,1.99,1.67,5,09:28,13:22,0.58,0.0073,15,67,26,13,24,False,True,False,1.7,73,False,False
-0.2560829651272799,26.31578947368421,-6274.04493037151,46.4377830666652,19,10,20,12,4.31,1.7,4,09:58,13:34,0.56,0.0137,24,75,21,15,28,True,False,False,2.7,20,False,False
-0.16324845303534877,42.592592592592595,-12041.419345638144,93.93856625857474,54,9,14,22,1.66,1.6,3,10:09,14:22,0.52,0.0135,23,65,33,12,29,False,False,True,1.9,32,False,False
-0.10478988954218602,29.411764705882355,-5071.988067065669,44.006296111319124,34,10,20,11,2.56,0.94,6,10:05,14:27,0.51,0.0081,24,65,21,15,22,False,True,False,1.7,106,True,True
0.11715347744513463,54.18502202643172,54126.519196843015,50.034988921981196,227,5,8,26,1.53,1.66,8,09:57,13:22,0.68,0.0118,23,76,23,16,18,False,True,True,1.8,111,True,True
0.21770842912054827,53.65853658536586,30796.710128829363,22.281743296850017,82,5,8,18,3.8,1.36,6,09:41,14:20,0.56,0.0055,17,65,33,19,28,True,True,True,1.6,72,False,False
0.21439223783692618,52.5,27560.74770845788,44.69049674816178,40,8,20,10,2.7,1.45,3,09:20,13:04,0.67,0.0066,15,65,27,11,25,True,True,True,1.7,46,True,True
-0.14135208595248652,33.33333333333333,-636.9603305698183,12.460796519135851,6,8,20,27,4.3,1.0,7,10:55,13:25,0.61,0.0138,14,78,35,19,29,True,False,False,1.5,25,False,True
0.06877862736313566,35.65891472868217,19297.245696506194,69.42406127407294,129,9,14,23,2.61,0.75,5,09:51,14:38,0.64,0.0121,19,70,24,12,20,False,True,False,3.0,86,True,True
0.08723086507942758,45.19774011299435,78373.96104381447,37.624747428963026,531,5,8,14,2.27,1.09,7,09:23,14:33,0.59,0.0106,26,66,26,12,24,False,True,False,1.4,60,False,False
-0.10112923939111625,45.0,-5349.197788132131,47.60478581019883,60,10,20,20,3.6,1.39,5,10:45,14:51,0.41,0.0131,25,75,30,10,25,False,True,False,2.4,26,True,False
0.10879641854339918,40.310077519379846,24631.907835020407,45.312583031871576,129,10,20,29,3.54,1.48,6,10:24,13:31,0.48,0.0107,22,79,30,10,21,True,False,True,1.1,65,False,False
0.2752078824380049,50.0,7274.23825661491,21.665525795799976,12,10,20,13,2.33,0.94,8,09:35,14:25,0.62,0.0133,22,65,26,11,22,False,True,False,2.7,79,True,False
-0.0586141191208164,41.57303370786517,-6497.123787170869,89.81373907822785,89,10,20,24,4.44,1.6,1,10:08,14:47,0.44,0.0102,23,71,23,11,25,True,True,True,2.4,41,False,False
0.10629310403077166,50.27624309392266,34275.87698850454,56.311679959372775,181,5,8,28,3.66,1.62,1,10:12,13:03,0.4,0.0147,19,66,35,10,20,False,False,False,2.4,104,False,True
-2.652946710403766,0.0,-4772.501419174911,32.243948934390296,8,9,21,24,4.88,0.55,2,10:26,13:52,0.53,0.015,24,68,35,15,28,False,False,False,2.8,113,True,True
-0.13433178086023134,32.25806451612903,-4335.370407329778,48.83181509605445,31,10,20,24,4.46,0.67,4,09:41,13:20,0.6,0.0134,29,70,26,20,27,False,False,False,1.0,48,False,False
0.4351599222440263,71.875,48125.829625388826,17.060932657580647,64,5,8,23,1.8,1.62,6,10:40,13:30,0.55,0.0106,27,71,29,10,28,True,False,False,1.5,105,True,True
-0.04892482166162643,37.03703703703704,-3755.464335431954,109.21293246893175,81,10,20,12,3.2,1.72,10,10:10,13:33,0.52,0.0075,19,72,28,12,22,False,True,True,2.2,70,True,False
0.4914923473208714,66.66666666666666,8703.174541693363,14.555155722143759,9,9,15,14,3.51,1.74,5,10:58,13:46,0.57,0.0113,24,73,26,18,23,False,False,True,2.3,44,True,True
-0.14442298121488956,30.434782608695656,-4601.502899608575,54.073634632304945,23,8,14,14,1.76,0.71,4,09:35,13:36,0.67,0.0124,26,77,20,16,30,True,True,True,2.9,51,False,True
-0.1429241823864038,45.76271186440678,-12452.138118236207,77.7687494257915,59,8,20,19,1.9,1.73,8,10:25,15:01,0.59,0.0126,12,71,25,12,26,False,True,False,1.4,32,False,False
0.12068038444649316,42.857142857142854,36385.38654156221,57.2408343592135,203,9,21,27,3.11,1.89,4,09:24,13:07,0.42,0.0096,15,78,33,17,18,True,True,True,1.1,65,False,False
0.005895068528804295,52.38095238095239,88.64010549573868,36.688546940222075,42,8,14,29,2.68,1.66,1,10:06,13:47,0.67,0.0144,29,74,29,13,30,True,False,True,1.8,77,False,False
0.029731244911407398,36.0,6434.157311082243,67.87316603538456,100,9,14,12,1.81,0.68,3,10:00,13:21,0.67,0.0059,13,75,33,16,20,True,True,True,1.7,89,False,False
0.6597773861653383,62.5,8521.907992167195,10.67603690487184,8,9,15,24,2.34,1.58,8,09:25,13:07,0.53,0.0105,13,67,29,16,22,True,True,True,2.9,104,True,True
0.33981022631264973,59.183673469387756,72183.07229884797,12.591221952074303,98,5,8,25,4.52,1.35,10,10:31,13:14,0.5,0.0092,14,76,27,12,26,False,True,True,1.7,97,False,True
-0.05892198242030769,39.08045977011494,-10659.958280671708,113.2113761829123,87,9,21,24,2.37,1.28,10,09:20,13:36,0.65,0.0134,20,73,20,14,25,True,True,True,2.2,106,False,False
0.22696427783574732,60.0,1788.903682321692,10.345204040463232,5,8,20,22,3.05,1.99,9,10:24,14:46,0.62,0.006,22,79,22,11,28,False,True,False,2.8,41,True,True
0.02083955451711166,37.5,1518.746964276419,28.28349274440207,40,9,15,15,3.71,0.76,2,10:37,14:18,0.46,0.0093,17,78,21,14,24,True,True,False,1.2,29,False,True
-1.0647791763948466,16.666666666666664,-4551.892599599905,32.360130303862796,6,9,21,15,2.5,1.97,4,09:49,13:38,0.4,0.0058,21,74,28,13,30,False,False,False,2.5,23,False,False
0.1654450897808982,58.95522388059702,26347.341851064026,28.579865994770287,134,5,8,15,3.47,1.49,3,09:58,13:56,0.46,0.0107,17,69,31,14,23,False,True,True,2.8,35,True,False
-0.3192044349188062,33.33333333333333,-6450.780339797788,46.181951197934744,12,10,20,14,2.93,1.42,7,09:32,15:13,0.51,0.0078,27,65,22,17,30,True,True,False,1.4,77,True,False
-10.936953745212293,0.0,-1385.2963898501694,7.290551951736264,3,10,20,23,2.06,0.6,9,10:30,14:12,0.44,0.0098,29,66,32,17,30,False,True,False,2.8,74,True,True
0.2700069490090473,33.33333333333333,615.3868252131433,6.363355589881949,3,8,14,19,2.48,1.81,6,10:43,14:56,0.47,0.007,27,70,28,13,29,True,False,True,2.3,21,True,True
0,0,0,0.0,0,10,20,18,2.99,1.57,8,09:19,14:19,0.47,0.01,10,66,31,18,21,True,False,False,1.7,81,True,False
0.21681023175634323,55.55555555555556,2834.982802767081,17.05077204149096,9,9,14,27,3.37,0.9,7,10:40,13:13,0.52,0.0062,22,77,31,14,19,True,False,True,1.4,90,True,True
0.7145623053193662,65.0,24046.03020565524,6.83143410204906,20,9,14,14,2.98,0.69,2,10:56,14:35,0.63,0.0115,29,66,21,16,23,False,False,False,2.4,53,True,False
-6.721113618428218,0.0,-2619.5603071770493,14.750052088838553,5,9,15,21,4.59,0.53,2,10:16,14:17,0.5,0.0054,23,74,32,14,19,True,False,False,1.8,28,True,False
0.21636835920510597,52.85714285714286,27353.02764712224,31.649073398048838,70,9,14,29,3.76,1.53,3,09:32,13:26,0.48,0.0074,30,65,27,10,22,False,False,True,1.5,52,True,True
4.791298609830222,100.0,2125.3399999998946,13.545231853472057,2,9,21,27,4.73,1.97,4,10:59,13:48,0.68,0.0125,13,69,20,17,30,False,False,False,2.7,73,True,False
0.31104440507024544,50.28901734104046,102924.63556098499,15.934724319168502,173,5,8,20,3.28,1.2,9,09:56,14:29,0.53,0.0084,26,67,35,11,18,True,True,True,1.7,116,True,False
0.546877900138535,64.70588235294117,21314.786647560788,16.4284430230178,17,8,14,28,3.63,0.79,8,09:40,13:16,0.64,0.0074,24,67,32,20,27,True,False,True,2.6,61,True,False
0,100.0,3015.7050000000672,6.3779716652182294,1,10,20,10,2.17,0.6,8,09:38,13:11,0.66,0.0075,23,65,25,20,23,False,True,False,2.4,32,True,True
-0.02064570744404201,20.833333333333336,-677.6661059753533,40.5229582923271,24,9,15,28,4.94,0.53,10,09:54,14:15,0.64,0.0053,13,68,30,12,26,True,False,False,1.8,120,False,False
0.13440232038518887,54.166666666666664,17070.199810266968,28.25214700129163,96,8,14,14,2.15,1.19,3,10:38,14:46,0.45,0.0135,24,79,27,10,22,False,True,False,1.3,84,True,True
0.1215570408409518,47.368421052631575,27304.27552576387,94.23928873715973,76,9,21,26,3.08,1.66,1,09:24,14:06,0.68,0.0118,15,75,23,10,23,True,False,True,2.3,63,False,True
0.09338038303188215,50.0,2178.269914695895,25.043926686739876,12,9,21,12,4.83,1.93,6,10:59,14:18,0.56,0.0062,18,70,25,18,25,False,False,False,1.0,73,False,True
0.1326477781504487,55.64853556485355,68877.6059652382,74.44296460571772,239,5,8,30,1.8,1.71,1,09:16,14:06,0.63,0.0127,14,75,20,11,20,True,False,True,2.5,106,False,True
0.2072592767133189,46.846846846846844,46778.1128123447,23.637756304640988,111,8,14,13,4.01,0.94,1,09:34,15:10,0.5,0.0106,21,68,29,10,24,True,False,True,2.6,90,True,False
0.04402309066978974,40.909090909090914,6353.847380466708,52.918980559788466,66,10,20,19,2.3,0.73,2,10:05,14:25,0.59,0.0122,21,76,26,14,21,False,False,True,2.9,21,False,True
-0.013884660298902875,45.744680851063826,220.676462131476,58.55754668585219,94,10,20,21,2.15,1.31,5,10:08,13:53,0.46,0.01,28,71,30,12,19,True,True,True,2.6,28,False,True
0.22590711151120724,56.32911392405063,76628.55498846549,19.112268567531494,158,5,8,28,3.78,1.62,5,10:31,14:13,0.65,0.013,29,70,20,14,23,True,False,False,2.5,61,True,False
0.2521327275995696,53.84615384615385,3214.3481412744186,16.32861535850815,13,9,21,26,4.35,0.86,10,10:49,14:35,0.42,0.009,12,75,26,14,27,False,False,False,2.5,113,True,False
0.12469129577672027,39.04761904761905,26215.15277721927,48.44003961882473,105,8,20,14,3.51,0.93,6,09:33,13:31,0.5,0.0095,12,79,26,15,18,True,False,True,2.1,66,False,True
-0.215007166061649,43.58974358974359,-28078.18883127305,155.6131108322382,78,8,20,28,2.04,1.65,2,09:51,14:45,0.51,0.0096,23,78,29,12,26,False,False,False,2.7,62,False,False
0,0.0,-910.5096588561719,4.552548294280859,1,10,20,13,4.75,0.84,1,10:20,13:21,0.45,0.0051,24,69,25,17,30,False,False,True,2.5,57,False,True
0.14695919160340687,52.27272727272727,13864.859927059239,38.49833238466071,44,9,14,27,4.98,1.28,10,10:19,13:24,0.46,0.0076,23,73,24,10,24,True,True,True,2.1,82,False,True
0.004947442270090789,40.36697247706422,10.362629273604398,59.57057374315784,109,9,21,12,2.46,1.22,5,09:17,14:31,0.56,0.0097,20,76,25,18,22,False,True,True,1.7,119,True,False
0.07975866613065047,43.75,5602.204627238862,42.66167997265289,32,9,15,20,4.72,1.15,6,10:35,14:02,0.58,0.0116,14,71,27,19,26,False,False,False,2.5,97,False,True
0.08725490890144057,60.0,1585.4903095234004,27.19218158032492,15,8,20,27,1.7,1.92,9,10:24,13:41,0.63,0.0111,19,79,33,12,18,False,False,False,2.3,61,True,False
0.08846600945613063,39.44723618090452,51414.70519480412,49.56657533337096,398,9,14,12,1.56,0.77,2,09:19,13:58,0.62,0.0101,22,77,21,13,18,False,False,False,2.4,118,False,False
0.2509460395784679,37.24137931034483,82982.05546134528,21.611527490512884,145,5,8,26,3.0,0.63,7,10:08,14:09,0.65,0.0059,26,68,30,11,26,True,False,False,1.5,117,True,False
-0.03070587532916554,43.47826086956522,-2900.2124810599635,76.38818469558598,92,9,15,13,2.83,0.93,6,09:38,13:22,0.56,0.0128,25,79,20,18,25,True,False,True,2.4,42,False,False
0.22329278475921485,50.98039215686274,21239.589702868536,21.94635622048176,51,5,8,21,1.91,1.16,8,10:49,13:16,0.62,0.0131,26,79,29,20,30,False,True,False,2.9,73,False,True
0.1904364534637049,44.24242424242424,52878.241331207086,25.942406422132215,165,8,14,16,4.57,0.8,5,09:35,14:10,0.53,0.0103,27,80,26,19,24,False,False,False,2.6,47,True,False
-0.06187893042489281,33.064516129032256,-15193.874961309288,107.97696486773529,124,9,21,16,3.37,1.1,6,10:35,13:59,0.67,0.0078,22,77,31,20,19,False,True,False,1.6,119,False,False
0.14872530475488152,36.71875,44378.06493962189,73.83053872509355,128,8,20,12,4.19,0.8,5,09:15,15:14,0.64,0.0144,25,74,34,19,21,False,True,False,1.4,115,True,False
0.2974606443997382,53.333333333333336,8134.876838139411,16.578480371081163,15,9,14,19,2.69,0.7,4,09:29,14:46,0.62,0.0098,30,76,28,13,22,True,False,False,2.9,99,True,False
0.034072981912538026,51.470588235294116,3665.8958566825895,40.36047830728744,68,9,14,23,1.87,1.12,2,10:54,14:48,0.55,0.0062,27,72,23,12,24,True,False,True,2.0,57,False,False
0.07107962845373657,33.33333333333333,1499.6820090560068,35.793896713784925,9,10,20,13,3.99,1.23,1,09:18,14:13,0.69,0.009,10,68,31,15,29,True,False,False,1.1,108,False,True
0.08757141707362304,36.477987421383645,17205.846950025298,59.714126175120775,159,9,21,14,1.81,0.75,3,10:07,13:03,0.4,0.0141,30,72,32,10,19,True,False,True,2.5,104,False,False
0.1278619341188038,47.82608695652174,74182.88550191789,47.85858264780617,437,5,8,29,3.66,1.0,8,10:44,15:03,0.55,0.0128,19,70,27,17,25,True,True,True,2.9,22,False,False
-0.06608248008460903,36.61971830985916,-8444.686836327173,81.0586408634908,71,9,21,15,4.31,1.35,4,10:18,14:02,0.55,0.0116,17,72,25,16,23,True,True,True,1.9,99,True,False
0.06797645151302698,37.5,2054.6860978323493,30.082151315515965,16,9,14,12,2.4,0.93,8,10:18,13:25,0.57,0.0127,10,80,32,14,28,False,False,False,1.3,50,False,True
-0.06283807005105095,31.25,-3094.867157341825,58.35249757191665,48,8,14,29,3.82,0.5,9,10:22,13:58,0.61,0.0062,19,78,31,14,20,True,True,False,2.1,43,True,False
-0.036324388695696326,33.33333333333333,-391.4644320541265,23.912337448099677,6,9,14,14,2.39,0.98,8,10:03,13:18,0.53,0.015,25,70,31,20,29,False,True,True,2.8,91,True,True
-0.009189468465973466,40.909090909090914,-651.7617164505173,34.68700536842106,22,8,14,13,2.54,1.82,8,10:46,14:26,0.54,0.0054,15,72,35,19,18,False,True,True,2.1,94,False,True
0.07071189161838166,41.509433962264154,12371.004411309983,89.8718660206842,53,8,20,18,3.23,1.31,9,09:59,13:43,0.59,0.0059,29,67,24,10,25,False,False,False,1.7,116,False,False
-0.06891237834786444,50.0,-617.8568547662362,9.266684681729384,6,8,14,16,2.33,1.05,5,09:32,13:51,0.45,0.015,19,80,24,16,26,True,False,True,1.5,40,True,True
0,0,0,0.0,0,9,21,18,2.73,0.98,9,10:54,14:15,0.51,0.0112,18,75,30,18,30,False,True,False,2.2,16,True,True
-1.9634556952902742,0.0,-2940.497336735665,14.702486683678325,4,8,14,17,2.11,0.75,8,10:09,13:42,0.56,0.0077,15,73,26,11,29,False,False,False,1.9,57,True,True
0.008715477787094066,37.5,145.62535245400431,17.578967759346547,8,8,14,21,2.13,1.12,7,09:18,13:00,0.66,0.0052,25,80,30,15,25,False,True,False,2.9,86,False,True
-0.05202841880469785,25.0,-438.6555779688133,9.82339997443738,4,10,20,12,3.18,1.11,10,10:53,14:05,0.48,0.0054,12,76,24,15,24,False,False,True,2.1,80,False,True
0.27264692120086476,43.70860927152318,94942.44221505952,34.94713838661727,151,5,8,12,3.65,0.87,6,10:51,13:41,0.63,0.0117,30,80,27,10,30,True,True,False,2.2,108,False,False
0.06049874223833654,35.714285714285715,5543.604572433465,37.14863763388917,56,9,15,11,2.71,0.73,2,09:24,15:15,0.54,0.0077,20,79,23,16,29,False,True,True,2.7,32,True,False
0.207013294604678,44.44444444444444,6259.161322029795,24.1512018747564,18,9,14,24,3.63,1.49,1,10:22,14:37,0.57,0.0096,16,73,20,18,29,True,False,False,1.8,32,False,True
0.07569576904404306,48.36601307189542,26486.405772727245,73.84169975661628,153,8,20,14,2.43,1.06,9,10:41,15:00,0.61,0.0105,12,79,24,18,20,True,True,True,2.6,76,False,False
0.8327246423159387,80.0,4870.458966919396,14.854547707895307,5,9,14,20,2.05,1.37,7,10:34,14:11,0.44,0.0093,22,75,35,19,30,False,False,True,2.3,76,True,False
-0.5463915046960073,66.66666666666666,-1054.554936767472,10.62706424734397,3,10,20,13,1.98,1.27,3,10:55,13:39,0.6,0.0128,30,69,20,16,23,True,True,False,1.5,98,True,False
0.5378515380245178,64.0,18005.456614060153,13.12385919675492,25,9,14,10,3.23,1.27,2,10:47,15:06,0.41,0.0101,30,76,32,13,19,True,False,True,1.6,52,True,False
-0.07903194197002897,47.10144927536232,-15789.823676944949,140.31723311291046,138,8,20,12,1.61,1.13,6,10:06,14:56,0.61,0.0101,26,78,35,19,21,False,True,False,2.0,39,False,False
0.034400019842399036,46.51162790697674,3407.253120065714,60.412531962010775,43,9,14,18,4.76,1.75,3,09:38,13:28,0.59,0.0112,30,79,32,12,25,True,True,True,1.7,114,False,True
0.11822738813602197,33.33333333333333,10243.514975377926,23.302613038903356,60,5,8,14,3.34,0.64,2,10:23,15:08,0.45,0.0085,21,77,26,16,30,True,True,True,3.0,103,True,True
0.6085769606711577,78.94736842105263,20943.57748815205,9.363982629477132,19,5,8,11,1.51,1.92,7,10:38,15:05,0.64,0.0099,20,80,24,19,23,False,True,False,2.9,71,True,True
-0.026491104626718116,33.33333333333333,-859.2276497994462,22.188967887921958,21,9,14,22,1.71,1.0,6,10:47,14:24,0.63,0.0052,11,80,26,19,28,False,False,False,1.4,67,False,False
-0.03227661770472917,43.16546762589928,-14391.893635151519,334.17580989689964,278,10,20,10,3.02,1.75,2,09:45,14:41,0.68,0.0082,19,71,23,10,20,True,True,False,1.8,104,False,False
0.14413891612351468,37.93103448275862,26887.663760038173,37.52857292505043,116,5,8,29,3.89,0.75,6,09:34,14:14,0.47,0.0116,17,66,23,13,30,False,True,False,1.8,51,False,True
0.18783880956192384,55.38461538461539,32630.323360525566,33.22090392630233,65,8,14,15,2.95,1.53,1,10:17,15:08,0.69,0.0088,14,67,22,12,29,False,False,False,2.3,78,False,False
0.21425529492256218,34.5565749235474,140277.5275856219,32.629722266697655,327,5,8,22,4.95,0.62,1,10:26,14:51,0.55,0.0103,27,69,27,12,24,True,False,False,2.6,91,False,False
0.11511660138485387,50.0,2389.318487584984,13.839192257943104,22,10,20,25,1.91,0.89,2,10:51,14:47,0.51,0.0054,30,74,31,15,22,False,True,False,1.6,23,False,False
0.1123197840504251,44.10480349344978,55023.889938236505,108.72169984407873,229,9,21,26,3.03,1.28,9,09:23,13:26,0.58,0.0147,23,65,23,13,19,True,True,True,1.4,65,False,False
0.33572381991738187,57.692307692307686,19413.105108057338,22.670668350259852,26,8,14,26,4.1,1.07,9,10:49,13:28,0.62,0.0134,29,68,29,19,27,True,False,True,1.3,93,False,True
0.04785063052890463,50.48543689320388,4979.8829663789475,64.17114727758167,103,8,14,12,4.94,1.99,5,09:37,13:19,0.56,0.0121,24,76,21,19,19,False,False,True,2.8,39,False,True
-0.0005452744275238555,27.500000000000004,-183.63671901568523,26.965261434085363,40,8,20,10,3.25,0.52,8,10:37,14:57,0.47,0.0074,18,78,29,19,20,False,False,False,2.9,60,True,False
0.2262327012973734,46.03854389721627,173809.31405274925,23.637359280894,467,5,8,15,4.73,1.24,7,10:02,14:35,0.46,0.0097,29,65,25,11,18,False,False,True,1.1,90,False,True
0.01478297218982805,51.24999999999999,5355.767953921932,94.89737513514241,80,8,20,22,2.47,2.0,3,10:59,13:47,0.66,0.0079,28,72,28,11,18,True,False,True,2.9,82,False,True
1.2215401068342686,100.0,2940.455000000118,5.901054255322294,2,10,20,14,2.75,1.79,1,09:28,14:59,0.58,0.0082,18,75,35,19,27,False,True,False,2.0,84,True,False
0.02757962173644072,51.07913669064749,7270.558708028791,62.58231153677889,139,9,15,13,1.69,1.86,2,10:18,13:02,0.69,0.0138,13,73,33,20,19,False,True,False,1.6,48,False,False
0.06979623346425129,50.0,11737.095172742767,63.3857565509993,72,9,14,30,4.68,1.48,5,10:51,13:40,0.58,0.0094,22,70,27,17,23,False,False,False,3.0,90,True,False
0.10535177724066759,48.35164835164835,19896.769908677386,36.762136753726644,91,9,15,20,3.73,1.9,8,09:31,14:25,0.52,0.0103,29,71,31,19,20,False,False,True,2.6,104,False,True
0.19852048416295048,49.152542372881356,76955.36412153856,26.623738163769083,177,5,8,28,3.97,1.88,9,09:32,14:15,0.57,0.0087,18,72,26,11,27,False,False,True,1.3,110,False,True
0.41136809043611844,46.15384615384615,52277.18556849669,14.718694813226705,65,5,8,25,2.14,0.54,9,10:03,15:00,0.69,0.0142,11,70,35,12,20,False,False,True,2.0,108,True,True
0.2612124658086096,63.63636363636363,34963.66952211461,29.292630751010883,66,5,8,16,2.0,1.95,8,10:46,13:37,0.58,0.014,24,80,22,12,30,True,True,False,2.1,88,True,True
0.12628368819715075,47.22222222222222,19483.331270929375,35.71903145641268,72,8,14,12,3.44,1.08,9,09:27,13:28,0.67,0.0093,14,73,34,15,29,False,False,True,2.9,95,False,False
4.539598355444186,100.0,3459.400000000005,10.63107826864274,3,9,14,23,3.65,0.95,7,10:14,13:10,0.56,0.0108,16,66,22,18,22,True,False,False,1.9,82,True,True
-0.06330602645797231,33.33333333333333,-750.9777179926023,12.446319211870934,6,5,8,30,2.92,1.3,8,09:36,13:22,0.43,0.0063,28,79,20,20,30,True,True,True,1.1,59,True,True
0.19651456293603187,40.78947368421053,68540.35554015999,23.63758264213317,304,5,8,11,2.14,0.7,4,10:40,14:39,0.48,0.0091,13,75,28,17,25,True,False,True,1.9,115,True,False
0.09657095282890214,42.857142857142854,11165.158744433844,39.049106350933954,91,9,14,20,3.53,0.89,7,09:30,14:13,0.5,0.0134,13,75,31,12,26,False,True,True,1.7,40,True,False
0.29916365017784036,56.934306569343065,63998.65322014959,25.461399462693723,137,5,8,26,3.95,1.14,10,09:30,13:02,0.4,0.0136,12,72,32,13,19,True,True,True,1.9,85,True,True
-0.19347932235940637,40.0,-1970.850112002805,36.24401619546236,10,10,20,19,3.18,1.85,5,09:42,13:16,0.57,0.0056,24,76,21,15,28,True,False,True,1.5,71,False,False
0.0633191871547452,40.0,8418.107893115062,47.538608909457416,90,10,20,30,2.31,1.23,7,10:06,13:27,0.47,0.0137,18,65,32,16,19,True,False,True,1.4,112,True,False
0.0510161462915871,38.095238095238095,1407.7751563964302,33.29904075377819,21,8,20,17,4.33,0.69,7,10:35,14:10,0.66,0.0114,11,66,33,20,29,False,True,False,1.1,106,False,False
0.19933300063617215,56.52173913043478,8306.964287115832,26.746044518366396,23,9,14,18,3.67,1.56,8,10:04,14:59,0.68,0.0066,19,79,31,18,27,False,True,False,1.3,39,True,False
0.23614459354979409,44.827586206896555,49560.09881086333,11.734520726899317,116,5,8,15,3.37,0.71,7,10:34,15:15,0.68,0.0098,18,79,34,14,25,False,False,True,1.8,79,True,True
0.25911952716521114,56.25,23028.70976020643,24.851393379746582,48,8,14,18,3.65,1.27,10,10:25,14:04,0.53,0.0109,29,80,21,18,30,True,True,True,1.9,95,True,False
-0.15318760884748692,42.857142857142854,-2075.027191341047,26.27667816113873,21,8,20,28,3.82,1.04,8,10:10,15:13,0.47,0.0124,14,73,35,17,30,True,False,True,2.8,25,False,False
-0.3854214293780242,11.11111111111111,-10387.171424414204,60.14554222998285,18,8,20,21,2.78,0.84,2,09:19,13:55,0.54,0.0122,16,75,29,12,30,False,True,False,1.8,99,False,True
0.0849348402543342,49.504950495049506,22538.406142281674,75.91630227718633,101,8,20,17,2.92,1.47,1,09:36,14:00,0.57,0.011,12,73,28,14,19,False,True,False,2.5,88,False,True
0.1496193320470713,47.77070063694268,46094.41779493753,49.6005554967231,157,5,8,25,2.71,1.01,1,10:25,13:22,0.63,0.0116,23,71,34,12,30,False,True,True,1.7,90,False,False
0.18271548554325892,43.333333333333336,14833.116141832063,24.564799590354557,30,10,20,18,4.65,1.26,1,10:13,13:25,0.47,0.0085,17,70,34,14,19,False,False,True,2.2,58,True,False
-0.11301732222858729,38.88888888888889,-3961.10993472265,50.45867522149783,18,8,20,17,4.86,1.94,7,10:40,13:36,0.68,0.0088,10,65,23,17,24,True,True,True,2.7,117,True,True
0.1980239162567217,59.09090909090909,10718.279770831963,21.81793474858352,22,8,20,22,3.2,1.42,2,09:44,13:52,0.55,0.0084,23,79,30,11,25,False,True,False,1.7,38,True,False
-0.10290728470416893,14.285714285714285,-1993.548256225611,25.88900610054745,7,9,21,21,4.96,0.75,3,10:04,14:09,0.62,0.0129,22,70,21,13,29,True,False,True,1.7,116,False,True
-0.11485999765423542,45.65217391304348,-28233.449293944563,192.5389207292995,92,9,15,11,3.58,1.79,9,09:47,13:38,0.69,0.0125,28,72,21,20,25,False,False,False,2.8,113,False,False
0.23526550836420543,42.10526315789473,4944.996777184049,12.250636580449974,19,9,15,20,1.68,0.72,1,10:08,15:11,0.47,0.0132,13,73,25,14,20,True,True,False,2.0,83,True,True
-0.08217297901340162,31.57894736842105,-1151.2698155536273,47.72810769632129,19,9,14,23,2.27,0.55,8,09:35,13:46,0.65,0.0058,18,74,29,12,30,True,False,True,1.2,28,True,False
0.193700081430217,54.54545454545454,10443.162843368813,23.778078418315886,33,9,15,17,4.98,1.41,5,10:54,14:10,0.47,0.0082,29,78,23,20,20,True,False,False,2.5,79,True,True
-0.09131487097775627,45.45454545454545,-2383.6481922435632,26.185663820632467,22,9,14,25,1.87,1.74,6,10:52,15:05,0.57,0.0107,28,76,31,16,29,False,False,True,2.9,25,False,True
0.04631189427099971,42.5531914893617,4000.8608852435245,51.18250600628975,47,9,14,21,4.54,1.72,10,10:50,14:52,0.63,0.0135,20,80,25,13,30,True,True,True,1.1,99,False,False
0.15609057930367512,50.0,4153.51877715845,16.998461587759277,26,9,21,22,4.49,1.19,1,10:16,13:11,0.45,0.0111,12,71,30,16,26,False,False,False,2.7,33,False,False
0.16619410512048627,42.10526315789473,12650.343504617176,22.021892546341697,38,5,8,10,3.39,1.63,5,10:02,14:54,0.69,0.0053,22,68,26,16,25,True,True,True,1.4,75,False,True
0.04293143503999025,41.02564102564102,5310.065564527144,41.727235076906304,39,10,20,22,4.36,0.9,9,09:37,13:25,0.67,0.0103,25,67,32,13,23,True,False,True,1.4,54,False,True
0.16068337514366782,45.80152671755725,53291.60379364203,36.08313661734974,131,9,15,10,4.39,1.61,5,09:20,14:31,0.61,0.0102,22,68,21,11,22,False,False,True,1.8,92,False,True
0.01574507297179239,47.68518518518518,9764.158440722294,94.02160216369317,216,8,20,15,1.95,1.72,7,10:11,14:48,0.56,0.0148,24,79,23,14,19,True,True,True,1.7,90,False,False
-0.14709385101156197,26.666666666666668,-2208.0100670704596,28.094517421410618,15,9,21,12,3.71,0.57,6,10:22,13:48,0.52,0.0109,29,65,21,20,28,False,False,False,2.8,68,False,True
0.37337344792665705,56.14035087719298,34238.58778699052,20.526963264824953,57,9,14,12,2.24,1.1,3,10:44,13:36,0.6,0.0123,28,69,28,10,23,False,False,True,1.2,87,False,True
0.10448719643190049,49.275362318840585,10242.953177995936,33.64825990888045,69,9,14,18,1.9,0.91,6,10:19,13:46,0.6,0.0076,11,75,23,15,24,False,True,False,1.1,50,True,False
-0.21305310222391616,35.8974358974359,-9103.491937951072,48.60533720279298,39,9,21,29,3.81,1.03,5,09:44,14:03,0.48,0.0098,12,68,27,20,22,False,False,False,1.1,44,True,True
-0.20996311399150963,14.285714285714285,-1950.126742421584,18.801651250515278,7,9,21,14,2.81,0.86,8,09:42,14:39,0.48,0.0073,25,69,27,18,30,False,True,False,2.2,15,False,True
0.2727340265522702,60.71428571428571,55534.62976490003,40.6505298948092,112,5,8,21,3.27,1.71,5,10:08,15:01,0.4,0.0075,26,67,26,19,22,True,False,False,2.3,119,True,True
-0.060322743553699015,44.827586206896555,-2486.6137094199657,38.7914328523555,29,10,20,22,1.53,1.18,8,10:32,13:48,0.58,0.0114,26,70,30,18,27,True,True,False,1.4,70,False,False
0.06882186109042769,28.735632183908045,13839.20435346404,52.02720990475792,87,10,20,28,3.26,0.74,1,10:45,14:51,0.62,0.0101,13,76,31,14,18,False,True,True,2.4,111,False,True
0.05029970943630989,45.0,782.0400000000154,16.257842501218363,20,5,8,13,4.17,1.63,5,10:37,14:04,0.56,0.005,23,75,31,19,25,False,False,False,1.3,19,True,False
0.19286317109850173,33.33333333333333,1877.7845927952658,9.212660340749238,9,9,14,13,3.07,0.84,4,10:38,14:23,0.53,0.0119,21,72,31,17,29,True,False,False,1.3,20,True,True
0.014586890717560625,50.0,-97.39131747163265,9.004971168249403,4,9,14,21,2.64,1.89,1,10:44,13:36,0.69,0.0064,23,66,28,18,25,False,False,True,1.2,30,True,True
0.37363350171925597,45.45454545454545,7431.6305713812835,19.937365346679652,11,8,20,25,3.75,1.86,4,10:16,14:19,0.41,0.0127,16,75,29,12,19,True,False,False,1.6,40,True,False
0.0531747573213356,40.0,4500.950383316045,37.73242612717071,45,8,14,23,1.74,0.7,5,10:29,13:10,0.7,0.014,30,70,26,19,23,True,True,True,2.6,55,False,True
1.3387032219206199,87.5,14825.779219114935,13.80785873493372,8,8,14,11,3.43,0.99,3,10:30,13:37,0.47,0.0141,15,66,24,20,30,False,False,False,1.8,76,True,False
0.2505244504011933,45.20547945205479,24442.11215222717,15.007477180587337,73,5,8,20,2.26,0.67,3,10:34,13:09,0.58,0.0062,21,66,27,20,24,True,True,True,1.3,21,True,True
0.17074780989502766,42.10526315789473,12733.613863480987,21.853454346763463,38,10,20,21,4.68,0.94,2,10:19,15:07,0.51,0.0091,19,74,28,14,23,False,False,False,1.5,17,True,False
0.09458039136897405,35.294117647058826,1574.7103455146316,23.793345453645415,17,9,21,12,3.09,0.91,7,10:12,14:19,0.7,0.0092,10,70,31,10,20,False,True,True,1.2,89,True,True
-1.1311061557448594,20.0,-3874.3861738647647,22.779694098324615,10,8,20,18,4.74,0.55,5,09:33,14:30,0.45,0.0117,18,67,35,11,30,True,True,False,1.2,49,True,True
-0.11026032649789622,31.25,-1729.2293379228067,21.237125398818307,16,8,14,12,1.92,1.75,10,10:59,13:27,0.51,0.0113,23,68,22,16,22,False,False,False,2.7,17,True,True
-0.009931210459244253,36.0,-700.3444876269423,46.412390901077046,25,9,14,17,4.96,0.96,9,10:54,13:11,0.67,0.0145,13,69,21,14,29,False,False,False,1.2,112,True,False
0.009162445118113071,34.78260869565217,270.10943444291115,33.49471861489326,23,9,21,12,2.22,1.02,9,09:44,13:58,0.52,0.0054,24,78,22,19,18,False,False,True,1.9,90,False,True
0.48697660195527137,66.66666666666666,5590.452674313845,13.71019953495538,9,8,20,17,4.38,1.43,7,10:37,15:06,0.59,0.0095,18,70,35,13,28,False,False,True,2.6,41,True,True
0.21865116362280576,55.55555555555556,23889.41208225312,26.444541623320777,63,8,14,12,3.56,1.07,5,10:45,13:15,0.68,0.0142,17,65,20,20,20,False,False,True,2.6,43,False,True
0.016230850184657364,46.464646464646464,5261.694440227431,73.58163673908258,99,9,14,16,2.66,1.4,9,10:43,13:29,0.54,0.0072,10,78,20,11,23,False,False,False,2.0,96,False,False
-4.096187265117367,0.0,-3283.1377611219687,24.05590235409321,3,10,20,28,2.58,0.83,2,09:19,14:15,0.63,0.0104,10,66,30,19,26,False,False,True,2.1,63,True,True
0.05962378176270389,52.63157894736842,1996.7341064456123,27.70682348816073,19,9,21,10,3.61,1.91,3,09:34,15:01,0.56,0.0073,18,67,31,17,30,False,False,True,1.9,44,False,False
-0.040843952303703475,49.25373134328358,-5158.202795899164,59.73445695891041,67,9,15,20,3.13,1.51,9,09:21,14:06,0.57,0.0084,22,70,30,19,29,False,False,True,2.2,82,False,False
0.1462048723256428,48.148148148148145,12259.084507274543,75.80759104554018,27,10,20,21,3.43,1.94,1,09:54,15:03,0.7,0.0145,27,69,33,18,28,False,True,True,1.6,60,True,False
0.03340079890210191,41.53846153846154,1732.7849000879069,30.42952660196965,65,8,14,18,1.76,0.75,7,10:11,13:19,0.48,0.0131,19,78,28,14,28,True,True,True,1.8,83,False,False
0.1551618608607281,57.89473684210527,6235.573670663427,36.55446278424518,19,9,21,17,3.17,1.87,2,10:35,13:06,0.62,0.0104,10,73,34,19,23,True,False,False,3.0,86,False,True
-0.2877348023487297,37.5,-2534.507578682784,19.17246392871017,8,8,20,28,2.71,1.14,4,10:52,14:05,0.49,0.0139,22,73,34,20,26,True,True,False,2.9,78,True,True
-0.040559895592221576,50.0,-1564.6304879840136,25.585389753039163,14,8,14,12,2.49,1.98,6,10:06,14:27,0.45,0.0104,16,74,22,11,24,True,True,True,2.4,28,True,True
0.0011296191142430203,55.55555555555556,286.193069727542,25.052208778169632,9,8,14,28,1.76,1.34,3,10:13,14:00,0.42,0.0058,11,68,21,15,29,False,True,True,2.2,91,True,True
0.40987358992999073,56.25,10158.57202707195,17.897836283361066,16,9,14,16,4.64,1.45,8,09:24,15:15,0.43,0.0096,11,70,29,13,23,True,False,True,2.6,44,True,True
-0.24798277162683535,9.090909090909092,-3961.3819574710287,31.210045111263206,11,10,20,15,1.62,0.58,8,09:47,14:00,0.69,0.0133,27,73,28,17,28,False,True,False,1.2,65,False,True
0.3334416614438259,52.0,30889.720436973206,25.596888485127796,50,8,20,20,3.4,1.61,4,09:15,15:14,0.52,0.0114,22,75,33,18,20,False,True,True,2.6,24,True,False
0.16896949655322424,50.588235294117645,34035.62663055764,62.60964846472117,85,5,8,12,4.3,1.8,6,10:35,13:42,0.68,0.0059,28,72,21,13,22,True,False,False,1.6,41,False,True
0.23744337122643674,42.22222222222222,45186.77493031191,22.114770840845576,135,8,14,24,4.51,0.73,8,10:48,14:19,0.44,0.015,23,75,33,11,19,True,True,True,1.3,92,False,True
0.08348709656136795,44.0,14283.159652920105,31.642411655022446,75,10,20,29,2.76,1.94,9,10:55,15:15,0.63,0.0096,11,73,25,13,23,True,True,True,1.5,94,True,False
-0.21116536384409287,23.333333333333332,-13396.88519534349,94.24964898858536,60,9,15,12,3.43,0.69,9,09:51,14:09,0.49,0.0084,21,69,30,14,23,False,True,False,1.4,114,False,True
-0.014649813228185935,27.142857142857142,-1182.8202543512307,75.69360342635117,70,10,20,14,4.59,0.69,6,10:21,13:47,0.68,0.0136,18,76,25,17,22,False,True,True,1.7,104,False,False
0.09182748792050187,52.63157894736842,7137.333603895713,34.808759986696536,38,9,15,21,1.8,1.1,1,09:55,15:08,0.66,0.0116,10,67,28,13,25,False,True,False,2.6,82,True,True
-1.135034702562977,0.0,-1216.0299678973934,12.201463784436074,2,9,14,15,3.06,0.78,7,10:23,14:12,0.64,0.0107,12,70,20,18,27,True,False,True,1.3,71,True,True
0.28313517918950526,47.05882352941176,16335.342061830379,23.125195919301262,34,8,14,26,4.42,1.01,2,09:54,14:13,0.44,0.0134,11,69,28,14,23,False,True,True,2.5,85,True,False
-0.0821513222892993,43.333333333333336,-1728.0686205406164,27.035598082217504,30,9,21,17,1.88,1.05,9,10:47,14:47,0.42,0.0098,23,77,29,15,26,False,False,True,2.5,23,False,False
0,0.0,-492.54442400934204,2.46272212004671,1,9,21,22,1.97,0.59,3,10:31,13:47,0.49,0.0052,27,78,21,18,24,False,True,True,2.9,28,True,True
-3.7964360111482702,0.0,-5258.140747107929,33.71200814019387,5,10,20,24,3.47,1.26,10,10:26,14:04,0.65,0.0065,10,77,32,10,22,False,True,True,2.6,70,True,False
-0.06394040927245764,43.47826086956522,-5261.509960022062,43.97012247848685,46,8,14,29,2.55,1.38,7,09:23,14:41,0.58,0.0115,10,77,28,20,28,False,False,True,2.0,33,False,True
0.27876429080756315,60.0,10024.946817134081,20.76692832059786,20,8,14,23,4.44,0.96,5,10:15,14:06,0.64,0.0063,23,72,27,13,24,True,True,True,2.7,58,True,False
0.09562370400095967,33.33333333333333,818.3107161786538,11.921305381031653,9,9,14,13,3.66,1.47,9,09:26,14:02,0.43,0.0072,12,65,33,18,21,False,False,True,2.3,18,True,True
-0.7213440671114233,33.33333333333333,-4139.152499999975,21.18337557663273,3,8,20,11,4.69,1.93,6,09:40,13:28,0.49,0.0143,21,78,31,18,24,False,True,True,2.0,16,True,False
0.07883576828098565,32.55813953488372,25485.734770616727,70.00166053885994,258,8,20,27,1.76,0.54,10,09:53,14:50,0.51,0.0094,28,65,30,16,18,True,False,False,2.8,66,False,False
-0.3430602255774865,23.076923076923077,-12774.213714492063,75.74379739202648,26,10,20,24,3.18,0.9,3,10:58,14:35,0.64,0.0144,16,71,25,19,23,True,True,False,1.2,81,False,True
0.18270227924087795,40.45307443365696,58905.92411828558,31.906982443567927,309,5,8,28,1.74,0.6,7,09:29,14:07,0.45,0.011,17,75,29,18,28,False,False,True,1.7,83,True,False
-0.11422881703810066,40.0,-1717.4665977421828,28.60686405875594,10,10,20,12,3.27,1.45,5,10:14,13:01,0.46,0.0092,11,75,29,15,27,True,True,True,1.7,103,True,True
0.06950454915306298,40.131578947368425,16656.225973498214,33.75151091362942,152,9,21,10,3.92,1.86,6,10:46,13:36,0.48,0.0126,13,75,27,11,19,False,True,True,1.4,58,False,False
0.27162975447687715,64.0,11669.90026266842,14.919326290038748,25,10,20,13,2.29,1.83,1,09:19,14:16,0.41,0.0124,26,71,29,15,21,False,True,True,2.9,77,True,True
0.16461138776934198,46.51162790697674,11898.175227489563,34.10913729173078,43,9,14,27,3.54,1.19,10,09:49,14:37,0.54,0.0121,30,77,29,19,19,False,True,False,1.5,68,True,True
-0.43992661097738206,20.0,-1860.6514487930217,10.22625740441612,5,8,14,25,4.42,0.77,1,10:06,13:23,0.51,0.0129,24,78,24,18,29,False,True,False,1.9,42,True,True
0.009145022198088427,28.26086956521739,1127.985491025771,51.619161603111095,46,9,14,26,4.45,0.62,3,10:03,13:25,0.43,0.012,18,70,27,16,24,False,False,False,1.7,100,False,True
0.08793007821468098,48.275862068965516,4615.242195479517,30.78777893052507,29,9,15,23,4.35,1.56,2,09:27,14:39,0.53,0.0095,12,68,34,16,28,True,True,True,2.0,115,False,True
0.31783755552943904,60.37735849056604,32126.639779546684,20.24549563882447,53,5,8,14,3.1,1.06,1,10:13,13:28,0.53,0.0129,14,65,33,17,21,False,False,False,1.4,42,True,False
0.20952358236313018,48.888888888888886,98918.9238442842,19.336562217123195,315,5,8,13,4.93,0.79,3,11:00,13:51,0.6,0.0087,24,76,30,10,24,True,False,False,2.3,27,False,False
-0.08841522966181722,25.396825396825395,-5846.316211940586,65.73558467443578,63,8,14,10,2.83,0.61,10,10:24,13:02,0.52,0.0087,22,77,32,15,20,False,True,True,2.1,113,True,True
0.17145542946044523,61.904761904761905,16677.346923290315,29.33437381231584,42,9,14,12,4.34,1.67,6,10:49,13:29,0.62,0.0136,17,68,25,19,30,True,True,False,2.9,84,False,False
0.12985603952607933,49.707602339181285,54492.34129996778,27.18689038887684,171,8,14,28,3.54,1.53,5,10:37,14:47,0.65,0.0125,25,65,21,14,22,False,True,False,1.8,100,False,False
-0.09608605730647844,40.38461538461539,-6177.061514515744,54.134003176662915,52,9,14,24,3.83,1.25,8,09:52,13:57,0.53,0.0132,19,75,35,18,24,True,True,False,2.0,30,False,True
-0.0584675482589049,18.181818181818183,-1170.1553258591703,41.943778806451135,11,5,8,16,3.29,0.59,7,10:56,14:55,0.69,0.0056,28,66,26,11,26,False,True,True,2.7,88,True,True
0.36327094578172026,56.25,7105.812508562918,17.111936150366795,16,9,14,26,1.69,1.99,10,10:23,15:07,0.5,0.0053,19,76,20,13,23,False,True,True,2.0,55,True,False
0.5376264942688993,76.47058823529412,12896.665669741094,18.89735646655661,17,5,8,15,2.34,1.73,1,10:45,13:29,0.45,0.0135,14,76,35,18,19,False,False,False,2.9,27,True,False
-0.04590973574409199,27.710843373493976,-4405.098769393177,73.47829519990492,83,8,20,24,2.77,0.65,2,10:08,13:24,0.58,0.0096,20,77,24,10,25,False,False,True,2.4,92,False,False
0.09917608205394943,51.11111111111111,40232.563602862196,69.38162006593464,135,9,21,15,4.72,1.76,5,09:59,14:30,0.63,0.0147,23,67,29,11,19,True,True,False,2.3,81,False,True
0.12887289370223173,44.44444444444444,9594.858163577079,33.65789739878595,54,8,14,16,3.61,0.79,9,10:59,14:03,0.58,0.0128,13,69,31,16,22,False,True,True,1.8,60,False,True
0.14284512386085327,37.34939759036144,18542.555617663835,35.37403309342517,83,10,20,29,4.52,0.67,6,10:41,13:15,0.44,0.0128,26,74,33,11,21,True,False,False,2.9,63,False,False
0.056765029946254535,36.80555555555556,14353.081523727073,45.74295498144021,144,9,15,23,3.05,0.78,7,10:06,15:12,0.58,0.014,17,78,27,12,24,False,True,False,2.6,117,True,False
0.31713405777061354,57.14285714285714,4409.256955632896,29.915775530675276,7,9,15,29,3.51,1.03,5,09:38,14:07,0.61,0.0109,13,72,26,19,28,True,False,True,2.2,69,True,False
-0.022831129599319117,43.90243902439025,-1377.3207395677382,68.22103177635941,82,10,20,25,2.86,1.97,5,09:52,13:40,0.44,0.0114,15,67,24,17,18,True,True,True,2.6,61,False,True
-0.6393752236814535,37.5,-3607.7825457177823,20.397037728589286,8,9,21,18,3.63,1.01,8,10:22,14:59,0.5,0.0066,17,74,31,17,19,False,True,False,2.8,40,True,True
0.07802545875060563,45.45454545454545,1385.2611307648622,29.679300819201913,11,9,15,10,4.49,1.5,1,10:25,14:01,0.56,0.0053,12,73,25,18,29,True,True,True,1.9,108,True,False
0.40930994573661983,66.66666666666666,31459.661427758307,33.10168253373371,24,5,8,26,4.83,1.69,2,11:00,13:26,0.61,0.0145,24,75,29,20,20,False,False,True,2.1,50,True,False
-2.9665823836468848,0.0,-3986.5861872645764,23.787383990979112,4,8,20,14,4.87,0.64,7,10:05,14:33,0.68,0.0127,10,67,33,16,30,True,True,True,2.4,120,False,True
0.07790147898210317,54.54545454545454,1623.1737536637156,13.944483371990401,11,8,20,23,3.45,1.12,4,10:50,14:36,0.6,0.0098,11,74,23,13,27,True,True,False,2.1,46,False,True
0.3841144055886396,61.111111111111114,14026.624450710871,18.248336682767484,18,9,15,21,2.0,1.31,4,09:48,14:33,0.66,0.0079,17,66,25,19,28,False,False,True,2.4,109,True,False
0.8113453979698008,80.0,16358.185962005533,12.838761416220432,10,8,14,13,3.64,1.57,6,09:59,13:14,0.43,0.0072,25,68,33,16,28,False,True,False,2.9,109,True,False
-0.07232385395327418,41.66666666666667,-1341.09371968688,41.385156331695676,12,8,14,13,2.65,1.38,5,09:29,13:38,0.46,0.0054,20,78,26,12,23,False,True,False,2.1,90,True,True
0.17540167876798904,45.1219512195122,39855.0727826813,17.140796709794056,164,9,14,13,4.44,0.6,7,10:39,14:09,0.64,0.0109,25,78,24,10,18,False,False,True,1.6,20,False,True
0.18234846152799297,51.85185185185185,15272.281510179753,51.25095700996408,27,9,15,19,4.05,1.42,3,09:44,13:56,0.69,0.0055,26,71,22,10,22,False,False,False,1.1,46,True,False
0.03600300515599239,38.095238095238095,6795.5884014892945,112.44489282709512,84,9,14,11,3.12,0.86,9,09:27,13:25,0.62,0.0059,13,67,28,11,25,False,True,True,1.8,24,False,False
0.06741263777282466,47.368421052631575,8262.032716743517,48.780752950473236,57,8,14,25,1.81,1.39,5,09:30,13:40,0.57,0.0142,18,65,34,14,20,True,True,True,1.5,76,True,False
-0.049187644970798056,50.0,-2152.069767175002,43.3349611018717,32,9,21,20,2.35,1.83,10,10:27,13:17,0.45,0.006,16,76,30,18,23,True,True,False,1.3,67,True,False
0.5273004830456111,57.89473684210527,19041.479574137004,10.785406079653608,19,9,15,24,2.58,0.73,4,09:20,15:04,0.6,0.0098,20,73,32,18,25,False,False,False,1.1,52,True,False
0,100.0,1125.1449999999677,6.962026057541089,1,8,20,13,2.24,1.83,3,10:06,14:10,0.62,0.0069,13,65,23,20,26,False,True,True,1.9,74,True,True
0.34717254606209363,40.0,10963.808754554295,10.302096041652712,20,10,20,17,1.63,0.53,5,10:52,14:18,0.58,0.0088,21,71,24,10,23,False,True,True,1.4,106,True,False
0.053641712235836914,43.30708661417323,11315.806818005036,39.075886581938654,127,9,21,29,3.06,1.48,2,10:10,14:53,0.46,0.0126,12,79,34,13,18,False,True,True,1.5,95,False,True
0.060422927792869306,40.0,272.475000000155,13.807962330131943,10,8,14,16,4.28,1.92,5,09:24,14:24,0.45,0.0115,21,73,20,10,29,False,True,True,2.5,19,True,True
-0.4074577688285688,22.22222222222222,-5657.679677921251,36.84091948496347,9,5,8,17,4.02,1.51,5,10:06,14:51,0.61,0.0058,12,73,29,11,29,True,False,True,1.8,21,True,True
0.0934059242259336,53.57142857142857,12200.492174243747,30.472457291497417,56,9,15,28,4.68,1.75,7,10:47,14:11,0.62,0.0063,12,79,20,12,24,True,False,False,2.0,94,False,False
-0.004943772363276455,45.714285714285715,-510.4530968248655,53.900522398293575,35,9,15,26,1.98,1.51,4,09:20,14:39,0.53,0.0068,23,80,27,15,27,False,True,True,2.1,82,False,True
0.027329133048292473,48.0,2716.660130504162,38.897973975164895,25,8,20,22,3.66,1.34,5,10:12,13:50,0.56,0.0112,17,71,23,11,21,False,False,False,1.8,81,True,False
-0.0034615990491646954,30.0,235.84780175211927,50.53360854977592,50,9,15,16,3.19,0.62,8,09:35,13:49,0.63,0.0096,20,72,34,18,30,True,True,False,2.6,63,True,False
0.03728367818646679,50.51546391752577,4255.091989160195,47.535739060004296,97,9,14,12,1.81,1.43,5,10:40,13:07,0.45,0.0103,15,78,26,10,23,True,True,False,2.9,39,False,False
0.1740121628209249,34.45378151260504,31678.165556970605,18.98575148393134,119,8,14,17,3.69,0.54,4,10:26,14:18,0.6,0.0142,26,67,31,19,18,True,True,True,2.0,69,False,True
0.05286196059347572,32.142857142857146,1539.7878152976773,18.259718212302754,28,9,14,30,4.09,0.7,8,09:15,14:50,0.41,0.0064,16,79,20,13,28,False,True,True,1.6,17,True,True
0.8501438568892543,50.0,1549.9049999998242,3.469059569484343,2,9,14,21,3.6,0.8,6,09:34,13:12,0.58,0.005,29,68,22,10,27,True,False,True,1.2,19,False,True
-0.056371602925843034,47.82608695652174,-1755.9103411715369,46.475222276659814,23,8,14,26,3.85,1.98,4,10:53,13:52,0.62,0.0148,17,74,29,14,27,False,True,False,2.2,40,True,True
0.20855594788923804,68.42105263157895,4930.157916063283,26.205009978757815,19,9,21,22,4.59,1.88,10,10:12,13:28,0.51,0.0109,19,70,32,19,29,False,True,True,2.8,80,False,False
-0.01436243000113676,40.0,-546.8192953461657,20.64667130141923,5,9,14,10,4.7,1.36,8,10:51,14:27,0.51,0.0131,26,72,22,10,26,False,True,False,2.8,88,True,True
-0.06108622332801732,42.1875,-6656.978867223863,76.87824141900651,64,8,20,12,2.3,1.2,9,09:44,14:13,0.58,0.007,23,73,30,16,21,False,False,False,1.3,74,False,True
0.2537697564151567,55.55555555555556,5338.708489294273,19.29223659719147,18,9,15,10,3.05,0.89,3,09:33,13:09,0.44,0.0092,12,78,22,12,25,False,False,True,1.2,43,True,False
0.20278425312560996,50.0,313.73935188508403,6.204503476809936,2,9,21,15,2.25,0.59,7,10:43,13:00,0.57,0.0069,13,65,28,19,20,True,True,False,1.3,103,True,False
0.1667584878239283,57.57575757575758,13761.701635229889,32.20335351209383,33,9,21,17,4.72,1.83,6,10:41,13:22,0.69,0.0108,29,65,32,16,20,False,True,False,2.5,66,True,True
0.006455211482795458,50.0,-137.85420738864195,8.948506487697081,2,10,20,27,4.01,1.44,2,10:46,13:24,0.53,0.0134,11,72,24,18,25,False,True,True,1.2,91,True,True
0.3505495367858701,57.446808510638306,41942.20403260577,16.884523305203906,47,8,14,29,4.62,1.69,10,10:51,14:25,0.65,0.0131,21,75,25,17,23,False,False,True,1.6,114,True,True
0,0.0,-1161.1599999999198,8.08506070711492,1,8,14,21,3.94,1.13,5,10:43,14:28,0.52,0.005,29,70,29,14,29,True,False,True,1.8,22,True,True
-0.24106251490842145,28.846153846153843,-10454.679880841539,64.35984681113716,52,9,15,15,1.58,1.74,4,10:08,13:43,0.45,0.007,24,72,32,19,28,False,True,True,1.9,21,True,False
-0.6450309673334075,25.0,-2517.5970216047062,30.632576490872616,4,8,20,22,4.64,1.1,5,10:39,13:38,0.45,0.0077,21,77,34,15,28,False,True,False,1.4,95,True,True
0.1351556414493956,33.33333333333333,1321.484191411906,18.211791498407646,6,9,15,22,3.33,1.85,3,10:34,13:30,0.67,0.0055,10,67,35,13,24,False,False,False,1.1,27,False,True
-0.008638552811376089,28.57142857142857,264.93593862901616,47.29345982585946,28,9,14,27,3.3,0.67,1,09:39,14:34,0.64,0.0123,11,67,35,10,27,False,False,False,2.4,88,True,True
0.016695232684220566,33.33333333333333,-65.883142626466,26.581884582280374,3,8,20,25,4.98,1.15,4,10:23,13:34,0.66,0.0147,22,65,27,12,18,True,True,False,1.8,109,True,True
0.30048319547651864,48.148148148148145,26221.555565496805,24.98994367084303,27,10,20,13,4.85,1.27,6,09:29,13:39,0.46,0.0114,28,72,20,10,25,False,False,True,2.0,98,True,False
0.10119499749594377,50.56179775280899,18316.183445642484,68.79498872819487,89,8,14,30,2.46,1.68,1,10:47,13:27,0.65,0.0096,30,74,31,14,18,False,False,False,1.8,53,False,True
0.12556411752185678,38.88888888888889,2142.6432970230126,15.054712790116445,18,8,14,18,1.83,0.86,2,10:49,13:26,0.53,0.0138,11,71,20,20,21,False,True,True,2.2,19,True,False
-0.04051176979325664,38.20224719101123,-3276.928996860188,92.07248164157991,89,9,15,28,4.48,1.84,10,10:01,13:35,0.45,0.0137,16,77,26,11,26,True,True,True,2.4,22,False,False
-7.446174707832103,0.0,-1581.0103958031104,7.9050519790155525,2,10,20,30,4.33,0.66,3,10:11,13:11,0.61,0.0054,25,69,27,16,30,True,True,True,1.8,72,False,True
0.2372755839200124,66.66666666666666,3682.3721486832073,15.807245017514509,9,9,21,29,3.5,1.75,5,09:46,14:12,0.63,0.0053,15,66,20,19,29,False,True,False,1.8,49,False,False
0.1734079436715221,45.21739130434783,243701.27342904836,32.34817421461138,690,5,8,27,3.15,1.62,4,09:35,14:26,0.61,0.0092,20,66,29,12,20,False,True,True,1.2,107,True,False
-0.3857128081058245,33.33333333333333,-10888.342021624981,59.33774086839391,18,9,21,19,1.51,1.32,6,10:57,14:28,0.64,0.0139,12,79,26,13,24,False,True,True,3.0,113,False,True
0.053391511907137444,45.378151260504204,15647.903543549888,58.32445582979792,119,9,15,10,3.4,1.32,2,10:39,15:03,0.54,0.0098,29,73,27,12,23,True,False,False,1.7,113,False,False
0.10342129599978114,38.028169014084504,18818.15654857857,50.22604694572497,142,9,21,21,2.85,0.75,1,09:25,14:22,0.42,0.0148,20,65,33,19,19,True,True,False,2.3,57,True,False
0.11091982150311915,51.42857142857142,15331.341077028781,39.70158762088051,70,8,20,25,3.76,1.3,9,10:44,14:49,0.64,0.008,17,77,35,11,22,False,False,False,1.0,34,False,True
-0.10435963976895607,44.0,-7068.888989914802,58.11073112986702,50,9,15,26,2.24,1.18,8,10:25,13:32,0.52,0.0124,24,80,30,12,28,True,True,True,2.9,68,False,False
-0.06606652939413074,29.268292682926827,-2934.365006023898,43.61909854837767,41,10,20,24,1.81,0.64,5,09:32,14:28,0.67,0.0143,17,69,29,20,21,False,True,True,2.4,83,True,True
0.2169846200987627,61.111111111111114,5507.402795841794,21.85750713937816,18,9,15,15,2.27,1.87,7,09:19,14:24,0.47,0.0095,15,79,29,15,28,False,True,False,2.4,36,True,True
0.20950971569459076,66.66666666666666,1015.3091391204543,9.519711644405469,6,9,21,20,1.77,1.25,5,10:57,14:54,0.52,0.009,16,65,23,17,30,True,False,True,1.2,37,True,False
0.31035576742563736,60.0,1980.7286628766306,8.165289218802519,5,8,20,14,4.16,1.4,8,10:29,14:36,0.5,0.0093,14,70,34,14,23,True,False,True,2.7,99,True,True
0.3716206410705184,55.55555555555556,60230.437404788885,18.650049746579302,72,5,8,27,4.88,1.24,3,10:26,15:10,0.58,0.0073,19,78,27,11,19,False,False,True,2.2,36,True,True
-0.2622590927197544,42.42424242424242,-13488.729195005357,78.8431920062004,33,9,21,29,1.9,1.85,5,09:17,13:55,0.61,0.0119,11,76,23,13,30,True,True,True,2.6,28,False,False
0.19963953677369561,56.36363636363636,36888.84330851256,28.68610558609793,110,8,14,18,3.29,1.51,7,10:14,14:43,0.48,0.0085,11,75,24,15,26,True,True,False,1.7,110,False,False
0.27541364494813475,47.61904761904761,10700.589669876608,13.665155268116749,21,9,15,28,2.08,0.87,8,10:10,13:20,0.53,0.0134,18,65,27,17,18,False,False,False,2.9,73,True,True
0.1600170722038136,37.93103448275862,6782.010326580374,30.84399646514872,29,9,14,30,3.32,0.7,2,09:54,14:49,0.5,0.0064,12,79,22,18,25,True,True,True,2.1,85,True,False
0.13881276286667352,54.54545454545454,3567.825699024288,25.521884970562414,11,10,20,12,3.12,1.7,9,10:16,15:10,0.55,0.0064,27,69,24,15,24,False,False,True,2.1,119,True,True
0.39437593205344235,40.0,5954.831514215897,9.465481874642933,10,10,20,23,3.7,0.55,7,09:30,14:53,0.55,0.005,22,70,35,18,26,True,True,False,1.0,55,False,False
0.020730635688498793,47.26027397260274,10196.79774487952,65.8022022417652,292,8,14,23,1.67,1.35,1,10:28,14:43,0.68,0.0143,16,65,26,14,18,False,True,True,2.4,29,False,False
0.038649513232846926,47.42268041237113,17139.28494480176,54.896220517287134,485,5,8,11,4.2,1.19,9,09:18,14:13,0.43,0.0138,22,72,31,19,25,False,False,True,3.0,15,False,False
0.053064009022335226,44.26229508196721,5130.877479538525,40.241090491410745,61,9,14,29,1.88,0.88,8,10:21,13:09,0.57,0.0057,30,80,30,15,20,False,True,False,2.5,31,True,False
0.2901212070791168,56.666666666666664,98756.44854522463,36.591046646073295,120,5,8,11,2.62,1.82,7,09:15,13:20,0.65,0.0063,16,65,30,10,21,False,True,True,1.4,63,True,False
-0.16481905948829723,41.935483870967744,-6903.9105487012785,79.47012974826855,31,8,20,26,4.52,1.19,2,10:42,13:03,0.62,0.0102,11,66,24,13,25,True,True,True,2.3,48,False,False
-0.2578543204779799,32.35294117647059,-8550.491538475184,47.921546937903656,34,10,20,26,2.24,0.99,8,09:58,13:32,0.41,0.0082,29,65,22,20,26,False,False,True,1.2,33,False,False
-0.053376776581186496,50.0,-460.4492441466318,15.808750161005076,6,10,20,30,1.57,1.65,10,10:16,15:05,0.46,0.0088,30,65,32,15,29,True,False,False,1.7,118,False,True
0.2368494386622492,60.0,11849.944437920345,20.137967851702623,40,5,8,12,3.61,0.99,8,10:46,13:17,0.42,0.0119,22,68,21,20,24,False,False,False,1.2,71,True,True
0.034276030288781616,51.4018691588785,9517.594586201856,74.58298457601987,107,9,14,14,2.24,1.67,4,10:38,13:25,0.64,0.0135,26,78,29,19,22,True,True,False,2.0,78,False,False
0.10306561197576652,50.0,8868.179040583233,39.367828796880566,52,9,14,19,2.57,1.54,1,10:05,14:24,0.69,0.0076,29,67,21,20,30,True,False,True,1.1,88,False,False
0.2269847123809479,55.42168674698795,39083.150664291665,33.843928232470134,83,5,8,19,2.52,1.03,5,09:34,13:25,0.66,0.0097,23,68,24,10,27,False,True,False,2.3,59,True,True
-0.1317900622442091,30.0,-1985.6943122342345,34.54596998745672,10,10,20,24,3.43,1.09,6,10:29,14:15,0.68,0.0148,10,75,35,10,28,True,True,False,1.3,38,True,True
-0.016068834971350303,43.30708661417323,-4400.446057247347,70.77445521997929,127,9,15,24,2.36,1.27,3,10:07,13:54,0.58,0.0073,25,73,25,16,22,True,True,True,1.4,81,False,False
-0.05464990509680739,56.09756097560976,-3472.0553960220313,42.94689842430284,41,8,20,21,2.52,1.98,10,10:21,13:49,0.58,0.0076,17,77,35,16,24,True,False,True,1.9,48,True,False
0.11292538773109422,44.642857142857146,12340.718149047534,54.10854294816907,56,9,15,24,4.39,1.03,5,10:35,14:10,0.61,0.0058,27,72,35,16,22,False,True,True,2.6,111,False,False
0.15122622623430718,38.92617449664429,27340.829859141304,22.756147336956772,149,8,14,15,3.83,0.54,2,10:31,13:25,0.54,0.0136,19,69,31,20,21,True,False,True,2.3,38,False,False
0.13339556587085905,57.14285714285714,6429.469103215484,49.77879982173327,28,9,14,18,1.56,1.52,5,09:46,15:11,0.62,0.0054,10,76,21,16,20,True,True,False,2.3,62,True,False
0.07578357621996026,53.73134328358209,8510.140013608263,37.966965806446495,67,9,15,12,4.19,1.6,1,09:16,14:09,0.54,0.0097,29,67,23,17,25,True,False,False,2.9,68,True,False
0.12490309332684078,55.88235294117647,9674.628446539515,42.0659074502383,34,8,14,27,2.44,1.83,4,09:28,14:02,0.68,0.0077,19,73,28,17,27,False,True,True,2.2,99,True,True
-0.13293429033484463,41.17647058823529,-3407.290054530069,49.02811175108106,17,9,21,24,4.61,1.86,4,09:26,13:32,0.6,0.011,26,77,32,20,27,True,True,False,1.4,34,True,False
0.4098150930772632,60.0,13896.899696698943,19.724011079231982,15,8,20,13,4.07,1.71,2,09:22,14:30,0.61,0.0149,20,70,23,12,27,False,False,True,1.6,83,True,True
0.04549178078260125,49.80988593155893,46630.76794947138,70.11542796414166,526,8,20,14,2.16,1.57,8,09:18,14:53,0.6,0.0117,24,76,20,10,18,False,False,True,1.9,45,False,False
0.3360290989902732,40.0,8490.2405447149,11.384594733428331,15,8,20,26,1.56,0.54,5,10:06,14:52,0.69,0.0057,28,69,23,13,24,True,False,False,1.1,74,False,True
0.13092488311991834,48.64864864864865,33424.392807252545,50.089616343741106,74,9,15,29,4.34,1.83,7,09:40,15:02,0.69,0.0104,24,80,28,12,23,False,False,False,1.2,109,True,True
0.0832365559216238,46.08695652173913,39985.2829968705,36.21037248764793,230,9,15,27,4.27,1.71,4,10:07,14:35,0.58,0.0125,25,65,24,10,22,False,False,False,1.2,46,True,False
0.31797667357813286,62.5,4076.7489433960654,24.95226576288093,8,10,20,27,1.53,1.76,1,09:58,13:04,0.64,0.0059,12,68,35,12,27,False,True,True,2.9,58,True,False
-0.29896261129072316,41.30434782608695,-24233.70781927359,127.02293453825311,46,9,21,20,4.65,1.89,10,09:42,13:06,0.47,0.0136,22,65,21,15,25,False,True,False,1.9,101,False,False
-0.6420293096003693,27.27272727272727,-15368.916164465758,78.26379217194233,11,10,20,19,2.49,1.84,10,09:51,14:51,0.7,0.0103,18,77,23,16,26,True,False,False,2.0,100,True,True
0.30240885243180765,57.14285714285714,32047.553350218564,21.232292065126195,49,5,8,17,2.42,1.34,2,09:47,13:12,0.65,0.0135,20,76,29,13,18,True,True,False,2.1,37,True,False
0.2180940352945797,26.666666666666668,6853.499803044644,26.60445404156302,15,9,21,15,4.96,0.52,9,10:41,13:40,0.66,0.0059,15,65,27,16,22,False,True,True,1.9,116,False,True
0.099786922679887,52.6,74724.04290962723,54.770241150337576,500,5,8,24,2.11,1.78,3,10:26,13:49,0.5,0.0082,26,78,33,11,20,False,True,False,1.9,63,False,False
-0.017504089972733842,48.10606060606061,-5234.429967954107,81.26344953418914,264,9,15,30,2.15,1.22,4,10:13,15:04,0.63,0.0133,21,67,30,20,19,False,True,True,3.0,15,False,False
0.1801150124787383,37.903225806451616,44545.86192566568,22.887432918475774,124,5,8,26,2.94,0.73,9,10:48,14:44,0.6,0.006,27,72,22,17,20,True,False,False,2.0,88,False,True
0.054254500768102995,40.0,371.4693256910614,13.999701647712634,15,9,15,21,4.51,0.54,1,09:57,14:07,0.45,0.0148,22,76,34,10,25,True,True,False,1.2,22,True,False
0.34731818779381857,46.666666666666664,18918.279037109867,24.374715117867176,15,8,20,13,4.95,0.59,9,10:18,13:22,0.69,0.0121,25,70,24,11,22,True,True,False,2.4,18,True,True
-0.2763420633728493,38.2716049382716,-22789.166576690594,115.91337879517725,81,9,21,28,1.54,1.44,2,10:06,14:29,0.49,0.009,15,67,30,13,23,False,True,False,1.7,19,True,False
0.014070228493927068,40.0,3572.6052309318766,68.74786842596103,110,8,14,29,3.66,1.25,1,10:01,14:35,0.55,0.0147,28,65,21,14,20,False,True,True,1.8,67,False,True
0.17852355621529525,55.55555555555556,9093.653921418387,20.602686435111924,27,9,15,12,2.21,1.83,6,10:15,14:29,0.58,0.0111,21,69,30,17,27,True,False,True,1.9,42,False,True
-0.33547380409384026,12.5,-2482.7446548658554,22.5549633451214,8,9,21,28,4.76,0.56,1,10:00,14:14,0.7,0.0148,22,79,27,11,27,False,True,False,1.7,40,True,False
0.1749001676739812,33.33333333333333,263.8808279528239,4.340307252377911,3,10,20,29,1.81,0.72,7,10:26,14:42,0.42,0.0075,22,66,34,13,28,True,False,False,1.3,66,True,True
0.04344423128197825,26.5,12758.438597635453,57.77446036983391,200,10,20,14,3.06,0.61,9,10:08,14:40,0.42,0.0137,27,77,29,16,18,False,True,False,2.5,105,True,False
-0.06334277493416134,43.47826086956522,-2589.389426923135,64.5904285926359,46,10,20,17,2.66,1.84,5,10:25,14:15,0.44,0.0077,20,73,23,10,27,False,False,False,1.3,76,True,False
-0.03924989375460208,47.05882352941176,-3563.5661433677233,68.5934188571175,68,9,15,17,2.48,1.6,4,09:57,14:17,0.49,0.0099,23,80,23,18,21,True,False,False,2.6,112,False,True
-0.016267794332406674,35.714285714285715,-513.3913491192652,24.0411730411826,28,9,21,17,2.36,0.59,2,09:55,13:25,0.55,0.0096,17,67,35,16,27,False,True,False,2.0,34,True,False
0.08462572821849403,43.75,4002.334358933931,30.341732904090073,32,10,20,19,4.22,0.78,10,10:11,14:17,0.67,0.0085,10,77,33,19,25,False,False,True,1.0,16,True,False
0.10545354353226735,42.857142857142854,5071.052305156787,24.83459335307358,35,10,20,22,3.73,0.8,6,10:50,13:04,0.58,0.0067,13,73,26,20,20,True,True,True,2.9,35,True,False
0.32752565937830047,63.829787234042556,48645.5829566226,20.411938310869317,94,5,8,29,2.5,1.93,5,10:40,13:43,0.51,0.0086,15,79,35,16,27,False,True,True,1.8,120,False,True
0.12553023683886957,41.734417344173444,83519.05790298033,47.70378493704283,369,5,8,13,1.94,0.77,1,09:45,14:07,0.68,0.0117,23,68,29,15,23,True,True,True,2.2,69,False,False
-0.5411236874980938,40.0,-16331.17224586187,93.62148622930873,25,8,20,26,4.94,1.34,7,09:51,14:16,0.5,0.0063,19,68,28,11,30,False,True,False,1.1,34,False,False
0.36587901265384765,66.66666666666666,1023.7381934888253,7.468181036599421,3,8,20,15,2.51,1.3,2,10:43,14:01,0.6,0.0086,14,67,20,17,26,False,False,False,2.4,43,True,True
0.1530269306657521,53.06122448979592,16218.270600994503,35.95737601193919,49,9,14,18,4.26,1.54,5,10:58,14:38,0.52,0.0076,28,70,21,19,22,False,True,False,2.1,76,True,False
-0.36707350118220416,25.0,-3775.74030222516,33.53068447923415,8,9,21,13,2.48,1.06,4,09:29,13:30,0.44,0.008,16,75,34,20,28,True,True,False,1.0,102,True,True
0.17632905997503004,50.0,5210.764999531144,16.203492906304362,18,9,15,24,4.05,1.42,4,10:19,13:11,0.5,0.0061,23,74,28,15,25,False,False,True,1.1,25,False,True
0.019287465195244855,32.21476510067114,5276.9598888019755,71.27195154605218,149,10,20,12,4.44,0.62,7,09:43,13:35,0.66,0.0144,26,70,21,20,19,False,True,False,2.4,37,False,False
-0.08104273111609712,45.65217391304348,-7566.603771718266,79.85976419253004,46,9,15,26,1.5,1.59,1,09:53,14:13,0.65,0.0071,27,73,23,10,29,True,False,True,2.1,116,False,False
0.21769823137862507,40.816326530612244,17392.054929996208,21.47847074113435,49,9,14,16,2.14,0.75,3,10:11,13:15,0.48,0.0118,21,72,35,16,18,True,True,False,1.3,120,True,True
-0.474100587763513,17.857142857142858,-16638.94620751547,88.24845499720882,28,10,20,13,3.03,0.87,10,10:08,13:47,0.65,0.0121,25,73,21,18,23,True,True,True,2.6,69,False,True
0.05412510455702617,51.41509433962265,16746.5625654573,60.95680594942191,212,5,8,23,2.38,1.93,1,10:11,13:15,0.57,0.0093,26,78,34,19,23,False,True,False,1.7,32,True,False
-0.016965405647307644,51.87165775401069,-2328.223633632315,128.14966377489392,187,8,20,20,2.8,1.75,7,09:32,15:10,0.48,0.0102,30,70,28,17,21,False,False,False,2.0,78,False,False
0.17789928650261908,36.36363636363637,12191.476778229415,32.81658792094528,44,9,14,30,4.86,0.57,10,10:19,15:11,0.52,0.0119,14,67,21,14,25,False,False,False,2.4,94,False,True
0.5102626777065239,73.33333333333333,18970.874770038383,18.958411396057176,15,9,14,21,2.05,1.93,5,10:08,13:43,0.7,0.0121,18,75,29,15,28,True,True,False,2.7,110,True,True
-0.670269450513377,11.11111111111111,-5965.793824954879,29.828969124774396,9,10,20,13,2.22,0.78,6,10:46,13:26,0.55,0.0121,17,73,27,20,28,True,True,False,2.4,95,False,True
0.19957361765011963,44.14414414414414,41276.03516719302,35.352538444053344,111,8,20,13,2.22,1.7,2,09:26,13:44,0.57,0.0111,22,79,20,11,20,True,False,True,1.2,57,False,True
0.2024533461740578,47.733333333333334,123345.32688725603,21.075090987611432,375,5,8,12,3.83,1.81,3,10:54,13:22,0.5,0.0091,20,77,29,13,20,False,True,True,1.2,68,False,False
0.21244977534144144,54.12844036697248,38735.82049921738,38.998625045141736,109,5,8,25,4.34,1.46,6,09:40,14:28,0.41,0.0077,13,66,29,15,27,False,True,True,1.9,53,True,True
-1.243544223722255,33.33333333333333,-2875.1396002969486,16.654198001485458,3,8,20,20,2.42,1.21,7,10:23,14:01,0.7,0.0054,16,79,30,12,30,False,False,True,1.8,77,False,False
0.0024823291356836324,50.0,1394.1155247716742,39.11973613346749,18,8,20,18,4.89,1.79,1,10:54,15:11,0.4,0.0115,25,74,22,17,20,False,True,True,3.0,87,True,True
0.6944584414306887,73.33333333333333,26975.193758248788,10.954573985120634,15,8,14,30,4.6,0.89,2,09:54,14:06,0.51,0.0088,28,65,22,14,20,False,False,True,2.5,91,True,True
0.13707401306247638,48.61111111111111,27654.987754876536,26.033255566832516,216,5,8,16,3.36,0.69,10,10:07,13:24,0.45,0.0121,12,73,27,19,20,True,False,True,1.5,18,False,True
0.11782146290335538,48.598130841121495,20363.548559563438,29.701533012232577,107,9,21,10,2.37,1.64,5,10:45,14:58,0.48,0.0063,30,79,22,15,19,False,True,False,2.0,71,True,False
0.13111523349126317,50.245098039215684,136609.6428442313,99.82799831122591,408,5,8,13,3.94,1.64,1,10:00,14:39,0.65,0.0121,22,80,23,17,21,True,True,True,2.4,77,False,False
0.17438467306917668,31.57894736842105,6765.005555426484,24.540474754720094,19,10,20,25,3.46,0.59,5,10:04,14:22,0.56,0.0074,21,80,26,14,19,False,True,True,2.1,92,True,False
-0.23699860346644766,31.57894736842105,-10432.18283783196,57.7740193137407,38,9,14,26,1.84,0.99,3,10:00,13:12,0.45,0.0094,30,69,35,18,25,True,True,False,2.5,45,False,True
0.14126401990338236,65.0,3047.4951085199937,23.262408414490764,20,5,8,27,1.86,1.85,6,09:34,13:00,0.42,0.0053,10,78,24,12,24,True,True,False,1.1,39,True,True
0.2228936993984483,46.666666666666664,4905.999760219907,20.65401263963955,15,8,20,18,1.65,0.89,3,10:11,14:53,0.42,0.0139,18,80,33,12,24,True,False,True,1.4,28,True,True
-0.7523690875230098,12.5,-4311.174986068952,29.028274946095483,8,9,21,30,1.92,0.73,8,09:57,13:55,0.52,0.0114,11,77,31,13,30,False,True,True,1.4,80,False,True
-0.17588299102211769,58.333333333333336,-2027.784838828149,22.005524213620934,12,8,20,29,4.18,1.07,9,10:37,13:04,0.48,0.0084,28,77,32,19,30,True,False,False,1.5,46,True,False
0.08183513131965596,51.515151515151516,4573.898477059425,31.43388278687416,33,10,20,28,2.41,0.74,9,09:24,13:17,0.65,0.0124,29,76,31,19,22,True,False,True,1.5,15,False,True
0.4108618938057959,54.54545454545454,5490.232602108103,14.00727962043409,11,8,14,21,3.23,0.52,9,10:52,15:15,0.41,0.0142,28,74,21,19,29,False,False,True,1.1,83,True,False
-0.014988485989756918,25.64102564102564,380.11580944043817,49.679174875496244,39,10,20,29,2.81,0.55,9,09:30,13:37,0.49,0.0074,23,68,23,20,22,False,False,True,2.0,105,False,True
-0.08469264039946135,41.509433962264154,-6422.662514168718,68.99322377306353,53,8,20,28,2.1,1.28,5,09:52,14:18,0.55,0.0104,13,65,32,18,21,True,False,False,1.9,57,False,True
0.2417397617150582,58.333333333333336,2816.02950146066,11.484451405626768,12,8,14,20,2.12,1.84,9,10:41,13:00,0.43,0.0066,23,75,31,15,29,True,False,True,1.5,102,False,True
-0.0928147760070064,34.48275862068966,-2904.31074532029,39.031720743797,29,9,15,16,3.53,1.51,10,09:18,13:49,0.47,0.0083,21,74,22,19,29,True,True,False,1.3,22,False,True
0.026140194679265694,40.0,3121.978606889392,57.58928401334309,75,8,14,15,3.23,0.87,6,10:00,13:13,0.47,0.0057,12,68,34,19,21,False,False,False,1.7,31,False,False
-0.2714013754542241,41.66666666666667,-4693.505609129477,36.02070411294105,12,8,20,13,3.64,1.33,2,09:53,13:19,0.45,0.0118,13,71,28,16,29,True,True,True,2.0,111,False,True
-0.017760400524888163,44.36619718309859,-4296.654888268204,62.70182653549957,142,9,14,18,1.67,1.56,3,09:45,15:02,0.49,0.0128,16,72,31,20,25,False,False,True,1.4,27,False,False
-0.225985313629002,38.46153846153847,-12685.80525739118,73.39817539468716,26,10,20,16,3.32,1.9,9,10:07,14:22,0.62,0.0124,24,80,31,18,25,True,True,False,1.1,63,False,True
-1.159690657966587,25.0,-2710.555436491384,14.415800867777701,4,9,14,24,3.93,1.09,10,10:02,13:18,0.59,0.0114,14,77,32,18,30,True,False,False,1.2,28,True,True
0.07048780083967712,48.07692307692308,7503.675406235907,40.134396459378785,52,8,20,27,4.64,1.88,3,10:14,15:07,0.5,0.0074,12,65,29,10,24,False,True,False,1.4,40,True,True
-0.26297006758130076,29.166666666666668,-7630.0713568723495,45.147522018293586,24,10,20,27,2.99,1.92,2,10:05,13:15,0.51,0.0135,12,80,22,19,24,True,True,True,2.1,18,False,True
-0.19117471784946533,31.57894736842105,-5371.305504731383,63.527965267536345,19,10,20,27,2.69,1.15,4,10:57,13:13,0.67,0.0136,23,73,29,12,27,True,True,True,1.5,92,False,False
-0.15467638983307924,37.3134328358209,-13857.610255017744,80.41434246243165,67,8,20,23,2.64,1.51,3,10:45,14:27,0.48,0.013,21,78,31,11,25,False,True,True,1.7,22,False,False
-0.06546380460442647,36.231884057971016,-10225.200533053818,84.82483896065607,69,8,14,10,2.78,0.94,4,10:10,13:53,0.6,0.0134,22,74,30,14,22,True,True,True,2.8,117,False,True
0.04282614410042849,45.55555555555556,12709.698451425076,76.20018688427719,180,9,14,10,3.26,0.95,1,10:08,14:59,0.64,0.0122,22,67,23,10,18,True,True,True,1.2,19,True,True
0.16772451040451689,33.33333333333333,1061.2227343427803,11.651597243839005,3,9,21,27,3.53,1.23,5,10:50,13:45,0.51,0.0057,30,71,21,16,27,True,False,False,2.2,95,False,True
0.5769878574395907,83.33333333333334,5520.122065057101,16.667821634121026,6,8,14,15,3.59,1.6,6,09:53,13:07,0.44,0.0056,15,79,25,14,25,True,True,False,1.5,110,True,False
0.05511138888268645,41.86046511627907,5658.580198399282,32.14997366021864,43,8,20,28,2.66,0.95,10,10:57,13:59,0.69,0.01,18,76,34,19,18,True,False,True,2.6,106,True,False
-0.08338992348394154,42.5,-5506.050092825402,76.61432884667437,40,8,20,24,1.79,1.42,1,09:27,13:21,0.6,0.0106,15,80,22,17,27,False,True,True,1.9,78,False,False
0.31385313595876774,58.92857142857143,49859.55680239649,18.203270799795963,56,5,8,13,3.89,1.71,10,10:01,14:12,0.68,0.0113,26,80,35,19,19,False,True,False,2.7,97,True,False
0.13040875028758933,37.83783783783784,17486.278883718573,26.47341771629847,74,10,20,30,4.06,1.84,1,10:08,14:44,0.4,0.0114,14,77,35,14,20,False,True,True,1.7,109,False,True
-0.20915632726887634,50.0,-391.7044055679762,11.009249999999847,2,5,8,12,4.78,1.74,6,09:54,14:36,0.6,0.005,17,80,30,11,28,False,False,True,1.5,91,True,True
0.10215359629494668,45.55160142348754,59481.72731312225,52.43496053870859,281,5,8,16,2.81,1.41,4,09:51,14:21,0.53,0.0115,13,67,23,10,29,False,False,True,2.4,119,False,False
-0.022237731447042167,43.82716049382716,-8694.580193877982,95.47439599431583,162,9,14,27,2.2,1.41,3,09:47,14:08,0.63,0.0142,28,78,29,16,22,False,True,True,2.6,27,False,False
0.2577744171719615,48.148148148148145,13111.946267497377,13.667068967911645,27,9,15,14,3.9,0.74,9,10:22,14:50,0.62,0.0075,30,79,31,16,19,False,False,False,3.0,20,True,False
0.14865179764228895,44.21768707482993,117625.66510445214,59.024570271314545,294,8,14,28,4.07,1.22,7,10:13,15:04,0.69,0.0076,18,80,20,10,19,True,True,True,2.9,117,True,False
0.34972818073521605,46.875,22573.43500105219,21.648430152958483,32,9,14,10,4.05,1.88,9,10:58,14:44,0.67,0.0135,12,80,31,11,18,False,True,True,1.0,83,True,True
0.2635786337559575,46.666666666666664,4715.862963101921,9.024761158053144,15,9,15,24,1.84,0.55,5,09:18,14:14,0.52,0.0058,16,72,29,19,29,True,False,False,1.3,21,False,True
0.7430477546076698,66.66666666666666,7712.177565790786,8.93433843979306,6,8,20,30,2.48,1.72,5,09:59,13:31,0.56,0.0061,17,65,20,14,18,True,False,True,2.7,113,True,True
-0.02575650061532543,44.61538461538462,-4237.042698285641,102.23271756557386,195,8,20,14,1.8,1.38,7,10:06,13:47,0.47,0.0084,19,79,20,10,21,False,False,False,1.1,67,False,False
0.007309323725681172,28.125,2123.4730776861616,46.56886552337453,32,8,20,13,3.65,0.55,3,09:45,13:05,0.65,0.0071,13,71,20,14,23,True,False,True,2.3,119,False,True
0.030191660072091564,42.42424242424242,8935.176278548308,63.60696088992219,132,10,20,29,2.61,1.35,2,10:58,14:08,0.52,0.0101,11,74,27,10,20,True,False,True,2.4,101,False,False
0.12035295943913953,54.347826086956516,7378.377567131862,28.285839034828204,46,5,8,17,2.88,1.32,2,10:24,14:23,0.46,0.0149,23,74,30,15,28,False,True,True,1.5,83,True,True
0.28874200696486557,53.07692307692308,79843.30858887073,17.534261876249843,130,8,14,10,4.69,1.32,4,10:17,14:51,0.53,0.0089,14,79,29,14,24,False,False,True,2.3,99,True,False
0.15550813477621372,50.495049504950494,17788.510609788063,24.045877704127623,101,9,14,23,1.53,0.83,2,10:24,14:07,0.5,0.0113,15,66,25,14,24,False,True,True,2.0,96,False,False
0,0.0,-70.7350000001752,4.878566271368979,2,9,21,12,3.48,1.46,5,09:33,13:29,0.43,0.0107,20,76,35,19,27,True,True,False,1.6,104,True,False
0.1569988704196839,62.5,6214.809198554722,32.37250939636635,24,8,20,28,1.72,1.64,3,10:51,13:04,0.51,0.0111,12,65,30,19,22,False,False,False,2.6,76,False,True
0.06384382621489483,52.17391304347826,7120.316548453007,44.70556772138446,92,8,14,29,1.84,1.45,9,10:50,13:10,0.44,0.0109,10,80,29,20,19,False,False,False,1.4,116,True,False
0.08044725181584142,51.35135135135135,5275.933686240609,30.57995145816495,37,9,14,21,2.9,1.38,3,10:25,13:21,0.43,0.012,24,78,23,10,27,True,False,False,2.0,89,True,False
0.10070413266424832,41.02564102564102,23088.38823605307,42.76474179786559,117,9,15,11,2.52,1.12,9,09:59,13:48,0.65,0.0103,28,74,28,18,19,True,False,True,2.3,100,True,False
0.1343423691239958,48.148148148148145,52937.66277069406,28.495869789490985,216,9,14,10,4.43,1.51,8,09:58,15:13,0.46,0.0146,26,71,32,11,19,False,False,True,2.0,60,False,True
0.09647375667113249,34.04255319148936,5612.194833126428,41.34801489911622,47,8,14,22,3.24,0.55,7,10:09,15:13,0.55,0.013,14,65,20,14,24,True,False,False,1.9,98,True,True
0.3544152746554627,52.63157894736842,7410.85779781083,10.917427613582031,19,9,15,26,3.54,0.95,7,10:45,14:34,0.41,0.0079,15,67,32,15,27,True,False,False,1.4,37,False,True
0.058128596812005,47.61904761904761,12546.936953293844,54.62575835577237,126,9,14,20,4.33,1.5,5,10:02,14:53,0.5,0.01,24,74,28,13,24,True,False,True,1.9,45,False,False
-0.08721010766404705,41.07142857142857,-18001.297092392866,114.93828978996596,112,8,20,21,2.44,1.43,7,10:14,14:31,0.58,0.0135,18,73,20,13,22,True,True,False,1.5,114,True,False
-0.1250677251083666,46.15384615384615,-3539.1780037900826,40.34786952204964,13,10,20,25,2.79,1.74,7,10:01,13:34,0.63,0.0109,27,72,34,16,22,False,True,False,1.6,113,True,True
0.16726824848676966,57.89473684210527,15729.272436239116,46.646278123108644,38,9,15,26,2.19,1.92,10,10:32,14:20,0.68,0.013,19,77,35,15,23,True,False,False,1.4,117,False,True
0.27463552187868484,46.89265536723164,76901.03608975277,18.89561672116128,177,5,8,13,4.67,0.8,3,10:04,13:28,0.45,0.007,15,77,29,12,27,True,False,True,2.0,107,True,False
0.028846196126870675,47.82608695652174,842.7682744377671,21.10936415731784,23,8,14,26,2.12,1.84,10,10:25,14:58,0.54,0.0072,12,77,23,14,29,True,True,False,1.5,42,False,True
-0.017946682518227303,40.0,-177.26903266498994,12.779697698462641,5,10,20,22,1.89,1.41,5,09:45,13:11,0.61,0.0149,13,76,29,18,27,True,True,True,2.4,39,True,True
-0.5858569087088916,26.666666666666668,-6350.30144444028,40.29096526813029,15,8,20,25,1.64,0.86,2,10:26,14:53,0.51,0.0074,27,77,34,11,28,False,True,False,2.3,43,True,False
-0.21231768128182493,33.33333333333333,-27237.079469022472,177.2335179246064,72,10,20,29,4.72,1.09,5,09:49,14:13,0.69,0.0144,28,79,26,16,23,True,False,False,3.0,51,False,False
-0.07566440551635953,41.284403669724774,-9984.097234322795,81.48454651460509,109,9,14,20,1.76,0.99,2,10:12,14:37,0.45,0.0147,22,68,32,10,26,True,True,False,2.4,44,False,False
0.14438093227073237,52.77777777777778,11442.555295649414,33.77369001570881,36,9,14,11,2.81,1.26,7,10:55,13:31,0.67,0.0083,14,74,28,13,19,True,False,False,1.3,73,True,False
0.09960101429986261,51.724137931034484,21393.55766652547,38.64748125270206,174,8,14,20,2.41,1.32,9,09:51,14:56,0.43,0.0129,20,75,23,14,24,False,False,False,1.6,56,False,False
-1.2765594903889363,11.11111111111111,-6757.281591982566,35.40689829501337,9,8,14,18,4.59,0.71,3,09:18,14:58,0.56,0.015,25,79,27,16,29,False,False,True,2.7,82,True,True
0.006864895172642802,42.93785310734463,11261.226107342907,222.3999218801083,177,10,20,20,3.53,1.62,2,09:26,13:56,0.7,0.013,26,79,34,13,20,True,True,True,1.9,27,False,False
0.24867380284605775,44.44444444444444,5828.635344851136,19.61101104073197,18,9,14,18,4.66,0.65,7,10:31,13:37,0.42,0.0106,16,68,26,14,22,False,False,False,2.1,43,True,True
0.27146284169681506,46.42857142857143,24695.459984698253,35.201663960819744,28,10,20,26,4.62,1.36,3,09:41,14:53,0.6,0.0069,19,73,29,10,23,True,True,True,2.5,116,True,False
0.28697594718225233,57.23684210526315,76999.37907970538,30.10804630229536,152,5,8,20,3.57,1.13,3,10:34,14:10,0.63,0.0077,10,72,31,15,19,True,True,False,2.7,45,True,True
0.09005811345491666,53.69978858350951,71197.54151929526,58.32915920599334,473,5,8,13,1.6,1.87,1,09:17,14:34,0.58,0.0123,27,79,34,15,20,False,True,True,2.3,38,True,False
0.15174893299905115,56.41025641025641,12760.173700425381,29.915672594042793,39,10,20,17,3.22,1.36,1,09:27,13:16,0.45,0.0124,23,79,21,12,22,False,True,False,1.7,47,True,True
0.1127320314564603,42.168674698795186,18699.029780502373,91.18694482759305,83,9,14,14,3.59,1.17,2,09:31,13:54,0.41,0.0058,17,77,34,11,23,True,False,False,1.8,70,False,False
0.269779274809595,25.0,1934.9736952697276,14.558665098702308,4,9,21,17,3.58,0.68,5,10:42,13:18,0.67,0.007,27,66,24,20,25,False,False,True,2.6,34,True,True
0.06419520707091625,45.83333333333333,2689.7942406051843,50.64595656609215,24,9,14,24,2.88,1.3,3,09:15,13:29,0.51,0.009,28,69,22,15,27,True,True,False,2.0,38,True,False
0.13552342726835215,58.18181818181818,13269.32586652843,40.55949460651639,55,9,14,26,2.46,1.95,5,10:13,14:12,0.52,0.0064,25,75,21,13,27,False,True,False,1.1,78,False,False
0.2308599263137144,60.0,28333.82002448767,27.638721290928842,55,8,20,12,3.21,1.66,3,09:28,14:51,0.54,0.0097,14,66,35,11,25,True,True,True,2.1,41,True,False
0.06668353665492935,53.16455696202531,10049.28392664175,43.237955503876925,79,5,8,30,2.61,1.45,9,09:56,13:04,0.48,0.013,15,68,21,13,30,True,False,False,2.0,59,False,True
0.1623744151666911,48.4375,22558.564610045265,43.365237769341135,64,8,20,11,2.18,1.33,10,10:23,14:57,0.64,0.0122,24,69,35,10,22,True,True,True,1.3,87,True,True
0.06040724628961544,33.33333333333333,6844.473428139616,53.487171355145534,39,9,15,21,2.71,0.73,8,09:53,13:28,0.69,0.0081,24,75,23,10,26,True,True,False,1.2,111,False,True
0.281960395260762,51.06382978723404,27539.157011727948,20.546950744659156,47,9,15,17,4.69,1.02,3,10:38,15:00,0.53,0.0074,20,79,21,12,25,True,True,True,2.5,114,True,False
-0.30893030814413297,36.11111111111111,-16313.22908160056,110.53350977119602,36,8,20,28,4.11,1.31,5,10:09,13:43,0.69,0.0098,26,75,22,11,29,True,True,False,1.6,33,False,False
-0.01806335412060149,45.3125,-1052.5606988566615,45.10918273710339,64,9,21,17,4.23,1.99,1,10:17,15:13,0.45,0.0125,12,69,23,16,22,False,True,True,2.3,28,True,False
-17.24365273514966,0.0,-2052.5366731886206,10.262683365943104,2,10,20,18,1.69,1.32,6,09:40,14:02,0.53,0.009,10,65,28,20,27,True,False,False,2.2,109,True,False
0.13081965358524078,58.06451612903226,18703.590025355952,65.77139491834285,62,9,21,22,2.07,1.67,3,10:02,13:00,0.55,0.0135,14,69,31,10,22,False,False,True,2.6,75,False,True
-0.34727783166558884,41.66666666666667,-21379.718811113707,111.3056701406544,36,9,21,11,1.92,1.62,3,10:39,14:33,0.68,0.0092,27,79,22,11,28,True,True,True,1.8,34,False,False
-0.12043894885388857,32.075471698113205,-6649.387285429695,61.80889640114926,53,10,20,21,1.91,0.81,8,10:45,14:08,0.57,0.0149,13,78,33,17,19,False,True,True,1.4,64,False,True
-0.23279377966544135,32.0,-6567.85662629939,44.81200130116297,25,9,21,28,2.5,1.95,10,10:51,13:57,0.68,0.0082,12,78,28,20,28,True,False,True,2.8,17,False,False
0.046873845162542914,40.0,3502.6495851446343,39.88755979626158,35,10,20,21,2.08,1.04,4,09:56,14:07,0.58,0.0069,30,78,29,10,26,False,False,False,1.3,96,False,True
0.052769295275150854,43.47826086956522,2247.738665052315,28.118289581585916,23,9,21,16,3.87,0.73,1,10:41,14:52,0.66,0.0147,13,73,32,19,23,False,False,False,3.0,41,True,True
-0.20899683734934627,29.629629629629626,-4833.566685831249,36.36483246464864,27,8,14,13,1.8,0.65,1,10:28,14:28,0.51,0.0108,25,77,34,14,28,False,True,True,1.7,24,False,True
0.29740907271444394,42.10526315789473,11549.236729315235,19.70434184985783,19,8,14,19,3.5,0.84,6,10:51,13:19,0.58,0.0086,29,69,23,12,18,False,False,True,2.3,70,True,False
0.04066481988495907,40.625,2572.7804996418527,30.531979744512615,64,8,14,23,2.1,0.68,2,09:47,14:46,0.63,0.0079,29,70,21,18,25,True,False,False,2.0,29,False,True
-0.05377203520926767,50.0,-523.1442161403538,45.069464646687045,14,9,14,22,4.76,1.84,7,09:37,13:17,0.63,0.0102,28,79,33,19,26,True,True,False,1.7,108,True,True
0.19804550325577702,55.81395348837209,14820.75311953274,25.06087546322214,43,9,15,16,4.8,1.73,1,10:09,13:55,0.57,0.0103,20,79,33,15,28,False,True,True,2.1,119,True,False
0.06552690437781888,50.0,6812.745992727534,49.07143611758318,36,9,14,17,3.46,1.74,4,10:20,13:09,0.48,0.0068,17,78,25,13,22,True,True,False,3.0,120,False,True
0.16280206460824012,50.0,2343.5993378304156,17.189452370709986,6,10,20,10,2.69,1.46,8,10:37,14:00,0.65,0.0099,29,69,30,12,29,False,True,False,2.0,108,False,True
0.3309740205086751,63.934426229508205,37162.82861390048,20.04707939320788,61,9,15,13,3.77,1.8,9,09:40,14:13,0.41,0.0116,30,78,27,11,19,True,False,False,2.0,63,True,True
0.03464202296217165,41.509433962264154,1685.402139023925,61.29485714834677,53,9,14,25,2.51,1.0,10,09:47,13:02,0.66,0.01,19,76,22,14,28,True,False,True,1.4,91,False,False
0.16582683612783475,57.67790262172284,82252.59132644614,43.948830052030715,267,5,8,25,1.63,1.96,4,10:47,14:12,0.65,0.0077,10,65,28,15,18,False,False,False,1.0,95,True,False
-0.014953170823786948,57.14285714285714,-397.28428075073316,22.310071679685343,49,5,8,19,1.56,1.86,3,10:46,15:01,0.41,0.0051,21,76,21,15,22,False,True,True,2.0,15,True,False
-0.5778411414949881,33.33333333333333,-1937.3605432037511,23.058864330785223,3,9,21,27,4.55,1.38,7,10:26,14:33,0.48,0.0074,15,76,30,14,20,True,False,False,2.7,119,True,True
0.045893709123065556,47.706422018348626,6744.023125945529,37.06770599742415,109,9,15,14,3.76,1.25,1,09:56,15:06,0.47,0.0149,15,80,31,19,25,True,True,True,1.8,50,False,False
0.15024948424408724,46.42857142857143,6959.9954471991,26.176264481654066,28,8,14,15,3.61,1.5,6,09:36,13:46,0.48,0.0067,20,72,29,17,28,True,False,True,1.2,83,False,True
0.5430532331340137,60.0,12130.77591827215,10.789522607552977,15,8,14,18,3.36,1.31,10,09:25,13:54,0.47,0.0101,11,69,26,15,22,True,True,True,1.4,50,True,False
0.049263059451064364,45.45454545454545,1533.2472239735835,32.61881987609203,22,8,14,30,2.23,1.57,9,10:59,14:41,0.57,0.0087,11,67,22,10,27,True,False,False,2.3,101,False,True
0.04653992262285437,52.475247524752476,10606.750073871084,64.249764536991,101,8,20,29,1.58,1.54,5,09:55,13:55,0.62,0.0127,20,72,28,16,18,False,True,True,2.2,101,False,True
-0.033838111953433336,51.02040816326531,-4453.813241025344,60.90438559820217,49,9,15,13,3.99,1.7,7,10:19,14:05,0.61,0.0103,27,74,22,13,29,False,True,False,2.6,69,False,False
-0.09401931490916957,40.816326530612244,-5590.9917794991725,44.15834465202408,49,8,14,23,4.55,1.06,2,10:16,13:11,0.49,0.0071,29,70,24,19,23,False,False,True,2.6,21,False,True
0.07315136013268916,32.25806451612903,2678.113426740736,24.030604085793644,31,9,15,23,4.62,0.54,3,10:50,13:45,0.55,0.0074,24,74,35,14,29,True,False,True,1.9,25,True,False
-0.32490508020746106,52.0,-13837.237429533949,79.85323806293081,25,8,20,15,3.84,1.91,6,09:51,13:13,0.47,0.0123,15,68,35,18,29,True,True,False,2.0,91,True,False
-2.2462045303461955,0.0,-4367.563730569182,22.19509875934288,2,9,14,13,1.53,2.0,7,09:36,13:50,0.64,0.0126,18,73,33,11,28,False,True,True,1.4,90,True,True
0.16064779126630427,55.84415584415584,22703.707935195947,34.68655280591549,77,8,14,27,2.03,1.2,1,09:51,14:01,0.66,0.0082,24,68,26,16,28,True,True,True,2.9,107,False,False
-0.16962377315319385,30.0,-2596.1464213662075,23.880933471190943,10,5,8,12,3.47,1.45,1,10:26,14:34,0.49,0.0053,19,68,22,15,26,False,False,False,1.6,34,True,False
-0.1733878161969109,38.297872340425535,-15621.687165849817,80.89004529229834,47,9,21,12,1.68,1.27,4,09:51,15:02,0.63,0.011,27,65,29,10,27,False,True,True,2.8,72,False,True
0.10426521585696463,37.5,2241.961736954403,22.686873766890848,16,8,14,17,2.94,0.8,5,09:48,15:01,0.66,0.0144,15,68,21,18,27,False,False,False,2.2,46,True,True
0.23342013519612897,57.971014492753625,20125.102772383158,28.334652328808062,69,8,20,21,4.4,1.03,7,10:24,15:14,0.45,0.0099,19,78,27,19,23,True,True,False,2.7,54,True,False
-0.06503137060268095,38.35616438356164,-6532.443846248585,72.14965444968698,73,9,15,22,3.48,1.23,1,10:31,13:01,0.55,0.0135,13,75,32,16,23,True,True,True,1.1,102,False,False
0.01623319537102222,50.0,146.72901015065509,11.332621436852056,16,8,14,14,3.58,1.73,9,09:49,13:12,0.42,0.0051,30,69,20,17,25,False,True,True,2.0,24,False,False
